country,date,excess_per_million_weekly,excess_per_million_monthly,excess_per_100k_daily_owid,excess_per_100k_daily_economist
AE,2020-01-01,NA,NA,NA,-0.00558976700000032
AE,2020-01-02,NA,NA,NA,-0.00558976700000032
AE,2020-01-03,NA,NA,NA,-0.00558976700000032
AE,2020-01-04,NA,NA,NA,-0.00558976700000032
AE,2020-01-05,NA,NA,NA,-0.00558976700000032
AE,2020-01-06,NA,NA,NA,-0.00558976700000032
AE,2020-01-07,NA,NA,NA,-0.00558976700000032
AE,2020-01-08,NA,NA,NA,-0.00558976700000032
AE,2020-01-09,NA,NA,NA,-0.00558976700000032
AE,2020-01-10,NA,NA,NA,-0.00558976700000032
AE,2020-01-11,NA,NA,NA,-0.00558976700000032
AE,2020-01-12,NA,NA,NA,-0.00558976700000032
AE,2020-01-13,NA,NA,NA,-0.00558976700000032
AE,2020-01-14,NA,NA,NA,-0.00558976700000032
AE,2020-01-15,NA,NA,NA,-0.00558976700000032
AE,2020-01-16,NA,NA,NA,-0.00558976700000032
AE,2020-01-17,NA,NA,NA,-0.00558976700000032
AE,2020-01-18,NA,NA,NA,-0.00558976700000032
AE,2020-01-19,NA,NA,NA,-0.00558976700000032
AE,2020-01-20,NA,NA,NA,-0.0105146340000003
AE,2020-01-21,NA,NA,NA,-0.0105146340000003
AE,2020-01-22,NA,NA,NA,-0.0105146340000003
AE,2020-01-23,NA,NA,NA,-0.0105146340000003
AE,2020-01-24,NA,NA,NA,-0.0105146340000003
AE,2020-01-25,NA,NA,NA,-0.0105146340000003
AE,2020-01-26,NA,NA,NA,-0.0105146340000003
AE,2020-01-27,NA,NA,NA,-0.0105146340000003
AE,2020-01-28,NA,NA,NA,-0.0105146340000003
AE,2020-01-29,NA,NA,NA,-0.0105146340000003
AE,2020-01-30,NA,NA,NA,-0.0105146340000003
AE,2020-01-31,NA,NA,NA,-0.0105146340000003
AE,2020-02-01,NA,NA,NA,-0.0105146340000003
AE,2020-02-02,NA,NA,NA,-0.0105146340000003
AE,2020-02-03,NA,NA,NA,-0.0105146340000003
AE,2020-02-04,NA,NA,NA,-0.0105146340000003
AE,2020-02-05,NA,NA,NA,-0.0105146340000003
AE,2020-02-06,NA,NA,NA,-0.0105146340000003
AE,2020-02-07,NA,NA,NA,-0.0105146340000003
AE,2020-02-08,NA,NA,NA,-0.0105146340000003
AE,2020-02-09,NA,NA,NA,-0.0105146340000003
AE,2020-02-10,NA,NA,NA,-0.0208930280000003
AE,2020-02-11,NA,NA,NA,-0.0208930280000003
AE,2020-02-12,NA,NA,NA,-0.0208930280000003
AE,2020-02-13,NA,NA,NA,-0.0208930280000003
AE,2020-02-14,NA,NA,NA,-0.0208930280000003
AE,2020-02-15,NA,NA,NA,-0.0208930280000003
AE,2020-02-16,NA,NA,NA,-0.0208930280000003
AE,2020-02-17,NA,NA,NA,-0.0215061980000003
AE,2020-02-18,NA,NA,NA,-0.0215061980000003
AE,2020-02-19,NA,NA,NA,-0.0215061980000003
AE,2020-02-20,NA,NA,NA,-0.0215061980000003
AE,2020-02-21,NA,NA,NA,-0.0215061980000003
AE,2020-02-22,NA,NA,NA,-0.0215061980000003
AE,2020-02-23,NA,NA,NA,-0.0215061980000003
AE,2020-02-24,NA,NA,NA,-0.0239196140000003
AE,2020-02-25,NA,NA,NA,-0.0239196140000003
AE,2020-02-26,NA,NA,NA,-0.0239196140000003
AE,2020-02-27,NA,NA,NA,-0.0239196140000003
AE,2020-02-28,NA,NA,NA,-0.0239196140000003
AE,2020-02-29,NA,NA,NA,-0.0239196140000003
AE,2020-03-01,NA,NA,NA,-0.0239196140000003
AE,2020-03-02,NA,NA,NA,-0.0276329590000004
AE,2020-03-03,NA,NA,NA,-0.0276329590000004
AE,2020-03-04,NA,NA,NA,-0.0276329590000004
AE,2020-03-05,NA,NA,NA,-0.0276329590000004
AE,2020-03-06,NA,NA,NA,-0.0276329590000004
AE,2020-03-07,NA,NA,NA,-0.0276329590000004
AE,2020-03-08,NA,NA,NA,-0.0276329590000004
AE,2020-03-09,NA,NA,NA,-0.00753679300000027
AE,2020-03-10,NA,NA,NA,-0.00753679300000027
AE,2020-03-11,NA,NA,NA,-0.00753679300000027
AE,2020-03-12,NA,NA,NA,-0.00753679300000027
AE,2020-03-13,NA,NA,NA,-0.00753679300000027
AE,2020-03-14,NA,NA,NA,-0.00753679300000027
AE,2020-03-15,NA,NA,NA,-0.00753679300000027
AE,2020-03-16,NA,NA,NA,-0.00302820800000026
AE,2020-03-17,NA,NA,NA,-0.00302820800000026
AE,2020-03-18,NA,NA,NA,-0.00302820800000026
AE,2020-03-19,NA,NA,NA,-0.00302820800000026
AE,2020-03-20,NA,NA,NA,-0.00302820800000026
AE,2020-03-21,NA,NA,NA,-0.00302820800000026
AE,2020-03-22,NA,NA,NA,-0.00302820800000026
AE,2020-03-23,NA,NA,NA,-0.0213480510000003
AE,2020-03-24,NA,NA,NA,-0.0213480510000003
AE,2020-03-25,NA,NA,NA,-0.0213480510000003
AE,2020-03-26,NA,NA,NA,-0.0213480510000003
AE,2020-03-27,NA,NA,NA,-0.0213480510000003
AE,2020-03-28,NA,NA,NA,-0.0213480510000003
AE,2020-03-29,NA,NA,NA,-0.0213480510000003
AE,2020-03-30,NA,NA,NA,-0.00727307900000016
AE,2020-03-31,NA,NA,NA,-0.00727307900000016
AE,2020-04-01,NA,NA,NA,-0.00727307900000016
AE,2020-04-02,NA,NA,NA,-0.00727307900000016
AE,2020-04-03,NA,NA,NA,-0.00727307900000016
AE,2020-04-04,NA,NA,NA,-0.00727307900000016
AE,2020-04-05,NA,NA,NA,-0.00727307900000016
AE,2020-04-06,NA,NA,NA,-0.0144420390000002
AE,2020-04-07,NA,NA,NA,-0.0144420390000002
AE,2020-04-08,NA,NA,NA,-0.0144420390000002
AE,2020-04-09,NA,NA,NA,-0.0144420390000002
AE,2020-04-10,NA,NA,NA,-0.0144420390000002
AE,2020-04-11,NA,NA,NA,-0.0144420390000002
AE,2020-04-12,NA,NA,NA,-0.0144420390000002
AE,2020-04-13,NA,NA,NA,-0.00528328400000022
AE,2020-04-14,NA,NA,NA,-0.00528328400000022
AE,2020-04-15,NA,NA,NA,-0.00528328400000022
AE,2020-04-16,NA,NA,NA,-0.00528328400000022
AE,2020-04-17,NA,NA,NA,-0.00528328400000022
AE,2020-04-18,NA,NA,NA,-0.00528328400000022
AE,2020-04-19,NA,NA,NA,-0.00528328400000022
AE,2020-04-20,NA,NA,NA,0.137495491999999
AE,2020-04-21,NA,NA,NA,0.137495491999999
AE,2020-04-22,NA,NA,NA,0.137495491999999
AE,2020-04-23,NA,NA,NA,0.137495491999999
AE,2020-04-24,NA,NA,NA,0.137495491999999
AE,2020-04-25,NA,NA,NA,0.137495491999999
AE,2020-04-26,NA,NA,NA,0.137495491999999
AE,2020-04-27,NA,NA,NA,0.21308805
AE,2020-04-28,NA,NA,NA,0.21308805
AE,2020-04-29,NA,NA,NA,0.21308805
AE,2020-04-30,NA,NA,NA,0.21308805
AE,2020-05-01,NA,NA,NA,0.21308805
AE,2020-05-02,NA,NA,NA,0.21308805
AE,2020-05-03,NA,NA,NA,0.21308805
AE,2020-05-04,NA,NA,NA,0.233515609
AE,2020-05-05,NA,NA,NA,0.233515609
AE,2020-05-06,NA,NA,NA,0.233515609
AE,2020-05-07,NA,NA,NA,0.233515609
AE,2020-05-08,NA,NA,NA,0.233515609
AE,2020-05-09,NA,NA,NA,0.233515609
AE,2020-05-10,NA,NA,NA,0.233515609
AE,2020-05-11,NA,NA,NA,0.232317006
AE,2020-05-12,NA,NA,NA,0.232317006
AE,2020-05-13,NA,NA,NA,0.232317006
AE,2020-05-14,NA,NA,NA,0.232317006
AE,2020-05-15,NA,NA,NA,0.232317006
AE,2020-05-16,NA,NA,NA,0.232317006
AE,2020-05-17,NA,NA,NA,0.232317006
AE,2020-05-18,NA,NA,NA,0.389056387000001
AE,2020-05-19,NA,NA,NA,0.389056387000001
AE,2020-05-20,NA,NA,NA,0.389056387000001
AE,2020-05-21,NA,NA,NA,0.389056387000001
AE,2020-05-22,NA,NA,NA,0.389056387000001
AE,2020-05-23,NA,NA,NA,0.389056387000001
AE,2020-05-24,NA,NA,NA,0.389056387000001
AE,2020-05-25,NA,NA,NA,0.338879882
AE,2020-05-26,NA,NA,NA,0.338879882
AE,2020-05-27,NA,NA,NA,0.338879882
AE,2020-05-28,NA,NA,NA,0.338879882
AE,2020-05-29,NA,NA,NA,0.338879882
AE,2020-05-30,NA,NA,NA,0.338879882
AE,2020-05-31,NA,NA,NA,0.338879882
AE,2020-06-01,NA,NA,NA,0.281083044
BE,2020-01-01,NA,NA,-0.18581211401156286,0
BE,2020-01-02,NA,NA,-0.18581211401156286,0
BE,2020-01-03,NA,NA,-0.18581211401156286,0
BE,2020-01-04,NA,NA,-0.18581211401156286,0
BE,2020-01-05,-13.0068479808094,NA,-0.18581211401156286,0
BE,2020-01-06,NA,NA,-0.04728199860836186,0
BE,2020-01-07,NA,NA,-0.04728199860836186,0
BE,2020-01-08,NA,NA,-0.04728199860836186,0
BE,2020-01-09,NA,NA,-0.04728199860836186,0
BE,2020-01-10,NA,NA,-0.04728199860836186,0
BE,2020-01-11,NA,NA,-0.04728199860836186,0
BE,2020-01-12,-3.30973990258533,NA,-0.04728199860836186,0
BE,2020-01-13,NA,NA,-0.12735437027758756,0
BE,2020-01-14,NA,NA,-0.12735437027758756,0
BE,2020-01-15,NA,NA,-0.12735437027758756,0
BE,2020-01-16,NA,NA,-0.12735437027758756,0
BE,2020-01-17,NA,NA,-0.12735437027758756,0
BE,2020-01-18,NA,NA,-0.12735437027758756,0
BE,2020-01-19,-8.91480591943113,NA,-0.12735437027758756,0
BE,2020-01-20,NA,NA,-0.26195455332892426,0
BE,2020-01-21,NA,NA,-0.26195455332892426,0
BE,2020-01-22,NA,NA,-0.26195455332892426,0
BE,2020-01-23,NA,NA,-0.26195455332892426,0
BE,2020-01-24,NA,NA,-0.26195455332892426,0
BE,2020-01-25,NA,NA,-0.26195455332892426,0
BE,2020-01-26,-18.3368187330247,NA,-0.26195455332892426,0
BE,2020-01-27,NA,NA,-0.18286466474766427,-0.136233860161729
BE,2020-01-28,NA,NA,-0.18286466474766427,-0.136233860161729
BE,2020-01-29,NA,NA,-0.18286466474766427,-0.136233860161729
BE,2020-01-30,NA,NA,-0.18286466474766427,-0.136233860161729
BE,2020-01-31,NA,NA,-0.18286466474766427,-0.136233860161729
BE,2020-02-01,NA,NA,-0.18286466474766427,-0.136233860161729
BE,2020-02-02,-12.8005265323365,NA,-0.18286466474766427,-0.136233860161729
BE,2020-02-03,NA,NA,-0.3859930431846271,-0.305507508859196
BE,2020-02-04,NA,NA,-0.3859930431846271,-0.305507508859196
BE,2020-02-05,NA,NA,-0.3859930431846271,-0.305507508859196
BE,2020-02-06,NA,NA,-0.3859930431846271,-0.305507508859196
BE,2020-02-07,NA,NA,-0.3859930431846271,-0.305507508859196
BE,2020-02-08,NA,NA,-0.3859930431846271,-0.305507508859196
BE,2020-02-09,-27.0195130229239,NA,-0.3859930431846271,-0.305507508859196
BE,2020-02-10,NA,NA,-0.259743966381,-0.200299944856175
BE,2020-02-11,NA,NA,-0.259743966381,-0.200299944856175
BE,2020-02-12,NA,NA,-0.259743966381,-0.200299944856175
BE,2020-02-13,NA,NA,-0.259743966381,-0.200299944856175
BE,2020-02-14,NA,NA,-0.259743966381,-0.200299944856175
BE,2020-02-15,NA,NA,-0.259743966381,-0.200299944856175
BE,2020-02-16,-18.18207764667,NA,-0.259743966381,-0.200299944856175
BE,2020-02-17,NA,NA,-0.22314647135426857,-0.169802032333898
BE,2020-02-18,NA,NA,-0.22314647135426857,-0.169802032333898
BE,2020-02-19,NA,NA,-0.22314647135426857,-0.169802032333898
BE,2020-02-20,NA,NA,-0.22314647135426857,-0.169802032333898
BE,2020-02-21,NA,NA,-0.22314647135426857,-0.169802032333898
BE,2020-02-22,NA,NA,-0.22314647135426857,-0.169802032333898
BE,2020-02-23,-15.6202529947988,NA,-0.22314647135426857,-0.169802032333898
BE,2020-02-24,NA,NA,-0.3570097920896314,-0.337625759536032
BE,2020-02-25,NA,NA,-0.3570097920896314,-0.337625759536032
BE,2020-02-26,NA,NA,-0.3570097920896314,-0.337625759536032
BE,2020-02-27,NA,NA,-0.3570097920896314,-0.337625759536032
BE,2020-02-28,NA,NA,-0.3570097920896314,-0.337625759536032
BE,2020-02-29,NA,NA,-0.3570097920896314,-0.337625759536032
BE,2020-03-01,-24.9906854462742,NA,-0.3570097920896314,-0.337625759536032
BE,2020-03-02,NA,NA,-0.2894640797919714,-0.270080047238373
BE,2020-03-03,NA,NA,-0.2894640797919714,-0.270080047238373
BE,2020-03-04,NA,NA,-0.2894640797919714,-0.270080047238373
BE,2020-03-05,NA,NA,-0.2894640797919714,-0.270080047238373
BE,2020-03-06,NA,NA,-0.2894640797919714,-0.270080047238373
BE,2020-03-07,NA,NA,-0.2894640797919714,-0.270080047238373
BE,2020-03-08,-20.262485585438,NA,-0.2894640797919714,-0.270080047238373
BE,2020-03-09,NA,NA,-0.129564957225511,-0.110180924671915
BE,2020-03-10,NA,NA,-0.129564957225511,-0.110180924671915
BE,2020-03-11,NA,NA,-0.129564957225511,-0.110180924671915
BE,2020-03-12,NA,NA,-0.129564957225511,-0.110180924671915
BE,2020-03-13,NA,NA,-0.129564957225511,-0.110180924671915
BE,2020-03-14,NA,NA,-0.129564957225511,-0.110180924671915
BE,2020-03-15,-9.06954700578577,NA,-0.129564957225511,-0.110180924671915
BE,2020-03-16,NA,NA,0.29093780442392,0.310321836977518
BE,2020-03-17,NA,NA,0.29093780442392,0.310321836977518
BE,2020-03-18,NA,NA,0.29093780442392,0.310321836977518
BE,2020-03-19,NA,NA,0.29093780442392,0.310321836977518
BE,2020-03-20,NA,NA,0.29093780442392,0.310321836977518
BE,2020-03-21,NA,NA,0.29093780442392,0.310321836977518
BE,2020-03-22,20.3656463096744,NA,0.29093780442392,0.310321836977518
BE,2020-03-23,NA,NA,1.1989977984764586,1.21838183103006
BE,2020-03-24,NA,NA,1.1989977984764586,1.21838183103006
BE,2020-03-25,NA,NA,1.1989977984764586,1.21838183103006
BE,2020-03-26,NA,NA,1.1989977984764586,1.21838183103006
BE,2020-03-27,NA,NA,1.1989977984764586,1.21838183103006
BE,2020-03-28,NA,NA,1.1989977984764586,1.21838183103006
BE,2020-03-29,83.9298458933521,NA,1.1989977984764586,1.21838183103006
BE,2020-03-30,NA,NA,2.3413800090088714,2.36076404156247
BE,2020-03-31,NA,NA,2.3413800090088714,2.36076404156247
BE,2020-04-01,NA,NA,2.3413800090088714,2.36076404156247
BE,2020-04-02,NA,NA,2.3413800090088714,2.36076404156247
BE,2020-04-03,NA,NA,2.3413800090088714,2.36076404156247
BE,2020-04-04,NA,NA,2.3413800090088714,2.36076404156247
BE,2020-04-05,163.896600630621,NA,2.3413800090088714,2.36076404156247
BE,2020-04-06,NA,NA,2.7041618892403143,2.7235459217939
BE,2020-04-07,NA,NA,2.7041618892403143,2.7235459217939
BE,2020-04-08,NA,NA,2.7041618892403143,2.7235459217939
BE,2020-04-09,NA,NA,2.7041618892403143,2.7235459217939
BE,2020-04-10,NA,NA,2.7041618892403143,2.7235459217939
BE,2020-04-11,NA,NA,2.7041618892403143,2.7235459217939
BE,2020-04-12,189.291332246822,NA,2.7041618892403143,2.7235459217939
BE,2020-04-13,NA,NA,2.0345996647915143,2.0539836973451
BE,2020-04-14,NA,NA,2.0345996647915143,2.0539836973451
BE,2020-04-15,NA,NA,2.0345996647915143,2.0539836973451
BE,2020-04-16,NA,NA,2.0345996647915143,2.0539836973451
BE,2020-04-17,NA,NA,2.0345996647915143,2.0539836973451
BE,2020-04-18,NA,NA,2.0345996647915143,2.0539836973451
BE,2020-04-19,142.421976535406,NA,2.0345996647915143,2.0539836973451
BE,2020-04-20,NA,NA,1.2427182958909444,1.26210232844454
BE,2020-04-21,NA,NA,1.2427182958909444,1.26210232844454
BE,2020-04-22,NA,NA,1.2427182958909444,1.26210232844454
BE,2020-04-23,NA,NA,1.2427182958909444,1.26210232844454
BE,2020-04-24,NA,NA,1.2427182958909444,1.26210232844454
BE,2020-04-25,NA,NA,1.2427182958909444,1.26210232844454
BE,2020-04-26,86.9902807123661,NA,1.2427182958909444,1.26210232844454
BE,2020-04-27,NA,NA,0.5181370185160485,0.537521051069647
BE,2020-04-28,NA,NA,0.5181370185160485,0.537521051069647
BE,2020-04-29,NA,NA,0.5181370185160485,0.537521051069647
BE,2020-04-30,NA,NA,0.5181370185160485,0.537521051069647
BE,2020-05-01,NA,NA,0.5181370185160485,0.537521051069647
BE,2020-05-02,NA,NA,0.5181370185160485,0.537521051069647
BE,2020-05-03,36.2695912961234,NA,0.5181370185160485,0.537521051069647
BE,2020-05-04,NA,NA,0.4481350984984729,0.467519131052073
BE,2020-05-05,NA,NA,0.4481350984984729,0.467519131052073
BE,2020-05-06,NA,NA,0.4481350984984729,0.467519131052073
BE,2020-05-07,NA,NA,0.4481350984984729,0.467519131052073
BE,2020-05-08,NA,NA,0.4481350984984729,0.467519131052073
BE,2020-05-09,NA,NA,0.4481350984984729,0.467519131052073
BE,2020-05-10,31.3694568948931,NA,0.4481350984984729,0.467519131052073
BE,2020-05-11,NA,NA,0.080932044371196,0.100316076924795
BE,2020-05-12,NA,NA,0.080932044371196,0.100316076924795
BE,2020-05-13,NA,NA,0.080932044371196,0.100316076924795
BE,2020-05-14,NA,NA,0.080932044371196,0.100316076924795
BE,2020-05-15,NA,NA,0.080932044371196,0.100316076924795
BE,2020-05-16,NA,NA,0.080932044371196,0.100316076924795
BE,2020-05-17,5.66524310598372,NA,0.080932044371196,0.100316076924795
BE,2020-05-18,NA,NA,0.1435653412290257,0.162949373782623
BE,2020-05-19,NA,NA,0.1435653412290257,0.162949373782623
BE,2020-05-20,NA,NA,0.1435653412290257,0.162949373782623
BE,2020-05-21,NA,NA,0.1435653412290257,0.162949373782623
BE,2020-05-22,NA,NA,0.1435653412290257,0.162949373782623
BE,2020-05-23,NA,NA,0.1435653412290257,0.162949373782623
BE,2020-05-24,10.0495738860318,NA,0.1435653412290257,0.162949373782623
BE,2020-05-25,NA,NA,0.06963348885958744,0.0890175214131839
BE,2020-05-26,NA,NA,0.06963348885958744,0.0890175214131839
BE,2020-05-27,NA,NA,0.06963348885958744,0.0890175214131839
BE,2020-05-28,NA,NA,0.06963348885958744,0.0890175214131839
BE,2020-05-29,NA,NA,0.06963348885958744,0.0890175214131839
BE,2020-05-30,NA,NA,0.06963348885958744,0.0890175214131839
BE,2020-05-31,4.87434422017112,NA,0.06963348885958744,0.0890175214131839
BE,2020-06-01,NA,NA,NA,-0.0713728426972596
BF,2020-01-01,NA,NA,NA,-0.0317529670000004
BF,2020-01-02,NA,NA,NA,-0.0317529670000004
BF,2020-01-03,NA,NA,NA,-0.0317529670000004
BF,2020-01-04,NA,NA,NA,-0.0317529670000004
BF,2020-01-05,NA,NA,NA,-0.0317529670000004
BF,2020-01-06,NA,NA,NA,-0.0317529670000004
BF,2020-01-07,NA,NA,NA,-0.0317529670000004
BF,2020-01-08,NA,NA,NA,-0.0317529670000004
BF,2020-01-09,NA,NA,NA,-0.0317529670000004
BF,2020-01-10,NA,NA,NA,-0.0317529670000004
BF,2020-01-11,NA,NA,NA,-0.0317529670000004
BF,2020-01-12,NA,NA,NA,-0.0317529670000004
BF,2020-01-13,NA,NA,NA,-0.0317529670000004
BF,2020-01-14,NA,NA,NA,-0.0317529670000004
BF,2020-01-15,NA,NA,NA,-0.0317529670000004
BF,2020-01-16,NA,NA,NA,-0.0317529670000004
BF,2020-01-17,NA,NA,NA,-0.0317529670000004
BF,2020-01-18,NA,NA,NA,-0.0317529670000004
BF,2020-01-19,NA,NA,NA,-0.0317529670000004
BF,2020-01-20,NA,NA,NA,-0.0316216930000003
BF,2020-01-21,NA,NA,NA,-0.0316216930000003
BF,2020-01-22,NA,NA,NA,-0.0316216930000003
BF,2020-01-23,NA,NA,NA,-0.0316216930000003
BF,2020-01-24,NA,NA,NA,-0.0316216930000003
BF,2020-01-25,NA,NA,NA,-0.0316216930000003
BF,2020-01-26,NA,NA,NA,-0.0316216930000003
BF,2020-01-27,NA,NA,NA,-0.0317529670000004
BF,2020-01-28,NA,NA,NA,-0.0317529670000004
BF,2020-01-29,NA,NA,NA,-0.0317529670000004
BF,2020-01-30,NA,NA,NA,-0.0317529670000004
BF,2020-01-31,NA,NA,NA,-0.0317529670000004
BF,2020-02-01,NA,NA,NA,-0.0317529670000004
BF,2020-02-02,NA,NA,NA,-0.0317529670000004
BF,2020-02-03,NA,NA,NA,-0.0317570490000004
BF,2020-02-04,NA,NA,NA,-0.0317570490000004
BF,2020-02-05,NA,NA,NA,-0.0317570490000004
BF,2020-02-06,NA,NA,NA,-0.0317570490000004
BF,2020-02-07,NA,NA,NA,-0.0317570490000004
BF,2020-02-08,NA,NA,NA,-0.0317570490000004
BF,2020-02-09,NA,NA,NA,-0.0317570490000004
BF,2020-02-10,NA,NA,NA,-0.0337776170000004
BF,2020-02-11,NA,NA,NA,-0.0337776170000004
BF,2020-02-12,NA,NA,NA,-0.0337776170000004
BF,2020-02-13,NA,NA,NA,-0.0337776170000004
BF,2020-02-14,NA,NA,NA,-0.0337776170000004
BF,2020-02-15,NA,NA,NA,-0.0337776170000004
BF,2020-02-16,NA,NA,NA,-0.0337776170000004
BF,2020-02-17,NA,NA,NA,-0.0320787300000003
BF,2020-02-18,NA,NA,NA,-0.0320787300000003
BF,2020-02-19,NA,NA,NA,-0.0320787300000003
BF,2020-02-20,NA,NA,NA,-0.0320787300000003
BF,2020-02-21,NA,NA,NA,-0.0320787300000003
BF,2020-02-22,NA,NA,NA,-0.0320787300000003
BF,2020-02-23,NA,NA,NA,-0.0320787300000003
BF,2020-02-24,NA,NA,NA,-0.0383257870000003
BF,2020-02-25,NA,NA,NA,-0.0383257870000003
BF,2020-02-26,NA,NA,NA,-0.0383257870000003
BF,2020-02-27,NA,NA,NA,-0.0383257870000003
BF,2020-02-28,NA,NA,NA,-0.0383257870000003
BF,2020-02-29,NA,NA,NA,-0.0383257870000003
BF,2020-03-01,NA,NA,NA,-0.0383257870000003
BF,2020-03-02,NA,NA,NA,-0.108613042
BF,2020-03-03,NA,NA,NA,-0.108613042
BF,2020-03-04,NA,NA,NA,-0.108613042
BF,2020-03-05,NA,NA,NA,-0.108613042
BF,2020-03-06,NA,NA,NA,-0.108613042
BF,2020-03-07,NA,NA,NA,-0.108613042
BF,2020-03-08,NA,NA,NA,-0.108613042
BF,2020-03-09,NA,NA,NA,0.0286641019999997
BF,2020-03-10,NA,NA,NA,0.0286641019999997
BF,2020-03-11,NA,NA,NA,0.0286641019999997
BF,2020-03-12,NA,NA,NA,0.0286641019999997
BF,2020-03-13,NA,NA,NA,0.0286641019999997
BF,2020-03-14,NA,NA,NA,0.0286641019999997
BF,2020-03-15,NA,NA,NA,0.0286641019999997
BF,2020-03-16,NA,NA,NA,0.143321924
BF,2020-03-17,NA,NA,NA,0.143321924
BF,2020-03-18,NA,NA,NA,0.143321924
BF,2020-03-19,NA,NA,NA,0.143321924
BF,2020-03-20,NA,NA,NA,0.143321924
BF,2020-03-21,NA,NA,NA,0.143321924
BF,2020-03-22,NA,NA,NA,0.143321924
BF,2020-03-23,NA,NA,NA,0.0666033599999997
BF,2020-03-24,NA,NA,NA,0.0666033599999997
BF,2020-03-25,NA,NA,NA,0.0666033599999997
BF,2020-03-26,NA,NA,NA,0.0666033599999997
BF,2020-03-27,NA,NA,NA,0.0666033599999997
BF,2020-03-28,NA,NA,NA,0.0666033599999997
BF,2020-03-29,NA,NA,NA,0.0666033599999997
BF,2020-03-30,NA,NA,NA,0.0565165179999997
BF,2020-03-31,NA,NA,NA,0.0565165179999997
BF,2020-04-01,NA,NA,NA,0.0565165179999997
BF,2020-04-02,NA,NA,NA,0.0565165179999997
BF,2020-04-03,NA,NA,NA,0.0565165179999997
BF,2020-04-04,NA,NA,NA,0.0565165179999997
BF,2020-04-05,NA,NA,NA,0.0565165179999997
BF,2020-04-06,NA,NA,NA,0.0712273309999996
BF,2020-04-07,NA,NA,NA,0.0712273309999996
BF,2020-04-08,NA,NA,NA,0.0712273309999996
BF,2020-04-09,NA,NA,NA,0.0712273309999996
BF,2020-04-10,NA,NA,NA,0.0712273309999996
BF,2020-04-11,NA,NA,NA,0.0712273309999996
BF,2020-04-12,NA,NA,NA,0.0712273309999996
BF,2020-04-13,NA,NA,NA,0.0663914689999997
BF,2020-04-14,NA,NA,NA,0.0663914689999997
BF,2020-04-15,NA,NA,NA,0.0663914689999997
BF,2020-04-16,NA,NA,NA,0.0663914689999997
BF,2020-04-17,NA,NA,NA,0.0663914689999997
BF,2020-04-18,NA,NA,NA,0.0663914689999997
BF,2020-04-19,NA,NA,NA,0.0663914689999997
BF,2020-04-20,NA,NA,NA,0.0503928789999997
BF,2020-04-21,NA,NA,NA,0.0503928789999997
BF,2020-04-22,NA,NA,NA,0.0503928789999997
BF,2020-04-23,NA,NA,NA,0.0503928789999997
BF,2020-04-24,NA,NA,NA,0.0503928789999997
BF,2020-04-25,NA,NA,NA,0.0503928789999997
BF,2020-04-26,NA,NA,NA,0.0503928789999997
BF,2020-04-27,NA,NA,NA,0.0515812719999998
BF,2020-04-28,NA,NA,NA,0.0515812719999998
BF,2020-04-29,NA,NA,NA,0.0515812719999998
BF,2020-04-30,NA,NA,NA,0.0515812719999998
BF,2020-05-01,NA,NA,NA,0.0515812719999998
BF,2020-05-02,NA,NA,NA,0.0515812719999998
BF,2020-05-03,NA,NA,NA,0.0515812719999998
BF,2020-05-04,NA,NA,NA,0.0629101769999997
BF,2020-05-05,NA,NA,NA,0.0629101769999997
BF,2020-05-06,NA,NA,NA,0.0629101769999997
BF,2020-05-07,NA,NA,NA,0.0629101769999997
BF,2020-05-08,NA,NA,NA,0.0629101769999997
BF,2020-05-09,NA,NA,NA,0.0629101769999997
BF,2020-05-10,NA,NA,NA,0.0629101769999997
BF,2020-05-11,NA,NA,NA,0.0713977329999997
BF,2020-05-12,NA,NA,NA,0.0713977329999997
BF,2020-05-13,NA,NA,NA,0.0713977329999997
BF,2020-05-14,NA,NA,NA,0.0713977329999997
BF,2020-05-15,NA,NA,NA,0.0713977329999997
BF,2020-05-16,NA,NA,NA,0.0713977329999997
BF,2020-05-17,NA,NA,NA,0.0713977329999997
BF,2020-05-18,NA,NA,NA,0.0699275189999997
BF,2020-05-19,NA,NA,NA,0.0699275189999997
BF,2020-05-20,NA,NA,NA,0.0699275189999997
BF,2020-05-21,NA,NA,NA,0.0699275189999997
BF,2020-05-22,NA,NA,NA,0.0699275189999997
BF,2020-05-23,NA,NA,NA,0.0699275189999997
BF,2020-05-24,NA,NA,NA,0.0699275189999997
BF,2020-05-25,NA,NA,NA,-0.0451571180000003
BF,2020-05-26,NA,NA,NA,-0.0451571180000003
BF,2020-05-27,NA,NA,NA,-0.0451571180000003
BF,2020-05-28,NA,NA,NA,-0.0451571180000003
BF,2020-05-29,NA,NA,NA,-0.0451571180000003
BF,2020-05-30,NA,NA,NA,-0.0451571180000003
BF,2020-05-31,NA,NA,NA,-0.0451571180000003
BF,2020-06-01,NA,NA,NA,-0.146504171000001
BJ,2020-01-01,NA,NA,NA,-0.0312093670000003
BJ,2020-01-02,NA,NA,NA,-0.0312093670000003
BJ,2020-01-03,NA,NA,NA,-0.0312093670000003
BJ,2020-01-04,NA,NA,NA,-0.0312093670000003
BJ,2020-01-05,NA,NA,NA,-0.0312093670000003
BJ,2020-01-06,NA,NA,NA,-0.0312093670000003
BJ,2020-01-07,NA,NA,NA,-0.0312093670000003
BJ,2020-01-08,NA,NA,NA,-0.0312093670000003
BJ,2020-01-09,NA,NA,NA,-0.0312093670000003
BJ,2020-01-10,NA,NA,NA,-0.0312093670000003
BJ,2020-01-11,NA,NA,NA,-0.0312093670000003
BJ,2020-01-12,NA,NA,NA,-0.0312093670000003
BJ,2020-01-13,NA,NA,NA,-0.0312093670000003
BJ,2020-01-14,NA,NA,NA,-0.0312093670000003
BJ,2020-01-15,NA,NA,NA,-0.0312093670000003
BJ,2020-01-16,NA,NA,NA,-0.0312093670000003
BJ,2020-01-17,NA,NA,NA,-0.0312093670000003
BJ,2020-01-18,NA,NA,NA,-0.0312093670000003
BJ,2020-01-19,NA,NA,NA,-0.0312093670000003
BJ,2020-01-20,NA,NA,NA,-0.0310780930000003
BJ,2020-01-21,NA,NA,NA,-0.0310780930000003
BJ,2020-01-22,NA,NA,NA,-0.0310780930000003
BJ,2020-01-23,NA,NA,NA,-0.0310780930000003
BJ,2020-01-24,NA,NA,NA,-0.0310780930000003
BJ,2020-01-25,NA,NA,NA,-0.0310780930000003
BJ,2020-01-26,NA,NA,NA,-0.0310780930000003
BJ,2020-01-27,NA,NA,NA,-0.0312093670000003
BJ,2020-01-28,NA,NA,NA,-0.0312093670000003
BJ,2020-01-29,NA,NA,NA,-0.0312093670000003
BJ,2020-01-30,NA,NA,NA,-0.0312093670000003
BJ,2020-01-31,NA,NA,NA,-0.0312093670000003
BJ,2020-02-01,NA,NA,NA,-0.0312093670000003
BJ,2020-02-02,NA,NA,NA,-0.0312093670000003
BJ,2020-02-03,NA,NA,NA,-0.0312134490000003
BJ,2020-02-04,NA,NA,NA,-0.0312134490000003
BJ,2020-02-05,NA,NA,NA,-0.0312134490000003
BJ,2020-02-06,NA,NA,NA,-0.0312134490000003
BJ,2020-02-07,NA,NA,NA,-0.0312134490000003
BJ,2020-02-08,NA,NA,NA,-0.0312134490000003
BJ,2020-02-09,NA,NA,NA,-0.0312134490000003
BJ,2020-02-10,NA,NA,NA,-0.0333483900000004
BJ,2020-02-11,NA,NA,NA,-0.0333483900000004
BJ,2020-02-12,NA,NA,NA,-0.0333483900000004
BJ,2020-02-13,NA,NA,NA,-0.0333483900000004
BJ,2020-02-14,NA,NA,NA,-0.0333483900000004
BJ,2020-02-15,NA,NA,NA,-0.0333483900000004
BJ,2020-02-16,NA,NA,NA,-0.0333483900000004
BJ,2020-02-17,NA,NA,NA,-0.0333483900000004
BJ,2020-02-18,NA,NA,NA,-0.0333483900000004
BJ,2020-02-19,NA,NA,NA,-0.0333483900000004
BJ,2020-02-20,NA,NA,NA,-0.0333483900000004
BJ,2020-02-21,NA,NA,NA,-0.0333483900000004
BJ,2020-02-22,NA,NA,NA,-0.0333483900000004
BJ,2020-02-23,NA,NA,NA,-0.0333483900000004
BJ,2020-02-24,NA,NA,NA,-0.0405239130000003
BJ,2020-02-25,NA,NA,NA,-0.0405239130000003
BJ,2020-02-26,NA,NA,NA,-0.0405239130000003
BJ,2020-02-27,NA,NA,NA,-0.0405239130000003
BJ,2020-02-28,NA,NA,NA,-0.0405239130000003
BJ,2020-02-29,NA,NA,NA,-0.0405239130000003
BJ,2020-03-01,NA,NA,NA,-0.0405239130000003
BJ,2020-03-02,NA,NA,NA,-0.110339542
BJ,2020-03-03,NA,NA,NA,-0.110339542
BJ,2020-03-04,NA,NA,NA,-0.110339542
BJ,2020-03-05,NA,NA,NA,-0.110339542
BJ,2020-03-06,NA,NA,NA,-0.110339542
BJ,2020-03-07,NA,NA,NA,-0.110339542
BJ,2020-03-08,NA,NA,NA,-0.110339542
BJ,2020-03-09,NA,NA,NA,-0.0784372390000003
BJ,2020-03-10,NA,NA,NA,-0.0784372390000003
BJ,2020-03-11,NA,NA,NA,-0.0784372390000003
BJ,2020-03-12,NA,NA,NA,-0.0784372390000003
BJ,2020-03-13,NA,NA,NA,-0.0784372390000003
BJ,2020-03-14,NA,NA,NA,-0.0784372390000003
BJ,2020-03-15,NA,NA,NA,-0.0784372390000003
BJ,2020-03-16,NA,NA,NA,-0.0839993280000002
BJ,2020-03-17,NA,NA,NA,-0.0839993280000002
BJ,2020-03-18,NA,NA,NA,-0.0839993280000002
BJ,2020-03-19,NA,NA,NA,-0.0839993280000002
BJ,2020-03-20,NA,NA,NA,-0.0839993280000002
BJ,2020-03-21,NA,NA,NA,-0.0839993280000002
BJ,2020-03-22,NA,NA,NA,-0.0839993280000002
BJ,2020-03-23,NA,NA,NA,-0.118122646
BJ,2020-03-24,NA,NA,NA,-0.118122646
BJ,2020-03-25,NA,NA,NA,-0.118122646
BJ,2020-03-26,NA,NA,NA,-0.118122646
BJ,2020-03-27,NA,NA,NA,-0.118122646
BJ,2020-03-28,NA,NA,NA,-0.118122646
BJ,2020-03-29,NA,NA,NA,-0.118122646
BJ,2020-03-30,NA,NA,NA,-0.131973935000001
BJ,2020-03-31,NA,NA,NA,-0.131973935000001
BJ,2020-04-01,NA,NA,NA,-0.131973935000001
BJ,2020-04-02,NA,NA,NA,-0.131973935000001
BJ,2020-04-03,NA,NA,NA,-0.131973935000001
BJ,2020-04-04,NA,NA,NA,-0.131973935000001
BJ,2020-04-05,NA,NA,NA,-0.131973935000001
BJ,2020-04-06,NA,NA,NA,-0.131667805000001
BJ,2020-04-07,NA,NA,NA,-0.131667805000001
BJ,2020-04-08,NA,NA,NA,-0.131667805000001
BJ,2020-04-09,NA,NA,NA,-0.131667805000001
BJ,2020-04-10,NA,NA,NA,-0.131667805000001
BJ,2020-04-11,NA,NA,NA,-0.131667805000001
BJ,2020-04-12,NA,NA,NA,-0.131667805000001
BJ,2020-04-13,NA,NA,NA,-0.136503667000001
BJ,2020-04-14,NA,NA,NA,-0.136503667000001
BJ,2020-04-15,NA,NA,NA,-0.136503667000001
BJ,2020-04-16,NA,NA,NA,-0.136503667000001
BJ,2020-04-17,NA,NA,NA,-0.136503667000001
BJ,2020-04-18,NA,NA,NA,-0.136503667000001
BJ,2020-04-19,NA,NA,NA,-0.136503667000001
BJ,2020-04-20,NA,NA,NA,-0.136809797000001
BJ,2020-04-21,NA,NA,NA,-0.136809797000001
BJ,2020-04-22,NA,NA,NA,-0.136809797000001
BJ,2020-04-23,NA,NA,NA,-0.136809797000001
BJ,2020-04-24,NA,NA,NA,-0.136809797000001
BJ,2020-04-25,NA,NA,NA,-0.136809797000001
BJ,2020-04-26,NA,NA,NA,-0.136809797000001
BJ,2020-04-27,NA,NA,NA,-0.126706096
BJ,2020-04-28,NA,NA,NA,-0.126706096
BJ,2020-04-29,NA,NA,NA,-0.126706096
BJ,2020-04-30,NA,NA,NA,-0.126706096
BJ,2020-05-01,NA,NA,NA,-0.126706096
BJ,2020-05-02,NA,NA,NA,-0.126706096
BJ,2020-05-03,NA,NA,NA,-0.126706096
BJ,2020-05-04,NA,NA,NA,-0.135781038000001
BJ,2020-05-05,NA,NA,NA,-0.135781038000001
BJ,2020-05-06,NA,NA,NA,-0.135781038000001
BJ,2020-05-07,NA,NA,NA,-0.135781038000001
BJ,2020-05-08,NA,NA,NA,-0.135781038000001
BJ,2020-05-09,NA,NA,NA,-0.135781038000001
BJ,2020-05-10,NA,NA,NA,-0.135781038000001
BJ,2020-05-11,NA,NA,NA,-0.132639936000001
BJ,2020-05-12,NA,NA,NA,-0.132639936000001
BJ,2020-05-13,NA,NA,NA,-0.132639936000001
BJ,2020-05-14,NA,NA,NA,-0.132639936000001
BJ,2020-05-15,NA,NA,NA,-0.132639936000001
BJ,2020-05-16,NA,NA,NA,-0.132639936000001
BJ,2020-05-17,NA,NA,NA,-0.132639936000001
BJ,2020-05-18,NA,NA,NA,-0.134456153000001
BJ,2020-05-19,NA,NA,NA,-0.134456153000001
BJ,2020-05-20,NA,NA,NA,-0.134456153000001
BJ,2020-05-21,NA,NA,NA,-0.134456153000001
BJ,2020-05-22,NA,NA,NA,-0.134456153000001
BJ,2020-05-23,NA,NA,NA,-0.134456153000001
BJ,2020-05-24,NA,NA,NA,-0.134456153000001
BJ,2020-05-25,NA,NA,NA,-0.142798638000001
BJ,2020-05-26,NA,NA,NA,-0.142798638000001
BJ,2020-05-27,NA,NA,NA,-0.142798638000001
BJ,2020-05-28,NA,NA,NA,-0.142798638000001
BJ,2020-05-29,NA,NA,NA,-0.142798638000001
BJ,2020-05-30,NA,NA,NA,-0.142798638000001
BJ,2020-05-31,NA,NA,NA,-0.142798638000001
BJ,2020-06-01,NA,NA,NA,-0.108247898
CA,2020-01-01,NA,NA,-0.07659243851151715,0
CA,2020-01-02,NA,NA,-0.07659243851151715,0
CA,2020-01-03,NA,NA,-0.07659243851151715,0
CA,2020-01-04,NA,NA,-0.07659243851151715,0
CA,2020-01-05,NA,NA,-0.07659243851151715,0
CA,2020-01-06,NA,NA,-0.07659243851151715,0
CA,2020-01-07,NA,NA,-0.07659243851151715,0
CA,2020-01-08,NA,NA,-0.07659243851151715,0
CA,2020-01-09,NA,NA,-0.07659243851151715,0
CA,2020-01-10,NA,NA,-0.07659243851151715,0
CA,2020-01-11,NA,NA,-0.07659243851151715,0
CA,2020-01-12,-5.3614706958062,NA,-0.07659243851151715,0
CA,2020-01-13,NA,NA,-0.09460535888659229,0
CA,2020-01-14,NA,NA,-0.09460535888659229,0
CA,2020-01-15,NA,NA,-0.09460535888659229,0
CA,2020-01-16,NA,NA,-0.09460535888659229,0
CA,2020-01-17,NA,NA,-0.09460535888659229,0
CA,2020-01-18,NA,NA,-0.09460535888659229,0
CA,2020-01-19,-6.62237512206146,NA,-0.09460535888659229,0
CA,2020-01-20,NA,NA,-0.04657090455305871,0
CA,2020-01-21,NA,NA,-0.04657090455305871,0
CA,2020-01-22,NA,NA,-0.04657090455305871,0
CA,2020-01-23,NA,NA,-0.04657090455305871,0
CA,2020-01-24,NA,NA,-0.04657090455305871,0
CA,2020-01-25,NA,NA,-0.04657090455305871,0
CA,2020-01-26,-3.25996331871411,NA,-0.04657090455305871,0
CA,2020-01-27,NA,NA,-0.08597416787353543,-0.0672308956794603
CA,2020-01-28,NA,NA,-0.08597416787353543,-0.0672308956794603
CA,2020-01-29,NA,NA,-0.08597416787353543,-0.0672308956794603
CA,2020-01-30,NA,NA,-0.08597416787353543,-0.0672308956794603
CA,2020-01-31,NA,NA,-0.08597416787353543,-0.0672308956794603
CA,2020-02-01,NA,NA,-0.08597416787353543,-0.0672308956794603
CA,2020-02-02,-6.01819175114748,NA,-0.08597416787353543,-0.0672308956794603
CA,2020-02-03,NA,NA,-0.06721070914949885,-0.0500310585157592
CA,2020-02-04,NA,NA,-0.06721070914949885,-0.0500310585157592
CA,2020-02-05,NA,NA,-0.06721070914949885,-0.0500310585157592
CA,2020-02-06,NA,NA,-0.06721070914949885,-0.0500310585157592
CA,2020-02-07,NA,NA,-0.06721070914949885,-0.0500310585157592
CA,2020-02-08,NA,NA,-0.06721070914949885,-0.0500310585157592
CA,2020-02-09,-4.70474964046492,NA,-0.06721070914949885,-0.0500310585157592
CA,2020-02-10,NA,NA,-0.12913012293881956,-0.100066948446524
CA,2020-02-11,NA,NA,-0.12913012293881956,-0.100066948446524
CA,2020-02-12,NA,NA,-0.12913012293881956,-0.100066948446524
CA,2020-02-13,NA,NA,-0.12913012293881956,-0.100066948446524
CA,2020-02-14,NA,NA,-0.12913012293881956,-0.100066948446524
CA,2020-02-15,NA,NA,-0.12913012293881956,-0.100066948446524
CA,2020-02-16,-9.03910860571737,NA,-0.12913012293881956,-0.100066948446524
CA,2020-02-17,NA,NA,-0.13100646881122313,-0.10163057000686
CA,2020-02-18,NA,NA,-0.13100646881122313,-0.10163057000686
CA,2020-02-19,NA,NA,-0.13100646881122313,-0.10163057000686
CA,2020-02-20,NA,NA,-0.13100646881122313,-0.10163057000686
CA,2020-02-21,NA,NA,-0.13100646881122313,-0.10163057000686
CA,2020-02-22,NA,NA,-0.13100646881122313,-0.10163057000686
CA,2020-02-23,-9.17045281678562,NA,-0.13100646881122313,-0.10163057000686
CA,2020-02-24,NA,NA,-0.0653343632770953,-0.0581609243465337
CA,2020-02-25,NA,NA,-0.0653343632770953,-0.0581609243465337
CA,2020-02-26,NA,NA,-0.0653343632770953,-0.0581609243465337
CA,2020-02-27,NA,NA,-0.0653343632770953,-0.0581609243465337
CA,2020-02-28,NA,NA,-0.0653343632770953,-0.0581609243465337
CA,2020-02-29,NA,NA,-0.0653343632770953,-0.0581609243465337
CA,2020-03-01,-4.57340542939667,NA,-0.0653343632770953,-0.0581609243465337
CA,2020-03-02,NA,NA,-0.07659243851151715,-0.0656663078361491
CA,2020-03-03,NA,NA,-0.07659243851151715,-0.0656663078361491
CA,2020-03-04,NA,NA,-0.07659243851151715,-0.0656663078361491
CA,2020-03-05,NA,NA,-0.07659243851151715,-0.0656663078361491
CA,2020-03-06,NA,NA,-0.07659243851151715,-0.0656663078361491
CA,2020-03-07,NA,NA,-0.07659243851151715,-0.0656663078361491
CA,2020-03-08,-5.3614706958062,NA,-0.07659243851151715,-0.0656663078361491
CA,2020-03-09,NA,NA,-0.06270747905573014,-0.0592867318699771
CA,2020-03-10,NA,NA,-0.06270747905573014,-0.0592867318699771
CA,2020-03-11,NA,NA,-0.06270747905573014,-0.0592867318699771
CA,2020-03-12,NA,NA,-0.06270747905573014,-0.0592867318699771
CA,2020-03-13,NA,NA,-0.06270747905573014,-0.0592867318699771
CA,2020-03-14,NA,NA,-0.06270747905573014,-0.0592867318699771
CA,2020-03-15,-4.38952353390111,NA,-0.06270747905573014,-0.0592867318699771
CA,2020-03-16,NA,NA,0.017600124283146286,0.0247735632137094
CA,2020-03-17,NA,NA,0.017600124283146286,0.0247735632137094
CA,2020-03-18,NA,NA,0.017600124283146286,0.0247735632137094
CA,2020-03-19,NA,NA,0.017600124283146286,0.0247735632137094
CA,2020-03-20,NA,NA,0.017600124283146286,0.0247735632137094
CA,2020-03-21,NA,NA,0.017600124283146286,0.0247735632137094
CA,2020-03-22,1.23200869982024,NA,0.017600124283146286,0.0247735632137094
CA,2020-03-23,NA,NA,0.05887973347602672,0.064176826534183
CA,2020-03-24,NA,NA,0.05887973347602672,0.064176826534183
CA,2020-03-25,NA,NA,0.05887973347602672,0.064176826534183
CA,2020-03-26,NA,NA,0.05887973347602672,0.064176826534183
CA,2020-03-27,NA,NA,0.05887973347602672,0.064176826534183
CA,2020-03-28,NA,NA,0.05887973347602672,0.064176826534183
CA,2020-03-29,4.12158134332187,NA,0.05887973347602672,0.064176826534183
CA,2020-03-30,NA,NA,0.22024547850274143,0.223666225688495
CA,2020-03-31,NA,NA,0.22024547850274143,0.223666225688495
CA,2020-04-01,NA,NA,0.22024547850274143,0.223666225688495
CA,2020-04-02,NA,NA,0.22024547850274143,0.223666225688495
CA,2020-04-03,NA,NA,0.22024547850274143,0.223666225688495
CA,2020-04-04,NA,NA,0.22024547850274143,0.223666225688495
CA,2020-04-05,15.4171834951919,NA,0.22024547850274143,0.223666225688495
CA,2020-04-06,NA,NA,0.3553423813158043,0.366268511991173
CA,2020-04-07,NA,NA,0.3553423813158043,0.366268511991173
CA,2020-04-08,NA,NA,0.3553423813158043,0.366268511991173
CA,2020-04-09,NA,NA,0.3553423813158043,0.366268511991173
CA,2020-04-10,NA,NA,0.3553423813158043,0.366268511991173
CA,2020-04-11,NA,NA,0.3553423813158043,0.366268511991173
CA,2020-04-12,24.8739666921063,NA,0.3553423813158043,0.366268511991173
CA,2020-04-13,NA,NA,0.3726047633419171,0.379778202272479
CA,2020-04-14,NA,NA,0.3726047633419171,0.379778202272479
CA,2020-04-15,NA,NA,0.3726047633419171,0.379778202272479
CA,2020-04-16,NA,NA,0.3726047633419171,0.379778202272479
CA,2020-04-17,NA,NA,0.3726047633419171,0.379778202272479
CA,2020-04-18,NA,NA,0.3726047633419171,0.379778202272479
CA,2020-04-19,26.0823334339342,NA,0.3726047633419171,0.379778202272479
CA,2020-04-20,NA,NA,0.5092027428529043,0.518252527655869
CA,2020-04-21,NA,NA,0.5092027428529043,0.518252527655869
CA,2020-04-22,NA,NA,0.5092027428529043,0.518252527655869
CA,2020-04-23,NA,NA,0.5092027428529043,0.518252527655869
CA,2020-04-24,NA,NA,0.5092027428529043,0.518252527655869
CA,2020-04-25,NA,NA,0.5092027428529043,0.518252527655869
CA,2020-04-26,35.6441919997033,NA,0.5092027428529043,0.518252527655869
CA,2020-04-27,NA,NA,0.48518551568613716,0.494235300489102
CA,2020-04-28,NA,NA,0.48518551568613716,0.494235300489102
CA,2020-04-29,NA,NA,0.48518551568613716,0.494235300489102
CA,2020-04-30,NA,NA,0.48518551568613716,0.494235300489102
CA,2020-05-01,NA,NA,0.48518551568613716,0.494235300489102
CA,2020-05-02,NA,NA,0.48518551568613716,0.494235300489102
CA,2020-05-03,33.9629860980296,NA,0.48518551568613716,0.494235300489102
CA,2020-05-04,NA,NA,0.3553423813158043,0.358763128501559
CA,2020-05-05,NA,NA,0.3553423813158043,0.358763128501559
CA,2020-05-06,NA,NA,0.3553423813158043,0.358763128501559
CA,2020-05-07,NA,NA,0.3553423813158043,0.358763128501559
CA,2020-05-08,NA,NA,0.3553423813158043,0.358763128501559
CA,2020-05-09,NA,NA,0.3553423813158043,0.358763128501559
CA,2020-05-10,24.8739666921063,NA,0.3553423813158043,0.358763128501559
CA,2020-05-11,NA,NA,0.2784122005472543,0.281832947733009
CA,2020-05-12,NA,NA,0.2784122005472543,0.281832947733009
CA,2020-05-13,NA,NA,0.2784122005472543,0.281832947733009
CA,2020-05-14,NA,NA,0.2784122005472543,0.281832947733009
CA,2020-05-15,NA,NA,0.2784122005472543,0.281832947733009
CA,2020-05-16,NA,NA,0.2784122005472543,0.281832947733009
CA,2020-05-17,19.4888540383078,NA,0.2784122005472543,0.281832947733009
CA,2020-05-18,NA,NA,0.21987020932825999,0.225167302386418
CA,2020-05-19,NA,NA,0.21987020932825999,0.225167302386418
CA,2020-05-20,NA,NA,0.21987020932825999,0.225167302386418
CA,2020-05-21,NA,NA,0.21987020932825999,0.225167302386418
CA,2020-05-22,NA,NA,0.21987020932825999,0.225167302386418
CA,2020-05-23,NA,NA,0.21987020932825999,0.225167302386418
CA,2020-05-24,15.3909146529782,NA,0.21987020932825999,0.225167302386418
CA,2020-05-25,NA,NA,0.22024547850274143,0.233047955050512
CA,2020-05-26,NA,NA,0.22024547850274143,0.233047955050512
CA,2020-05-27,NA,NA,0.22024547850274143,0.233047955050512
CA,2020-05-28,NA,NA,0.22024547850274143,0.233047955050512
CA,2020-05-29,NA,NA,0.22024547850274143,0.233047955050512
CA,2020-05-30,NA,NA,0.22024547850274143,0.233047955050512
CA,2020-05-31,15.4171834951919,NA,0.22024547850274143,0.233047955050512
CA,2020-06-01,NA,NA,NA,0.126096240323504
CI,2020-01-01,NA,NA,NA,-0.0312472180000003
CI,2020-01-02,NA,NA,NA,-0.0312472180000003
CI,2020-01-03,NA,NA,NA,-0.0312472180000003
CI,2020-01-04,NA,NA,NA,-0.0312472180000003
CI,2020-01-05,NA,NA,NA,-0.0312472180000003
CI,2020-01-06,NA,NA,NA,-0.0312472180000003
CI,2020-01-07,NA,NA,NA,-0.0312472180000003
CI,2020-01-08,NA,NA,NA,-0.0312472180000003
CI,2020-01-09,NA,NA,NA,-0.0312472180000003
CI,2020-01-10,NA,NA,NA,-0.0312472180000003
CI,2020-01-11,NA,NA,NA,-0.0312472180000003
CI,2020-01-12,NA,NA,NA,-0.0312472180000003
CI,2020-01-13,NA,NA,NA,-0.0312472180000003
CI,2020-01-14,NA,NA,NA,-0.0312472180000003
CI,2020-01-15,NA,NA,NA,-0.0312472180000003
CI,2020-01-16,NA,NA,NA,-0.0312472180000003
CI,2020-01-17,NA,NA,NA,-0.0312472180000003
CI,2020-01-18,NA,NA,NA,-0.0312472180000003
CI,2020-01-19,NA,NA,NA,-0.0312472180000003
CI,2020-01-20,NA,NA,NA,-0.0311159440000003
CI,2020-01-21,NA,NA,NA,-0.0311159440000003
CI,2020-01-22,NA,NA,NA,-0.0311159440000003
CI,2020-01-23,NA,NA,NA,-0.0311159440000003
CI,2020-01-24,NA,NA,NA,-0.0311159440000003
CI,2020-01-25,NA,NA,NA,-0.0311159440000003
CI,2020-01-26,NA,NA,NA,-0.0311159440000003
CI,2020-01-27,NA,NA,NA,-0.0312472180000003
CI,2020-01-28,NA,NA,NA,-0.0312472180000003
CI,2020-01-29,NA,NA,NA,-0.0312472180000003
CI,2020-01-30,NA,NA,NA,-0.0312472180000003
CI,2020-01-31,NA,NA,NA,-0.0312472180000003
CI,2020-02-01,NA,NA,NA,-0.0312472180000003
CI,2020-02-02,NA,NA,NA,-0.0312472180000003
CI,2020-02-03,NA,NA,NA,-0.0312513000000003
CI,2020-02-04,NA,NA,NA,-0.0312513000000003
CI,2020-02-05,NA,NA,NA,-0.0312513000000003
CI,2020-02-06,NA,NA,NA,-0.0312513000000003
CI,2020-02-07,NA,NA,NA,-0.0312513000000003
CI,2020-02-08,NA,NA,NA,-0.0312513000000003
CI,2020-02-09,NA,NA,NA,-0.0312513000000003
CI,2020-02-10,NA,NA,NA,-0.0331502520000004
CI,2020-02-11,NA,NA,NA,-0.0331502520000004
CI,2020-02-12,NA,NA,NA,-0.0331502520000004
CI,2020-02-13,NA,NA,NA,-0.0331502520000004
CI,2020-02-14,NA,NA,NA,-0.0331502520000004
CI,2020-02-15,NA,NA,NA,-0.0331502520000004
CI,2020-02-16,NA,NA,NA,-0.0331502520000004
CI,2020-02-17,NA,NA,NA,-0.0331502520000004
CI,2020-02-18,NA,NA,NA,-0.0331502520000004
CI,2020-02-19,NA,NA,NA,-0.0331502520000004
CI,2020-02-20,NA,NA,NA,-0.0331502520000004
CI,2020-02-21,NA,NA,NA,-0.0331502520000004
CI,2020-02-22,NA,NA,NA,-0.0331502520000004
CI,2020-02-23,NA,NA,NA,-0.0331502520000004
CI,2020-02-24,NA,NA,NA,-0.0393390520000003
CI,2020-02-25,NA,NA,NA,-0.0393390520000003
CI,2020-02-26,NA,NA,NA,-0.0393390520000003
CI,2020-02-27,NA,NA,NA,-0.0393390520000003
CI,2020-02-28,NA,NA,NA,-0.0393390520000003
CI,2020-02-29,NA,NA,NA,-0.0393390520000003
CI,2020-03-01,NA,NA,NA,-0.0393390520000003
CI,2020-03-02,NA,NA,NA,-0.109608513
CI,2020-03-03,NA,NA,NA,-0.109608513
CI,2020-03-04,NA,NA,NA,-0.109608513
CI,2020-03-05,NA,NA,NA,-0.109608513
CI,2020-03-06,NA,NA,NA,-0.109608513
CI,2020-03-07,NA,NA,NA,-0.109608513
CI,2020-03-08,NA,NA,NA,-0.109608513
CI,2020-03-09,NA,NA,NA,-0.0772359560000003
CI,2020-03-10,NA,NA,NA,-0.0772359560000003
CI,2020-03-11,NA,NA,NA,-0.0772359560000003
CI,2020-03-12,NA,NA,NA,-0.0772359560000003
CI,2020-03-13,NA,NA,NA,-0.0772359560000003
CI,2020-03-14,NA,NA,NA,-0.0772359560000003
CI,2020-03-15,NA,NA,NA,-0.0772359560000003
CI,2020-03-16,NA,NA,NA,-0.0860108990000002
CI,2020-03-17,NA,NA,NA,-0.0860108990000002
CI,2020-03-18,NA,NA,NA,-0.0860108990000002
CI,2020-03-19,NA,NA,NA,-0.0860108990000002
CI,2020-03-20,NA,NA,NA,-0.0860108990000002
CI,2020-03-21,NA,NA,NA,-0.0860108990000002
CI,2020-03-22,NA,NA,NA,-0.0860108990000002
CI,2020-03-23,NA,NA,NA,-0.147410197000001
CI,2020-03-24,NA,NA,NA,-0.147410197000001
CI,2020-03-25,NA,NA,NA,-0.147410197000001
CI,2020-03-26,NA,NA,NA,-0.147410197000001
CI,2020-03-27,NA,NA,NA,-0.147410197000001
CI,2020-03-28,NA,NA,NA,-0.147410197000001
CI,2020-03-29,NA,NA,NA,-0.147410197000001
CI,2020-03-30,NA,NA,NA,-0.166573797000001
CI,2020-03-31,NA,NA,NA,-0.166573797000001
CI,2020-04-01,NA,NA,NA,-0.166573797000001
CI,2020-04-02,NA,NA,NA,-0.166573797000001
CI,2020-04-03,NA,NA,NA,-0.166573797000001
CI,2020-04-04,NA,NA,NA,-0.166573797000001
CI,2020-04-05,NA,NA,NA,-0.166573797000001
CI,2020-04-06,NA,NA,NA,-0.151582634000001
CI,2020-04-07,NA,NA,NA,-0.151582634000001
CI,2020-04-08,NA,NA,NA,-0.151582634000001
CI,2020-04-09,NA,NA,NA,-0.151582634000001
CI,2020-04-10,NA,NA,NA,-0.151582634000001
CI,2020-04-11,NA,NA,NA,-0.151582634000001
CI,2020-04-12,NA,NA,NA,-0.151582634000001
CI,2020-04-13,NA,NA,NA,-0.165047238000001
CI,2020-04-14,NA,NA,NA,-0.165047238000001
CI,2020-04-15,NA,NA,NA,-0.165047238000001
CI,2020-04-16,NA,NA,NA,-0.165047238000001
CI,2020-04-17,NA,NA,NA,-0.165047238000001
CI,2020-04-18,NA,NA,NA,-0.165047238000001
CI,2020-04-19,NA,NA,NA,-0.165047238000001
CI,2020-04-20,NA,NA,NA,-0.0920517199999998
CI,2020-04-21,NA,NA,NA,-0.0920517199999998
CI,2020-04-22,NA,NA,NA,-0.0920517199999998
CI,2020-04-23,NA,NA,NA,-0.0920517199999998
CI,2020-04-24,NA,NA,NA,-0.0920517199999998
CI,2020-04-25,NA,NA,NA,-0.0920517199999998
CI,2020-04-26,NA,NA,NA,-0.0920517199999998
CI,2020-04-27,NA,NA,NA,-0.143093861000001
CI,2020-04-28,NA,NA,NA,-0.143093861000001
CI,2020-04-29,NA,NA,NA,-0.143093861000001
CI,2020-04-30,NA,NA,NA,-0.143093861000001
CI,2020-05-01,NA,NA,NA,-0.143093861000001
CI,2020-05-02,NA,NA,NA,-0.143093861000001
CI,2020-05-03,NA,NA,NA,-0.143093861000001
CI,2020-05-04,NA,NA,NA,-0.133349898
CI,2020-05-05,NA,NA,NA,-0.133349898
CI,2020-05-06,NA,NA,NA,-0.133349898
CI,2020-05-07,NA,NA,NA,-0.133349898
CI,2020-05-08,NA,NA,NA,-0.133349898
CI,2020-05-09,NA,NA,NA,-0.133349898
CI,2020-05-10,NA,NA,NA,-0.133349898
CI,2020-05-11,NA,NA,NA,-0.0950304030000002
CI,2020-05-12,NA,NA,NA,-0.0950304030000002
CI,2020-05-13,NA,NA,NA,-0.0950304030000002
CI,2020-05-14,NA,NA,NA,-0.0950304030000002
CI,2020-05-15,NA,NA,NA,-0.0950304030000002
CI,2020-05-16,NA,NA,NA,-0.0950304030000002
CI,2020-05-17,NA,NA,NA,-0.0950304030000002
CI,2020-05-18,NA,NA,NA,-0.104664671
CI,2020-05-19,NA,NA,NA,-0.104664671
CI,2020-05-20,NA,NA,NA,-0.104664671
CI,2020-05-21,NA,NA,NA,-0.104664671
CI,2020-05-22,NA,NA,NA,-0.104664671
CI,2020-05-23,NA,NA,NA,-0.104664671
CI,2020-05-24,NA,NA,NA,-0.104664671
CI,2020-05-25,NA,NA,NA,-0.103765434
CI,2020-05-26,NA,NA,NA,-0.103765434
CI,2020-05-27,NA,NA,NA,-0.103765434
CI,2020-05-28,NA,NA,NA,-0.103765434
CI,2020-05-29,NA,NA,NA,-0.103765434
CI,2020-05-30,NA,NA,NA,-0.103765434
CI,2020-05-31,NA,NA,NA,-0.103765434
CI,2020-06-01,NA,NA,NA,0.0339124600000001
DE,2020-01-01,NA,NA,-0.1295242175355947,0
DE,2020-01-02,NA,NA,-0.1295242175355947,0
DE,2020-01-03,NA,NA,-0.1295242175355947,0
DE,2020-01-04,NA,NA,-0.1295242175355947,0
DE,2020-01-05,-9.06669522749163,NA,-0.1295242175355947,0
DE,2020-01-06,NA,NA,-0.094823237472818,0
DE,2020-01-07,NA,NA,-0.094823237472818,0
DE,2020-01-08,NA,NA,-0.094823237472818,0
DE,2020-01-09,NA,NA,-0.094823237472818,0
DE,2020-01-10,NA,NA,-0.094823237472818,0
DE,2020-01-11,NA,NA,-0.094823237472818,0
DE,2020-01-12,-6.63762662309726,NA,-0.094823237472818,0
DE,2020-01-13,NA,NA,-0.17164895977078143,0
DE,2020-01-14,NA,NA,-0.17164895977078143,0
DE,2020-01-15,NA,NA,-0.17164895977078143,0
DE,2020-01-16,NA,NA,-0.17164895977078143,0
DE,2020-01-17,NA,NA,-0.17164895977078143,0
DE,2020-01-18,NA,NA,-0.17164895977078143,0
DE,2020-01-19,-12.0154271839547,NA,-0.17164895977078143,0
DE,2020-01-20,NA,NA,-0.23052824782626716,0
DE,2020-01-21,NA,NA,-0.23052824782626716,0
DE,2020-01-22,NA,NA,-0.23052824782626716,0
DE,2020-01-23,NA,NA,-0.23052824782626716,0
DE,2020-01-24,NA,NA,-0.23052824782626716,0
DE,2020-01-25,NA,NA,-0.23052824782626716,0
DE,2020-01-26,-16.1369773478387,NA,-0.23052824782626716,0
DE,2020-01-27,NA,NA,-0.18530459569342428,-0.134404471321302
DE,2020-01-28,NA,NA,-0.18530459569342428,-0.134404471321302
DE,2020-01-29,NA,NA,-0.18530459569342428,-0.134404471321302
DE,2020-01-30,NA,NA,-0.18530459569342428,-0.134404471321302
DE,2020-01-31,NA,NA,-0.18530459569342428,-0.134404471321302
DE,2020-02-01,NA,NA,-0.18530459569342428,-0.134404471321302
DE,2020-02-02,-12.9713216985397,NA,-0.18530459569342428,-0.134404471321302
DE,2020-02-03,NA,NA,-0.31191720008341856,-0.23991497497963
DE,2020-02-04,NA,NA,-0.31191720008341856,-0.23991497497963
DE,2020-02-05,NA,NA,-0.31191720008341856,-0.23991497497963
DE,2020-02-06,NA,NA,-0.31191720008341856,-0.23991497497963
DE,2020-02-07,NA,NA,-0.31191720008341856,-0.23991497497963
DE,2020-02-08,NA,NA,-0.31191720008341856,-0.23991497497963
DE,2020-02-09,-21.8342040058393,NA,-0.31191720008341856,-0.23991497497963
DE,2020-02-10,NA,NA,-0.3002707475010143,-0.230209597827626
DE,2020-02-11,NA,NA,-0.3002707475010143,-0.230209597827626
DE,2020-02-12,NA,NA,-0.3002707475010143,-0.230209597827626
DE,2020-02-13,NA,NA,-0.3002707475010143,-0.230209597827626
DE,2020-02-14,NA,NA,-0.3002707475010143,-0.230209597827626
DE,2020-02-15,NA,NA,-0.3002707475010143,-0.230209597827626
DE,2020-02-16,-21.018952325071,NA,-0.3002707475010143,-0.230209597827626
DE,2020-02-17,NA,NA,-0.4961490961968843,-0.393441555074185
DE,2020-02-18,NA,NA,-0.4961490961968843,-0.393441555074185
DE,2020-02-19,NA,NA,-0.4961490961968843,-0.393441555074185
DE,2020-02-20,NA,NA,-0.4961490961968843,-0.393441555074185
DE,2020-02-21,NA,NA,-0.4961490961968843,-0.393441555074185
DE,2020-02-22,NA,NA,-0.4961490961968843,-0.393441555074185
DE,2020-02-23,-34.7304367337819,NA,-0.4961490961968843,-0.393441555074185
DE,2020-02-24,NA,NA,-0.4885550642498772,-0.464535834142028
DE,2020-02-25,NA,NA,-0.4885550642498772,-0.464535834142028
DE,2020-02-26,NA,NA,-0.4885550642498772,-0.464535834142028
DE,2020-02-27,NA,NA,-0.4885550642498772,-0.464535834142028
DE,2020-02-28,NA,NA,-0.4885550642498772,-0.464535834142028
DE,2020-02-29,NA,NA,-0.4885550642498772,-0.464535834142028
DE,2020-03-01,-34.1988544974914,NA,-0.4885550642498772,-0.464535834142028
DE,2020-03-02,NA,NA,-0.3738953980365614,-0.349876167928712
DE,2020-03-03,NA,NA,-0.3738953980365614,-0.349876167928712
DE,2020-03-04,NA,NA,-0.3738953980365614,-0.349876167928712
DE,2020-03-05,NA,NA,-0.3738953980365614,-0.349876167928712
DE,2020-03-06,NA,NA,-0.3738953980365614,-0.349876167928712
DE,2020-03-07,NA,NA,-0.3738953980365614,-0.349876167928712
DE,2020-03-08,-26.1726778625593,NA,-0.3738953980365614,-0.349876167928712
DE,2020-03-09,NA,NA,-0.18503216405407,-0.16101293394622
DE,2020-03-10,NA,NA,-0.18503216405407,-0.16101293394622
DE,2020-03-11,NA,NA,-0.18503216405407,-0.16101293394622
DE,2020-03-12,NA,NA,-0.18503216405407,-0.16101293394622
DE,2020-03-13,NA,NA,-0.18503216405407,-0.16101293394622
DE,2020-03-14,NA,NA,-0.18503216405407,-0.16101293394622
DE,2020-03-15,-12.9522514837849,NA,-0.18503216405407,-0.16101293394622
DE,2020-03-16,NA,NA,-0.05961144808625172,-0.0355922179784031
DE,2020-03-17,NA,NA,-0.05961144808625172,-0.0355922179784031
DE,2020-03-18,NA,NA,-0.05961144808625172,-0.0355922179784031
DE,2020-03-19,NA,NA,-0.05961144808625172,-0.0355922179784031
DE,2020-03-20,NA,NA,-0.05961144808625172,-0.0355922179784031
DE,2020-03-21,NA,NA,-0.05961144808625172,-0.0355922179784031
DE,2020-03-22,-4.17280136603762,NA,-0.05961144808625172,-0.0355922179784031
DE,2020-03-23,NA,NA,0.046841214991510574,0.0708604450993612
DE,2020-03-24,NA,NA,0.046841214991510574,0.0708604450993612
DE,2020-03-25,NA,NA,0.046841214991510574,0.0708604450993612
DE,2020-03-26,NA,NA,0.046841214991510574,0.0708604450993612
DE,2020-03-27,NA,NA,0.046841214991510574,0.0708604450993612
DE,2020-03-28,NA,NA,0.046841214991510574,0.0708604450993612
DE,2020-03-29,3.27888504940574,NA,0.046841214991510574,0.0708604450993612
DE,2020-03-30,NA,NA,0.2917913127261057,0.315810542833954
DE,2020-03-31,NA,NA,0.2917913127261057,0.315810542833954
DE,2020-04-01,NA,NA,0.2917913127261057,0.315810542833954
DE,2020-04-02,NA,NA,0.2917913127261057,0.315810542833954
DE,2020-04-03,NA,NA,0.2917913127261057,0.315810542833954
DE,2020-04-04,NA,NA,0.2917913127261057,0.315810542833954
DE,2020-04-05,20.4253918908274,NA,0.2917913127261057,0.315810542833954
DE,2020-04-06,NA,NA,0.3643262367042357,0.388345466812087
DE,2020-04-07,NA,NA,0.3643262367042357,0.388345466812087
DE,2020-04-08,NA,NA,0.3643262367042357,0.388345466812087
DE,2020-04-09,NA,NA,0.3643262367042357,0.388345466812087
DE,2020-04-10,NA,NA,0.3643262367042357,0.388345466812087
DE,2020-04-11,NA,NA,0.3643262367042357,0.388345466812087
DE,2020-04-12,25.502836569296498,NA,0.3643262367042357,0.388345466812087
DE,2020-04-13,NA,NA,0.22487529130966144,0.248894521417512
DE,2020-04-14,NA,NA,0.22487529130966144,0.248894521417512
DE,2020-04-15,NA,NA,0.22487529130966144,0.248894521417512
DE,2020-04-16,NA,NA,0.22487529130966144,0.248894521417512
DE,2020-04-17,NA,NA,0.22487529130966144,0.248894521417512
DE,2020-04-18,NA,NA,0.22487529130966144,0.248894521417512
DE,2020-04-19,15.7412703916763,NA,0.22487529130966144,0.248894521417512
DE,2020-04-20,NA,NA,0.11409777595714743,0.138117006064997
DE,2020-04-21,NA,NA,0.11409777595714743,0.138117006064997
DE,2020-04-22,NA,NA,0.11409777595714743,0.138117006064997
DE,2020-04-23,NA,NA,0.11409777595714743,0.138117006064997
DE,2020-04-24,NA,NA,0.11409777595714743,0.138117006064997
DE,2020-04-25,NA,NA,0.11409777595714743,0.138117006064997
DE,2020-04-26,7.98684431700032,NA,0.11409777595714743,0.138117006064997
DE,2020-04-27,NA,NA,0.08460705099702515,0.108626281104876
DE,2020-04-28,NA,NA,0.08460705099702515,0.108626281104876
DE,2020-04-29,NA,NA,0.08460705099702515,0.108626281104876
DE,2020-04-30,NA,NA,0.08460705099702515,0.108626281104876
DE,2020-05-01,NA,NA,0.08460705099702515,0.108626281104876
DE,2020-05-02,NA,NA,0.08460705099702515,0.108626281104876
DE,2020-05-03,5.92249356979176,NA,0.08460705099702515,0.108626281104876
DE,2020-05-04,NA,NA,-0.007679166834304357,0.0163400632735461
DE,2020-05-05,NA,NA,-0.007679166834304357,0.0163400632735461
DE,2020-05-06,NA,NA,-0.007679166834304357,0.0163400632735461
DE,2020-05-07,NA,NA,-0.007679166834304357,0.0163400632735461
DE,2020-05-08,NA,NA,-0.007679166834304357,0.0163400632735461
DE,2020-05-09,NA,NA,-0.007679166834304357,0.0163400632735461
DE,2020-05-10,-0.537541678401305,NA,-0.007679166834304357,0.0163400632735461
DE,2020-05-11,NA,NA,-0.044355276282401,-0.0203360461745496
DE,2020-05-12,NA,NA,-0.044355276282401,-0.0203360461745496
DE,2020-05-13,NA,NA,-0.044355276282401,-0.0203360461745496
DE,2020-05-14,NA,NA,-0.044355276282401,-0.0203360461745496
DE,2020-05-15,NA,NA,-0.044355276282401,-0.0203360461745496
DE,2020-05-16,NA,NA,-0.044355276282401,-0.0203360461745496
DE,2020-05-17,-3.10486933976807,NA,-0.044355276282401,-0.0203360461745496
DE,2020-05-18,NA,NA,0.036182327101766575,0.0602015572096162
DE,2020-05-19,NA,NA,0.036182327101766575,0.0602015572096162
DE,2020-05-20,NA,NA,0.036182327101766575,0.0602015572096162
DE,2020-05-21,NA,NA,0.036182327101766575,0.0602015572096162
DE,2020-05-22,NA,NA,0.036182327101766575,0.0602015572096162
DE,2020-05-23,NA,NA,0.036182327101766575,0.0602015572096162
DE,2020-05-24,2.53276289712366,NA,0.036182327101766575,0.0602015572096162
DE,2020-05-25,NA,NA,-0.05518443394674157,-0.0311652038388923
DE,2020-05-26,NA,NA,-0.05518443394674157,-0.0311652038388923
DE,2020-05-27,NA,NA,-0.05518443394674157,-0.0311652038388923
DE,2020-05-28,NA,NA,-0.05518443394674157,-0.0311652038388923
DE,2020-05-29,NA,NA,-0.05518443394674157,-0.0311652038388923
DE,2020-05-30,NA,NA,-0.05518443394674157,-0.0311652038388923
DE,2020-05-31,-3.86291037627191,NA,-0.05518443394674157,-0.0311652038388923
DE,2020-06-01,NA,NA,NA,0.0781820454070116
DZ,2020-01-01,NA,NA,NA,-0.00903092700000029
DZ,2020-01-02,NA,NA,NA,-0.00903092700000029
DZ,2020-01-03,NA,NA,NA,-0.00903092700000029
DZ,2020-01-04,NA,NA,NA,-0.00903092700000029
DZ,2020-01-05,NA,NA,NA,-0.00903092700000029
DZ,2020-01-06,NA,NA,NA,-0.00903092700000029
DZ,2020-01-07,NA,NA,NA,-0.00903092700000029
DZ,2020-01-08,NA,NA,NA,-0.00903092700000029
DZ,2020-01-09,NA,NA,NA,-0.00903092700000029
DZ,2020-01-10,NA,NA,NA,-0.00903092700000029
DZ,2020-01-11,NA,NA,NA,-0.00903092700000029
DZ,2020-01-12,NA,NA,NA,-0.00903092700000029
DZ,2020-01-13,NA,NA,NA,-0.00903092700000029
DZ,2020-01-14,NA,NA,NA,-0.00903092700000029
DZ,2020-01-15,NA,NA,NA,-0.00903092700000029
DZ,2020-01-16,NA,NA,NA,-0.00903092700000029
DZ,2020-01-17,NA,NA,NA,-0.00903092700000029
DZ,2020-01-18,NA,NA,NA,-0.00903092700000029
DZ,2020-01-19,NA,NA,NA,-0.00903092700000029
DZ,2020-01-20,NA,NA,NA,-0.0126340090000003
DZ,2020-01-21,NA,NA,NA,-0.0126340090000003
DZ,2020-01-22,NA,NA,NA,-0.0126340090000003
DZ,2020-01-23,NA,NA,NA,-0.0126340090000003
DZ,2020-01-24,NA,NA,NA,-0.0126340090000003
DZ,2020-01-25,NA,NA,NA,-0.0126340090000003
DZ,2020-01-26,NA,NA,NA,-0.0126340090000003
DZ,2020-01-27,NA,NA,NA,-0.0113877040000003
DZ,2020-01-28,NA,NA,NA,-0.0113877040000003
DZ,2020-01-29,NA,NA,NA,-0.0113877040000003
DZ,2020-01-30,NA,NA,NA,-0.0113877040000003
DZ,2020-01-31,NA,NA,NA,-0.0113877040000003
DZ,2020-02-01,NA,NA,NA,-0.0113877040000003
DZ,2020-02-02,NA,NA,NA,-0.0113877040000003
DZ,2020-02-03,NA,NA,NA,-6.7339000000025e-4
DZ,2020-02-04,NA,NA,NA,-6.7339000000025e-4
DZ,2020-02-05,NA,NA,NA,-6.7339000000025e-4
DZ,2020-02-06,NA,NA,NA,-6.7339000000025e-4
DZ,2020-02-07,NA,NA,NA,-6.7339000000025e-4
DZ,2020-02-08,NA,NA,NA,-6.7339000000025e-4
DZ,2020-02-09,NA,NA,NA,-6.7339000000025e-4
DZ,2020-02-10,NA,NA,NA,-0.0111164450000002
DZ,2020-02-11,NA,NA,NA,-0.0111164450000002
DZ,2020-02-12,NA,NA,NA,-0.0111164450000002
DZ,2020-02-13,NA,NA,NA,-0.0111164450000002
DZ,2020-02-14,NA,NA,NA,-0.0111164450000002
DZ,2020-02-15,NA,NA,NA,-0.0111164450000002
DZ,2020-02-16,NA,NA,NA,-0.0111164450000002
DZ,2020-02-17,NA,NA,NA,-0.0206336650000003
DZ,2020-02-18,NA,NA,NA,-0.0206336650000003
DZ,2020-02-19,NA,NA,NA,-0.0206336650000003
DZ,2020-02-20,NA,NA,NA,-0.0206336650000003
DZ,2020-02-21,NA,NA,NA,-0.0206336650000003
DZ,2020-02-22,NA,NA,NA,-0.0206336650000003
DZ,2020-02-23,NA,NA,NA,-0.0206336650000003
DZ,2020-02-24,NA,NA,NA,-0.0399661220000004
DZ,2020-02-25,NA,NA,NA,-0.0399661220000004
DZ,2020-02-26,NA,NA,NA,-0.0399661220000004
DZ,2020-02-27,NA,NA,NA,-0.0399661220000004
DZ,2020-02-28,NA,NA,NA,-0.0399661220000004
DZ,2020-02-29,NA,NA,NA,-0.0399661220000004
DZ,2020-03-01,NA,NA,NA,-0.0399661220000004
DZ,2020-03-02,NA,NA,NA,-0.0252763060000003
DZ,2020-03-03,NA,NA,NA,-0.0252763060000003
DZ,2020-03-04,NA,NA,NA,-0.0252763060000003
DZ,2020-03-05,NA,NA,NA,-0.0252763060000003
DZ,2020-03-06,NA,NA,NA,-0.0252763060000003
DZ,2020-03-07,NA,NA,NA,-0.0252763060000003
DZ,2020-03-08,NA,NA,NA,-0.0252763060000003
DZ,2020-03-09,NA,NA,NA,0.0456897269999998
DZ,2020-03-10,NA,NA,NA,0.0456897269999998
DZ,2020-03-11,NA,NA,NA,0.0456897269999998
DZ,2020-03-12,NA,NA,NA,0.0456897269999998
DZ,2020-03-13,NA,NA,NA,0.0456897269999998
DZ,2020-03-14,NA,NA,NA,0.0456897269999998
DZ,2020-03-15,NA,NA,NA,0.0456897269999998
DZ,2020-03-16,NA,NA,NA,0.0404653429999998
DZ,2020-03-17,NA,NA,NA,0.0404653429999998
DZ,2020-03-18,NA,NA,NA,0.0404653429999998
DZ,2020-03-19,NA,NA,NA,0.0404653429999998
DZ,2020-03-20,NA,NA,NA,0.0404653429999998
DZ,2020-03-21,NA,NA,NA,0.0404653429999998
DZ,2020-03-22,NA,NA,NA,0.0404653429999998
DZ,2020-03-23,NA,NA,NA,0.0300688809999998
DZ,2020-03-24,NA,NA,NA,0.0300688809999998
DZ,2020-03-25,NA,NA,NA,0.0300688809999998
DZ,2020-03-26,NA,NA,NA,0.0300688809999998
DZ,2020-03-27,NA,NA,NA,0.0300688809999998
DZ,2020-03-28,NA,NA,NA,0.0300688809999998
DZ,2020-03-29,NA,NA,NA,0.0300688809999998
DZ,2020-03-30,NA,NA,NA,0.0414374019999998
DZ,2020-03-31,NA,NA,NA,0.0414374019999998
DZ,2020-04-01,NA,NA,NA,0.0414374019999998
DZ,2020-04-02,NA,NA,NA,0.0414374019999998
DZ,2020-04-03,NA,NA,NA,0.0414374019999998
DZ,2020-04-04,NA,NA,NA,0.0414374019999998
DZ,2020-04-05,NA,NA,NA,0.0414374019999998
DZ,2020-04-06,NA,NA,NA,0.107946996
DZ,2020-04-07,NA,NA,NA,0.107946996
DZ,2020-04-08,NA,NA,NA,0.107946996
DZ,2020-04-09,NA,NA,NA,0.107946996
DZ,2020-04-10,NA,NA,NA,0.107946996
DZ,2020-04-11,NA,NA,NA,0.107946996
DZ,2020-04-12,NA,NA,NA,0.107946996
DZ,2020-04-13,NA,NA,NA,0.0479723359999999
DZ,2020-04-14,NA,NA,NA,0.0479723359999999
DZ,2020-04-15,NA,NA,NA,0.0479723359999999
DZ,2020-04-16,NA,NA,NA,0.0479723359999999
DZ,2020-04-17,NA,NA,NA,0.0479723359999999
DZ,2020-04-18,NA,NA,NA,0.0479723359999999
DZ,2020-04-19,NA,NA,NA,0.0479723359999999
DZ,2020-04-20,NA,NA,NA,0.00133159799999976
DZ,2020-04-21,NA,NA,NA,0.00133159799999976
DZ,2020-04-22,NA,NA,NA,0.00133159799999976
DZ,2020-04-23,NA,NA,NA,0.00133159799999976
DZ,2020-04-24,NA,NA,NA,0.00133159799999976
DZ,2020-04-25,NA,NA,NA,0.00133159799999976
DZ,2020-04-26,NA,NA,NA,0.00133159799999976
DZ,2020-04-27,NA,NA,NA,-0.00901893400000022
DZ,2020-04-28,NA,NA,NA,-0.00901893400000022
DZ,2020-04-29,NA,NA,NA,-0.00901893400000022
DZ,2020-04-30,NA,NA,NA,-0.00901893400000022
DZ,2020-05-01,NA,NA,NA,-0.00901893400000022
DZ,2020-05-02,NA,NA,NA,-0.00901893400000022
DZ,2020-05-03,NA,NA,NA,-0.00901893400000022
DZ,2020-05-04,NA,NA,NA,0.0191969779999998
DZ,2020-05-05,NA,NA,NA,0.0191969779999998
DZ,2020-05-06,NA,NA,NA,0.0191969779999998
DZ,2020-05-07,NA,NA,NA,0.0191969779999998
DZ,2020-05-08,NA,NA,NA,0.0191969779999998
DZ,2020-05-09,NA,NA,NA,0.0191969779999998
DZ,2020-05-10,NA,NA,NA,0.0191969779999998
DZ,2020-05-11,NA,NA,NA,0.0309188249999997
DZ,2020-05-12,NA,NA,NA,0.0309188249999997
DZ,2020-05-13,NA,NA,NA,0.0309188249999997
DZ,2020-05-14,NA,NA,NA,0.0309188249999997
DZ,2020-05-15,NA,NA,NA,0.0309188249999997
DZ,2020-05-16,NA,NA,NA,0.0309188249999997
DZ,2020-05-17,NA,NA,NA,0.0309188249999997
DZ,2020-05-18,NA,NA,NA,0.0324879849999996
DZ,2020-05-19,NA,NA,NA,0.0324879849999996
DZ,2020-05-20,NA,NA,NA,0.0324879849999996
DZ,2020-05-21,NA,NA,NA,0.0324879849999996
DZ,2020-05-22,NA,NA,NA,0.0324879849999996
DZ,2020-05-23,NA,NA,NA,0.0324879849999996
DZ,2020-05-24,NA,NA,NA,0.0324879849999996
DZ,2020-05-25,NA,NA,NA,0.0324879849999996
DZ,2020-05-26,NA,NA,NA,0.0324879849999996
DZ,2020-05-27,NA,NA,NA,0.0324879849999996
DZ,2020-05-28,NA,NA,NA,0.0324879849999996
DZ,2020-05-29,NA,NA,NA,0.0324879849999996
DZ,2020-05-30,NA,NA,NA,0.0324879849999996
DZ,2020-05-31,NA,NA,NA,0.0324879849999996
DZ,2020-06-01,NA,NA,NA,0.0349686569999996
EG,2020-01-01,NA,NA,-0.047413246967329674,0
EG,2020-01-02,NA,NA,-0.047413246967329674,0
EG,2020-01-03,NA,NA,-0.047413246967329674,0
EG,2020-01-04,NA,NA,-0.047413246967329674,0
EG,2020-01-05,NA,NA,-0.047413246967329674,0
EG,2020-01-06,NA,NA,-0.047413246967329674,0
EG,2020-01-07,NA,NA,-0.047413246967329674,0
EG,2020-01-08,NA,NA,-0.047413246967329674,0
EG,2020-01-09,NA,NA,-0.047413246967329674,0
EG,2020-01-10,NA,NA,-0.047413246967329674,0
EG,2020-01-11,NA,NA,-0.047413246967329674,0
EG,2020-01-12,NA,NA,-0.047413246967329674,0
EG,2020-01-13,NA,NA,-0.047413246967329674,0
EG,2020-01-14,NA,NA,-0.047413246967329674,0
EG,2020-01-15,NA,NA,-0.047413246967329674,0
EG,2020-01-16,NA,NA,-0.047413246967329674,0
EG,2020-01-17,NA,NA,-0.047413246967329674,0
EG,2020-01-18,NA,NA,-0.047413246967329674,0
EG,2020-01-19,NA,NA,-0.047413246967329674,0
EG,2020-01-20,NA,NA,-0.047413246967329674,0
EG,2020-01-21,NA,NA,-0.047413246967329674,0
EG,2020-01-22,NA,NA,-0.047413246967329674,0
EG,2020-01-23,NA,NA,-0.047413246967329674,0
EG,2020-01-24,NA,NA,-0.047413246967329674,0
EG,2020-01-25,NA,NA,-0.047413246967329674,0
EG,2020-01-26,NA,NA,-0.047413246967329674,0
EG,2020-01-27,NA,NA,-0.047413246967329674,-0.0392518068482412
EG,2020-01-28,NA,NA,-0.047413246967329674,-0.0392518068482412
EG,2020-01-29,NA,NA,-0.047413246967329674,-0.0392518068482412
EG,2020-01-30,NA,NA,-0.047413246967329674,-0.0392518068482412
EG,2020-01-31,NA,-14.6981065598722,-0.047413246967329674,-0.0392518068482412
EG,2020-02-01,NA,NA,0.056338839040149656,-0.0392518068482412
EG,2020-02-02,NA,NA,0.056338839040149656,-0.0392518068482412
EG,2020-02-03,NA,NA,0.056338839040149656,0.00929053525396979
EG,2020-02-04,NA,NA,0.056338839040149656,0.00929053525396979
EG,2020-02-05,NA,NA,0.056338839040149656,0.00929053525396979
EG,2020-02-06,NA,NA,0.056338839040149656,0.00929053525396979
EG,2020-02-07,NA,NA,0.056338839040149656,0.00929053525396979
EG,2020-02-08,NA,NA,0.056338839040149656,0.00929053525396979
EG,2020-02-09,NA,NA,0.056338839040149656,0.00929053525396979
EG,2020-02-10,NA,NA,0.056338839040149656,0.00929053525396979
EG,2020-02-11,NA,NA,0.056338839040149656,0.00929053525396979
EG,2020-02-12,NA,NA,0.056338839040149656,0.00929053525396979
EG,2020-02-13,NA,NA,0.056338839040149656,0.00929053525396979
EG,2020-02-14,NA,NA,0.056338839040149656,0.00929053525396979
EG,2020-02-15,NA,NA,0.056338839040149656,0.00929053525396979
EG,2020-02-16,NA,NA,0.056338839040149656,0.00929053525396979
EG,2020-02-17,NA,NA,0.056338839040149656,0.00929053525396979
EG,2020-02-18,NA,NA,0.056338839040149656,0.00929053525396979
EG,2020-02-19,NA,NA,0.056338839040149656,0.00929053525396979
EG,2020-02-20,NA,NA,0.056338839040149656,0.00929053525396979
EG,2020-02-21,NA,NA,0.056338839040149656,0.00929053525396979
EG,2020-02-22,NA,NA,0.056338839040149656,0.00929053525396979
EG,2020-02-23,NA,NA,0.056338839040149656,0.00929053525396979
EG,2020-02-24,NA,NA,0.056338839040149656,0.00929053525396979
EG,2020-02-25,NA,NA,0.056338839040149656,0.00929053525396979
EG,2020-02-26,NA,NA,0.056338839040149656,0.00929053525396979
EG,2020-02-27,NA,NA,0.056338839040149656,0.00929053525396979
EG,2020-02-28,NA,NA,0.056338839040149656,0.00929053525396979
EG,2020-02-29,NA,16.3382633216434,0.056338839040149656,0.00929053525396979
EG,2020-03-01,NA,NA,0.09139209664062806,0.00929053525396979
EG,2020-03-02,NA,NA,0.09139209664062806,0.0917031753900683
EG,2020-03-03,NA,NA,0.09139209664062806,0.0917031753900683
EG,2020-03-04,NA,NA,0.09139209664062806,0.0917031753900683
EG,2020-03-05,NA,NA,0.09139209664062806,0.0917031753900683
EG,2020-03-06,NA,NA,0.09139209664062806,0.0917031753900683
EG,2020-03-07,NA,NA,0.09139209664062806,0.0917031753900683
EG,2020-03-08,NA,NA,0.09139209664062806,0.0917031753900683
EG,2020-03-09,NA,NA,0.09139209664062806,0.0917031753900683
EG,2020-03-10,NA,NA,0.09139209664062806,0.0917031753900683
EG,2020-03-11,NA,NA,0.09139209664062806,0.0917031753900683
EG,2020-03-12,NA,NA,0.09139209664062806,0.0917031753900683
EG,2020-03-13,NA,NA,0.09139209664062806,0.0917031753900683
EG,2020-03-14,NA,NA,0.09139209664062806,0.0917031753900683
EG,2020-03-15,NA,NA,0.09139209664062806,0.0917031753900683
EG,2020-03-16,NA,NA,0.09139209664062806,0.0917031753900683
EG,2020-03-17,NA,NA,0.09139209664062806,0.0917031753900683
EG,2020-03-18,NA,NA,0.09139209664062806,0.0917031753900683
EG,2020-03-19,NA,NA,0.09139209664062806,0.0917031753900683
EG,2020-03-20,NA,NA,0.09139209664062806,0.0917031753900683
EG,2020-03-21,NA,NA,0.09139209664062806,0.0917031753900683
EG,2020-03-22,NA,NA,0.09139209664062806,0.0917031753900683
EG,2020-03-23,NA,NA,0.09139209664062806,0.0917031753900683
EG,2020-03-24,NA,NA,0.09139209664062806,0.0917031753900683
EG,2020-03-25,NA,NA,0.09139209664062806,0.0917031753900683
EG,2020-03-26,NA,NA,0.09139209664062806,0.0917031753900683
EG,2020-03-27,NA,NA,0.09139209664062806,0.0917031753900683
EG,2020-03-28,NA,NA,0.09139209664062806,0.0917031753900683
EG,2020-03-29,NA,NA,0.09139209664062806,0.0917031753900683
EG,2020-03-30,NA,NA,0.09139209664062806,0.0917031753900683
EG,2020-03-31,NA,28.3315499585947,0.09139209664062806,0.0917031753900683
EG,2020-04-01,NA,NA,-0.0075261774214607,0.0917031753900683
EG,2020-04-02,NA,NA,-0.0075261774214607,0.0917031753900683
EG,2020-04-03,NA,NA,-0.0075261774214607,0.0917031753900683
EG,2020-04-04,NA,NA,-0.0075261774214607,0.0917031753900683
EG,2020-04-05,NA,NA,-0.0075261774214607,0.0917031753900683
EG,2020-04-06,NA,NA,-0.0075261774214607,-0.00729203742221051
EG,2020-04-07,NA,NA,-0.0075261774214607,-0.00729203742221051
EG,2020-04-08,NA,NA,-0.0075261774214607,-0.00729203742221051
EG,2020-04-09,NA,NA,-0.0075261774214607,-0.00729203742221051
EG,2020-04-10,NA,NA,-0.0075261774214607,-0.00729203742221051
EG,2020-04-11,NA,NA,-0.0075261774214607,-0.00729203742221051
EG,2020-04-12,NA,NA,-0.0075261774214607,-0.00729203742221051
EG,2020-04-13,NA,NA,-0.0075261774214607,-0.00729203742221051
EG,2020-04-14,NA,NA,-0.0075261774214607,-0.00729203742221051
EG,2020-04-15,NA,NA,-0.0075261774214607,-0.00729203742221051
EG,2020-04-16,NA,NA,-0.0075261774214607,-0.00729203742221051
EG,2020-04-17,NA,NA,-0.0075261774214607,-0.00729203742221051
EG,2020-04-18,NA,NA,-0.0075261774214607,-0.00729203742221051
EG,2020-04-19,NA,NA,-0.0075261774214607,-0.00729203742221051
EG,2020-04-20,NA,NA,-0.0075261774214607,-0.00729203742221051
EG,2020-04-21,NA,NA,-0.0075261774214607,-0.00729203742221051
EG,2020-04-22,NA,NA,-0.0075261774214607,-0.00729203742221051
EG,2020-04-23,NA,NA,-0.0075261774214607,-0.00729203742221051
EG,2020-04-24,NA,NA,-0.0075261774214607,-0.00729203742221051
EG,2020-04-25,NA,NA,-0.0075261774214607,-0.00729203742221051
EG,2020-04-26,NA,NA,-0.0075261774214607,-0.00729203742221051
EG,2020-04-27,NA,NA,-0.0075261774214607,-0.00729203742221051
EG,2020-04-28,NA,NA,-0.0075261774214607,-0.00729203742221051
EG,2020-04-29,NA,NA,-0.0075261774214607,-0.00729203742221051
EG,2020-04-30,NA,-2.25785322643821,-0.0075261774214607,-0.00729203742221051
EG,2020-05-01,NA,NA,0.409126445216,-0.00729203742221051
EG,2020-05-02,NA,NA,0.409126445216,-0.00729203742221051
EG,2020-05-03,NA,NA,0.409126445216,-0.00729203742221051
EG,2020-05-04,NA,NA,0.409126445216,0.409437523965442
EG,2020-05-05,NA,NA,0.409126445216,0.409437523965442
EG,2020-05-06,NA,NA,0.409126445216,0.409437523965442
EG,2020-05-07,NA,NA,0.409126445216,0.409437523965442
EG,2020-05-08,NA,NA,0.409126445216,0.409437523965442
EG,2020-05-09,NA,NA,0.409126445216,0.409437523965442
EG,2020-05-10,NA,NA,0.409126445216,0.409437523965442
EG,2020-05-11,NA,NA,0.409126445216,0.409437523965442
EG,2020-05-12,NA,NA,0.409126445216,0.409437523965442
EG,2020-05-13,NA,NA,0.409126445216,0.409437523965442
EG,2020-05-14,NA,NA,0.409126445216,0.409437523965442
EG,2020-05-15,NA,NA,0.409126445216,0.409437523965442
EG,2020-05-16,NA,NA,0.409126445216,0.409437523965442
EG,2020-05-17,NA,NA,0.409126445216,0.409437523965442
EG,2020-05-18,NA,NA,0.409126445216,0.409437523965442
EG,2020-05-19,NA,NA,0.409126445216,0.409437523965442
EG,2020-05-20,NA,NA,0.409126445216,0.409437523965442
EG,2020-05-21,NA,NA,0.409126445216,0.409437523965442
EG,2020-05-22,NA,NA,0.409126445216,0.409437523965442
EG,2020-05-23,NA,NA,0.409126445216,0.409437523965442
EG,2020-05-24,NA,NA,0.409126445216,0.409437523965442
EG,2020-05-25,NA,NA,0.409126445216,0.409437523965442
EG,2020-05-26,NA,NA,0.409126445216,0.409437523965442
EG,2020-05-27,NA,NA,0.409126445216,0.409437523965442
EG,2020-05-28,NA,NA,0.409126445216,0.409437523965442
EG,2020-05-29,NA,NA,0.409126445216,0.409437523965442
EG,2020-05-30,NA,NA,0.409126445216,0.409437523965442
EG,2020-05-31,NA,126.82919801696,0.409126445216,0.409437523965442
EG,2020-06-01,NA,NA,NA,1.1485548875593
ES,2020-01-01,NA,NA,-0.3682577390502257,0
ES,2020-01-02,NA,NA,-0.3682577390502257,0
ES,2020-01-03,NA,NA,-0.3682577390502257,0
ES,2020-01-04,NA,NA,-0.3682577390502257,0
ES,2020-01-05,-25.7780417335158,NA,-0.3682577390502257,0
ES,2020-01-06,NA,NA,-0.2869659891851957,0
ES,2020-01-07,NA,NA,-0.2869659891851957,0
ES,2020-01-08,NA,NA,-0.2869659891851957,0
ES,2020-01-09,NA,NA,-0.2869659891851957,0
ES,2020-01-10,NA,NA,-0.2869659891851957,0
ES,2020-01-11,NA,NA,-0.2869659891851957,0
ES,2020-01-12,-20.0876192429637,NA,-0.2869659891851957,0
ES,2020-01-13,NA,NA,-0.18275363315521573,0
ES,2020-01-14,NA,NA,-0.18275363315521573,0
ES,2020-01-15,NA,NA,-0.18275363315521573,0
ES,2020-01-16,NA,NA,-0.18275363315521573,0
ES,2020-01-17,NA,NA,-0.18275363315521573,0
ES,2020-01-18,NA,NA,-0.18275363315521573,0
ES,2020-01-19,-12.7927543208651,NA,-0.18275363315521573,0
ES,2020-01-20,NA,NA,-0.06931191304281414,0
ES,2020-01-21,NA,NA,-0.06931191304281414,0
ES,2020-01-22,NA,NA,-0.06931191304281414,0
ES,2020-01-23,NA,NA,-0.06931191304281414,0
ES,2020-01-24,NA,NA,-0.06931191304281414,0
ES,2020-01-25,NA,NA,-0.06931191304281414,0
ES,2020-01-26,-4.85183391299699,NA,-0.06931191304281414,0
ES,2020-01-27,NA,NA,-0.02353182232935043,-0.00252756197571754
ES,2020-01-28,NA,NA,-0.02353182232935043,-0.00252756197571754
ES,2020-01-29,NA,NA,-0.02353182232935043,-0.00252756197571754
ES,2020-01-30,NA,NA,-0.02353182232935043,-0.00252756197571754
ES,2020-01-31,NA,NA,-0.02353182232935043,-0.00252756197571754
ES,2020-02-01,NA,NA,-0.02353182232935043,-0.00252756197571754
ES,2020-02-02,-1.64722756305453,NA,-0.02353182232935043,-0.00252756197571754
ES,2020-02-03,NA,NA,-0.17688595797698714,-0.130322675015413
ES,2020-02-04,NA,NA,-0.17688595797698714,-0.130322675015413
ES,2020-02-05,NA,NA,-0.17688595797698714,-0.130322675015413
ES,2020-02-06,NA,NA,-0.17688595797698714,-0.130322675015413
ES,2020-02-07,NA,NA,-0.17688595797698714,-0.130322675015413
ES,2020-02-08,NA,NA,-0.17688595797698714,-0.130322675015413
ES,2020-02-09,-12.3820170583891,NA,-0.17688595797698714,-0.130322675015413
ES,2020-02-10,NA,NA,-0.23721299340314142,-0.180595204537208
ES,2020-02-11,NA,NA,-0.23721299340314142,-0.180595204537208
ES,2020-02-12,NA,NA,-0.23721299340314142,-0.180595204537208
ES,2020-02-13,NA,NA,-0.23721299340314142,-0.180595204537208
ES,2020-02-14,NA,NA,-0.23721299340314142,-0.180595204537208
ES,2020-02-15,NA,NA,-0.23721299340314142,-0.180595204537208
ES,2020-02-16,-16.6049095382199,NA,-0.23721299340314142,-0.180595204537208
ES,2020-02-17,NA,NA,-0.30450789310344,-0.23667428762079
ES,2020-02-18,NA,NA,-0.30450789310344,-0.23667428762079
ES,2020-02-19,NA,NA,-0.30450789310344,-0.23667428762079
ES,2020-02-20,NA,NA,-0.30450789310344,-0.23667428762079
ES,2020-02-21,NA,NA,-0.30450789310344,-0.23667428762079
ES,2020-02-22,NA,NA,-0.30450789310344,-0.23667428762079
ES,2020-02-23,-21.3155525172408,NA,-0.30450789310344,-0.23667428762079
ES,2020-02-24,NA,NA,-0.24161374978681144,-0.221115001828318
ES,2020-02-25,NA,NA,-0.24161374978681144,-0.221115001828318
ES,2020-02-26,NA,NA,-0.24161374978681144,-0.221115001828318
ES,2020-02-27,NA,NA,-0.24161374978681144,-0.221115001828318
ES,2020-02-28,NA,NA,-0.24161374978681144,-0.221115001828318
ES,2020-02-29,NA,NA,-0.24161374978681144,-0.221115001828318
ES,2020-03-01,-16.9129624850768,NA,-0.24161374978681144,-0.221115001828318
ES,2020-03-02,NA,NA,-0.12316005712634086,-0.102661309167849
ES,2020-03-03,NA,NA,-0.12316005712634086,-0.102661309167849
ES,2020-03-04,NA,NA,-0.12316005712634086,-0.102661309167849
ES,2020-03-05,NA,NA,-0.12316005712634086,-0.102661309167849
ES,2020-03-06,NA,NA,-0.12316005712634086,-0.102661309167849
ES,2020-03-07,NA,NA,-0.12316005712634086,-0.102661309167849
ES,2020-03-08,-8.62120399884386,NA,-0.12316005712634086,-0.102661309167849
ES,2020-03-09,NA,NA,0.27999812491105147,0.300496872869541
ES,2020-03-10,NA,NA,0.27999812491105147,0.300496872869541
ES,2020-03-11,NA,NA,0.27999812491105147,0.300496872869541
ES,2020-03-12,NA,NA,0.27999812491105147,0.300496872869541
ES,2020-03-13,NA,NA,0.27999812491105147,0.300496872869541
ES,2020-03-14,NA,NA,0.27999812491105147,0.300496872869541
ES,2020-03-15,19.5998687437736,NA,0.27999812491105147,0.300496872869541
ES,2020-03-16,NA,NA,1.3918614495687516,1.41236019752725
ES,2020-03-17,NA,NA,1.3918614495687516,1.41236019752725
ES,2020-03-18,NA,NA,1.3918614495687516,1.41236019752725
ES,2020-03-19,NA,NA,1.3918614495687516,1.41236019752725
ES,2020-03-20,NA,NA,1.3918614495687516,1.41236019752725
ES,2020-03-21,NA,NA,1.3918614495687516,1.41236019752725
ES,2020-03-22,97.4303014698126,NA,1.3918614495687516,1.41236019752725
ES,2020-03-23,NA,NA,3.5155931343885287,3.53609188234702
ES,2020-03-24,NA,NA,3.5155931343885287,3.53609188234702
ES,2020-03-25,NA,NA,3.5155931343885287,3.53609188234702
ES,2020-03-26,NA,NA,3.5155931343885287,3.53609188234702
ES,2020-03-27,NA,NA,3.5155931343885287,3.53609188234702
ES,2020-03-28,NA,NA,3.5155931343885287,3.53609188234702
ES,2020-03-29,246.091519407197,NA,3.5155931343885287,3.53609188234702
ES,2020-03-30,NA,NA,3.9108666279051714,3.93136537586367
ES,2020-03-31,NA,NA,3.9108666279051714,3.93136537586367
ES,2020-04-01,NA,NA,3.9108666279051714,3.93136537586367
ES,2020-04-02,NA,NA,3.9108666279051714,3.93136537586367
ES,2020-04-03,NA,NA,3.9108666279051714,3.93136537586367
ES,2020-04-04,NA,NA,3.9108666279051714,3.93136537586367
ES,2020-04-05,273.760663953362,NA,3.9108666279051714,3.93136537586367
ES,2020-04-06,NA,NA,2.8376932864539146,2.8581920344124
ES,2020-04-07,NA,NA,2.8376932864539146,2.8581920344124
ES,2020-04-08,NA,NA,2.8376932864539146,2.8581920344124
ES,2020-04-09,NA,NA,2.8376932864539146,2.8581920344124
ES,2020-04-10,NA,NA,2.8376932864539146,2.8581920344124
ES,2020-04-11,NA,NA,2.8376932864539146,2.8581920344124
ES,2020-04-12,198.638530051774,NA,2.8376932864539146,2.8581920344124
ES,2020-04-13,NA,NA,1.6523617788354856,1.67286052679398
ES,2020-04-14,NA,NA,1.6523617788354856,1.67286052679398
ES,2020-04-15,NA,NA,1.6523617788354856,1.67286052679398
ES,2020-04-16,NA,NA,1.6523617788354856,1.67286052679398
ES,2020-04-17,NA,NA,1.6523617788354856,1.67286052679398
ES,2020-04-18,NA,NA,1.6523617788354856,1.67286052679398
ES,2020-04-19,115.665324518484,NA,1.6523617788354856,1.67286052679398
ES,2020-04-20,NA,NA,0.8303982809520929,0.850897028910583
ES,2020-04-21,NA,NA,0.8303982809520929,0.850897028910583
ES,2020-04-22,NA,NA,0.8303982809520929,0.850897028910583
ES,2020-04-23,NA,NA,0.8303982809520929,0.850897028910583
ES,2020-04-24,NA,NA,0.8303982809520929,0.850897028910583
ES,2020-04-25,NA,NA,0.8303982809520929,0.850897028910583
ES,2020-04-26,58.1278796666465,NA,0.8303982809520929,0.850897028910583
ES,2020-04-27,NA,NA,0.43952554381911574,0.460024291777611
ES,2020-04-28,NA,NA,0.43952554381911574,0.460024291777611
ES,2020-04-29,NA,NA,0.43952554381911574,0.460024291777611
ES,2020-04-30,NA,NA,0.43952554381911574,0.460024291777611
ES,2020-05-01,NA,NA,0.43952554381911574,0.460024291777611
ES,2020-05-02,NA,NA,0.43952554381911574,0.460024291777611
ES,2020-05-03,30.7667880673381,NA,0.43952554381911574,0.460024291777611
ES,2020-05-04,NA,NA,0.2597057482530143,0.280204496211508
ES,2020-05-05,NA,NA,0.2597057482530143,0.280204496211508
ES,2020-05-06,NA,NA,0.2597057482530143,0.280204496211508
ES,2020-05-07,NA,NA,0.2597057482530143,0.280204496211508
ES,2020-05-08,NA,NA,0.2597057482530143,0.280204496211508
ES,2020-05-09,NA,NA,0.2597057482530143,0.280204496211508
ES,2020-05-10,18.179402377711,NA,0.2597057482530143,0.280204496211508
ES,2020-05-11,NA,NA,-0.011735350356455315,0.00876339760203967
ES,2020-05-12,NA,NA,-0.011735350356455315,0.00876339760203967
ES,2020-05-13,NA,NA,-0.011735350356455315,0.00876339760203967
ES,2020-05-14,NA,NA,-0.011735350356455315,0.00876339760203967
ES,2020-05-15,NA,NA,-0.011735350356455315,0.00876339760203967
ES,2020-05-16,NA,NA,-0.011735350356455315,0.00876339760203967
ES,2020-05-17,-0.821474524951872,NA,-0.011735350356455315,0.00876339760203967
ES,2020-05-18,NA,NA,0.048469441836818006,0.0689681897953106
ES,2020-05-19,NA,NA,0.048469441836818006,0.0689681897953106
ES,2020-05-20,NA,NA,0.048469441836818006,0.0689681897953106
ES,2020-05-21,NA,NA,0.048469441836818006,0.0689681897953106
ES,2020-05-22,NA,NA,0.048469441836818006,0.0689681897953106
ES,2020-05-23,NA,NA,0.048469441836818006,0.0689681897953106
ES,2020-05-24,3.39286092857726,NA,0.048469441836818006,0.0689681897953106
ES,2020-05-25,NA,NA,0.09033774909813001,0.110836497056621
ES,2020-05-26,NA,NA,0.09033774909813001,0.110836497056621
ES,2020-05-27,NA,NA,0.09033774909813001,0.110836497056621
ES,2020-05-28,NA,NA,0.09033774909813001,0.110836497056621
ES,2020-05-29,NA,NA,0.09033774909813001,0.110836497056621
ES,2020-05-30,NA,NA,0.09033774909813001,0.110836497056621
ES,2020-05-31,6.3236424368691,NA,0.09033774909813001,0.110836497056621
ES,2020-06-01,NA,NA,NA,-0.0503412054953198
FR,2020-01-01,NA,NA,-0.21190411564161143,0
FR,2020-01-02,NA,NA,-0.21190411564161143,0
FR,2020-01-03,NA,NA,-0.21190411564161143,0
FR,2020-01-04,NA,NA,-0.21190411564161143,0
FR,2020-01-05,-14.8332880949128,NA,-0.21190411564161143,0
FR,2020-01-06,NA,NA,-0.13895767790826885,0
FR,2020-01-07,NA,NA,-0.13895767790826885,0
FR,2020-01-08,NA,NA,-0.13895767790826885,0
FR,2020-01-09,NA,NA,-0.13895767790826885,0
FR,2020-01-10,NA,NA,-0.13895767790826885,0
FR,2020-01-11,NA,NA,-0.13895767790826885,0
FR,2020-01-12,-9.72703745357882,NA,-0.13895767790826885,0
FR,2020-01-13,NA,NA,-0.19160597644624713,0
FR,2020-01-14,NA,NA,-0.19160597644624713,0
FR,2020-01-15,NA,NA,-0.19160597644624713,0
FR,2020-01-16,NA,NA,-0.19160597644624713,0
FR,2020-01-17,NA,NA,-0.19160597644624713,0
FR,2020-01-18,NA,NA,-0.19160597644624713,0
FR,2020-01-19,-13.4124183512373,NA,-0.19160597644624713,0
FR,2020-01-20,NA,NA,-0.2186278742500757,0
FR,2020-01-21,NA,NA,-0.2186278742500757,0
FR,2020-01-22,NA,NA,-0.2186278742500757,0
FR,2020-01-23,NA,NA,-0.2186278742500757,0
FR,2020-01-24,NA,NA,-0.2186278742500757,0
FR,2020-01-25,NA,NA,-0.2186278742500757,0
FR,2020-01-26,-15.3039511975053,NA,-0.2186278742500757,0
FR,2020-01-27,NA,NA,-0.17431027034019572,-0.127419832544545
FR,2020-01-28,NA,NA,-0.17431027034019572,-0.127419832544545
FR,2020-01-29,NA,NA,-0.17431027034019572,-0.127419832544545
FR,2020-01-30,NA,NA,-0.17431027034019572,-0.127419832544545
FR,2020-01-31,NA,NA,-0.17431027034019572,-0.127419832544545
FR,2020-02-01,NA,NA,-0.17431027034019572,-0.127419832544545
FR,2020-02-02,-12.2017189238137,NA,-0.17431027034019572,-0.127419832544545
FR,2020-02-03,NA,NA,-0.22767746130801,-0.171892491684387
FR,2020-02-04,NA,NA,-0.22767746130801,-0.171892491684387
FR,2020-02-05,NA,NA,-0.22767746130801,-0.171892491684387
FR,2020-02-06,NA,NA,-0.22767746130801,-0.171892491684387
FR,2020-02-07,NA,NA,-0.22767746130801,-0.171892491684387
FR,2020-02-08,NA,NA,-0.22767746130801,-0.171892491684387
FR,2020-02-09,-15.9374222915607,NA,-0.22767746130801,-0.171892491684387
FR,2020-02-10,NA,NA,-0.22353325788895573,-0.168438988835178
FR,2020-02-11,NA,NA,-0.22353325788895573,-0.168438988835178
FR,2020-02-12,NA,NA,-0.22353325788895573,-0.168438988835178
FR,2020-02-13,NA,NA,-0.22353325788895573,-0.168438988835178
FR,2020-02-14,NA,NA,-0.22353325788895573,-0.168438988835178
FR,2020-02-15,NA,NA,-0.22353325788895573,-0.168438988835178
FR,2020-02-16,-15.6473280522269,NA,-0.22353325788895573,-0.168438988835178
FR,2020-02-17,NA,NA,-0.28590774812471287,-0.220417730698308
FR,2020-02-18,NA,NA,-0.28590774812471287,-0.220417730698308
FR,2020-02-19,NA,NA,-0.28590774812471287,-0.220417730698308
FR,2020-02-20,NA,NA,-0.28590774812471287,-0.220417730698308
FR,2020-02-21,NA,NA,-0.28590774812471287,-0.220417730698308
FR,2020-02-22,NA,NA,-0.28590774812471287,-0.220417730698308
FR,2020-02-23,-20.0135423687299,NA,-0.28590774812471287,-0.220417730698308
FR,2020-02-24,NA,NA,-0.24831390282329713,-0.226907431536564
FR,2020-02-25,NA,NA,-0.24831390282329713,-0.226907431536564
FR,2020-02-26,NA,NA,-0.24831390282329713,-0.226907431536564
FR,2020-02-27,NA,NA,-0.24831390282329713,-0.226907431536564
FR,2020-02-28,NA,NA,-0.24831390282329713,-0.226907431536564
FR,2020-02-29,NA,NA,-0.24831390282329713,-0.226907431536564
FR,2020-03-01,-17.3819731976308,NA,-0.24831390282329713,-0.226907431536564
FR,2020-03-02,NA,NA,-0.16466865422239713,-0.143262182935665
FR,2020-03-03,NA,NA,-0.16466865422239713,-0.143262182935665
FR,2020-03-04,NA,NA,-0.16466865422239713,-0.143262182935665
FR,2020-03-05,NA,NA,-0.16466865422239713,-0.143262182935665
FR,2020-03-06,NA,NA,-0.16466865422239713,-0.143262182935665
FR,2020-03-07,NA,NA,-0.16466865422239713,-0.143262182935665
FR,2020-03-08,-11.5268057955678,NA,-0.16466865422239713,-0.143262182935665
FR,2020-03-09,NA,NA,0.047150885839233,0.0685573571259651
FR,2020-03-10,NA,NA,0.047150885839233,0.0685573571259651
FR,2020-03-11,NA,NA,0.047150885839233,0.0685573571259651
FR,2020-03-12,NA,NA,0.047150885839233,0.0685573571259651
FR,2020-03-13,NA,NA,0.047150885839233,0.0685573571259651
FR,2020-03-14,NA,NA,0.047150885839233,0.0685573571259651
FR,2020-03-15,3.30056200874631,NA,0.047150885839233,0.0685573571259651
FR,2020-03-16,NA,NA,0.40169171711827284,0.423098188405009
FR,2020-03-17,NA,NA,0.40169171711827284,0.423098188405009
FR,2020-03-18,NA,NA,0.40169171711827284,0.423098188405009
FR,2020-03-19,NA,NA,0.40169171711827284,0.423098188405009
FR,2020-03-20,NA,NA,0.40169171711827284,0.423098188405009
FR,2020-03-21,NA,NA,0.40169171711827284,0.423098188405009
FR,2020-03-22,28.1184201982791,NA,0.40169171711827284,0.423098188405009
FR,2020-03-23,NA,NA,0.8989115518247314,0.920318023111463
FR,2020-03-24,NA,NA,0.8989115518247314,0.920318023111463
FR,2020-03-25,NA,NA,0.8989115518247314,0.920318023111463
FR,2020-03-26,NA,NA,0.8989115518247314,0.920318023111463
FR,2020-03-27,NA,NA,0.8989115518247314,0.920318023111463
FR,2020-03-28,NA,NA,0.8989115518247314,0.920318023111463
FR,2020-03-29,62.9238086277312,NA,0.8989115518247314,0.920318023111463
FR,2020-03-30,NA,NA,1.5076865765257144,1.52909304781245
FR,2020-03-31,NA,NA,1.5076865765257144,1.52909304781245
FR,2020-04-01,NA,NA,1.5076865765257144,1.52909304781245
FR,2020-04-02,NA,NA,1.5076865765257144,1.52909304781245
FR,2020-04-03,NA,NA,1.5076865765257144,1.52909304781245
FR,2020-04-04,NA,NA,1.5076865765257144,1.52909304781245
FR,2020-04-05,105.5380603568,NA,1.5076865765257144,1.52909304781245
FR,2020-04-06,NA,NA,1.2887626877457086,1.31016915903244
FR,2020-04-07,NA,NA,1.2887626877457086,1.31016915903244
FR,2020-04-08,NA,NA,1.2887626877457086,1.31016915903244
FR,2020-04-09,NA,NA,1.2887626877457086,1.31016915903244
FR,2020-04-10,NA,NA,1.2887626877457086,1.31016915903244
FR,2020-04-11,NA,NA,1.2887626877457086,1.31016915903244
FR,2020-04-12,90.2133881421996,NA,1.2887626877457086,1.31016915903244
FR,2020-04-13,NA,NA,0.8614022821032972,0.882808753390031
FR,2020-04-14,NA,NA,0.8614022821032972,0.882808753390031
FR,2020-04-15,NA,NA,0.8614022821032972,0.882808753390031
FR,2020-04-16,NA,NA,0.8614022821032972,0.882808753390031
FR,2020-04-17,NA,NA,0.8614022821032972,0.882808753390031
FR,2020-04-18,NA,NA,0.8614022821032972,0.882808753390031
FR,2020-04-19,60.2981597472308,NA,0.8614022821032972,0.882808753390031
FR,2020-04-20,NA,NA,0.3402898460522943,0.361696317339028
FR,2020-04-21,NA,NA,0.3402898460522943,0.361696317339028
FR,2020-04-22,NA,NA,0.3402898460522943,0.361696317339028
FR,2020-04-23,NA,NA,0.3402898460522943,0.361696317339028
FR,2020-04-24,NA,NA,0.3402898460522943,0.361696317339028
FR,2020-04-25,NA,NA,0.3402898460522943,0.361696317339028
FR,2020-04-26,23.8202892236606,NA,0.3402898460522943,0.361696317339028
FR,2020-04-27,NA,NA,0.03991967375088428,0.0613261450376195
FR,2020-04-28,NA,NA,0.03991967375088428,0.0613261450376195
FR,2020-04-29,NA,NA,0.03991967375088428,0.0613261450376195
FR,2020-04-30,NA,NA,0.03991967375088428,0.0613261450376195
FR,2020-05-01,NA,NA,0.03991967375088428,0.0613261450376195
FR,2020-05-02,NA,NA,0.03991967375088428,0.0613261450376195
FR,2020-05-03,2.7943771625619,NA,0.03991967375088428,0.0613261450376195
FR,2020-05-04,NA,NA,0.020425002565335856,0.0418314738520711
FR,2020-05-05,NA,NA,0.020425002565335856,0.0418314738520711
FR,2020-05-06,NA,NA,0.020425002565335856,0.0418314738520711
FR,2020-05-07,NA,NA,0.020425002565335856,0.0418314738520711
FR,2020-05-08,NA,NA,0.020425002565335856,0.0418314738520711
FR,2020-05-09,NA,NA,0.020425002565335856,0.0418314738520711
FR,2020-05-10,1.42975017957351,NA,0.020425002565335856,0.0418314738520711
FR,2020-05-11,NA,NA,-0.015308179976504285,0.00609829131023116
FR,2020-05-12,NA,NA,-0.015308179976504285,0.00609829131023116
FR,2020-05-13,NA,NA,-0.015308179976504285,0.00609829131023116
FR,2020-05-14,NA,NA,-0.015308179976504285,0.00609829131023116
FR,2020-05-15,NA,NA,-0.015308179976504285,0.00609829131023116
FR,2020-05-16,NA,NA,-0.015308179976504285,0.00609829131023116
FR,2020-05-17,-1.0715725983553,NA,-0.015308179976504285,0.00609829131023116
FR,2020-05-18,NA,NA,0.061486446645959425,0.0828929179326928
FR,2020-05-19,NA,NA,0.061486446645959425,0.0828929179326928
FR,2020-05-20,NA,NA,0.061486446645959425,0.0828929179326928
FR,2020-05-21,NA,NA,0.061486446645959425,0.0828929179326928
FR,2020-05-22,NA,NA,0.061486446645959425,0.0828929179326928
FR,2020-05-23,NA,NA,0.061486446645959425,0.0828929179326928
FR,2020-05-24,4.30405126521716,NA,0.061486446645959425,0.0828929179326928
FR,2020-05-25,NA,NA,-0.026599019903926144,-0.00519254861719354
FR,2020-05-26,NA,NA,-0.026599019903926144,-0.00519254861719354
FR,2020-05-27,NA,NA,-0.026599019903926144,-0.00519254861719354
FR,2020-05-28,NA,NA,-0.026599019903926144,-0.00519254861719354
FR,2020-05-29,NA,NA,-0.026599019903926144,-0.00519254861719354
FR,2020-05-30,NA,NA,-0.026599019903926144,-0.00519254861719354
FR,2020-05-31,-1.86193139327483,NA,-0.026599019903926144,-0.00519254861719354
FR,2020-06-01,NA,NA,NA,-0.00180952541796568
GA,2020-01-01,NA,NA,NA,0.0187097069999997
GA,2020-01-02,NA,NA,NA,0.0187097069999997
GA,2020-01-03,NA,NA,NA,0.0187097069999997
GA,2020-01-04,NA,NA,NA,0.0187097069999997
GA,2020-01-05,NA,NA,NA,0.0187097069999997
GA,2020-01-06,NA,NA,NA,0.0182912459999997
GA,2020-01-07,NA,NA,NA,0.0182912459999997
GA,2020-01-08,NA,NA,NA,0.0182912459999997
GA,2020-01-09,NA,NA,NA,0.0182912459999997
GA,2020-01-10,NA,NA,NA,0.0182912459999997
GA,2020-01-11,NA,NA,NA,0.0182912459999997
GA,2020-01-12,NA,NA,NA,0.0182912459999997
GA,2020-01-13,NA,NA,NA,0.0182912459999997
GA,2020-01-14,NA,NA,NA,0.0182912459999997
GA,2020-01-15,NA,NA,NA,0.0182912459999997
GA,2020-01-16,NA,NA,NA,0.0182912459999997
GA,2020-01-17,NA,NA,NA,0.0182912459999997
GA,2020-01-18,NA,NA,NA,0.0182912459999997
GA,2020-01-19,NA,NA,NA,0.0182912459999997
GA,2020-01-20,NA,NA,NA,0.00516587799999976
GA,2020-01-21,NA,NA,NA,0.00516587799999976
GA,2020-01-22,NA,NA,NA,0.00516587799999976
GA,2020-01-23,NA,NA,NA,0.00516587799999976
GA,2020-01-24,NA,NA,NA,0.00516587799999976
GA,2020-01-25,NA,NA,NA,0.00516587799999976
GA,2020-01-26,NA,NA,NA,0.00516587799999976
GA,2020-01-27,NA,NA,NA,0.0182912459999997
GA,2020-01-28,NA,NA,NA,0.0182912459999997
GA,2020-01-29,NA,NA,NA,0.0182912459999997
GA,2020-01-30,NA,NA,NA,0.0182912459999997
GA,2020-01-31,NA,NA,NA,0.0182912459999997
GA,2020-02-01,NA,NA,NA,0.0182912459999997
GA,2020-02-02,NA,NA,NA,0.0182912459999997
GA,2020-02-03,NA,NA,NA,0.0181067719999997
GA,2020-02-04,NA,NA,NA,0.0181067719999997
GA,2020-02-05,NA,NA,NA,0.0181067719999997
GA,2020-02-06,NA,NA,NA,0.0181067719999997
GA,2020-02-07,NA,NA,NA,0.0181067719999997
GA,2020-02-08,NA,NA,NA,0.0181067719999997
GA,2020-02-09,NA,NA,NA,0.0181067719999997
GA,2020-02-10,NA,NA,NA,-1.2197900000023e-4
GA,2020-02-11,NA,NA,NA,-1.2197900000023e-4
GA,2020-02-12,NA,NA,NA,-1.2197900000023e-4
GA,2020-02-13,NA,NA,NA,-1.2197900000023e-4
GA,2020-02-14,NA,NA,NA,-1.2197900000023e-4
GA,2020-02-15,NA,NA,NA,-1.2197900000023e-4
GA,2020-02-16,NA,NA,NA,-1.2197900000023e-4
GA,2020-02-17,NA,NA,NA,0.00333832799999975
GA,2020-02-18,NA,NA,NA,0.00333832799999975
GA,2020-02-19,NA,NA,NA,0.00333832799999975
GA,2020-02-20,NA,NA,NA,0.00333832799999975
GA,2020-02-21,NA,NA,NA,0.00333832799999975
GA,2020-02-22,NA,NA,NA,0.00333832799999975
GA,2020-02-23,NA,NA,NA,0.00333832799999975
GA,2020-02-24,NA,NA,NA,-0.0117849530000002
GA,2020-02-25,NA,NA,NA,-0.0117849530000002
GA,2020-02-26,NA,NA,NA,-0.0117849530000002
GA,2020-02-27,NA,NA,NA,-0.0117849530000002
GA,2020-02-28,NA,NA,NA,-0.0117849530000002
GA,2020-02-29,NA,NA,NA,-0.0117849530000002
GA,2020-03-01,NA,NA,NA,-0.0117849530000002
GA,2020-03-02,NA,NA,NA,0.00967852099999978
GA,2020-03-03,NA,NA,NA,0.00967852099999978
GA,2020-03-04,NA,NA,NA,0.00967852099999978
GA,2020-03-05,NA,NA,NA,0.00967852099999978
GA,2020-03-06,NA,NA,NA,0.00967852099999978
GA,2020-03-07,NA,NA,NA,0.00967852099999978
GA,2020-03-08,NA,NA,NA,0.00967852099999978
GA,2020-03-09,NA,NA,NA,-0.0471579920000004
GA,2020-03-10,NA,NA,NA,-0.0471579920000004
GA,2020-03-11,NA,NA,NA,-0.0471579920000004
GA,2020-03-12,NA,NA,NA,-0.0471579920000004
GA,2020-03-13,NA,NA,NA,-0.0471579920000004
GA,2020-03-14,NA,NA,NA,-0.0471579920000004
GA,2020-03-15,NA,NA,NA,-0.0471579920000004
GA,2020-03-16,NA,NA,NA,-0.0485983950000004
GA,2020-03-17,NA,NA,NA,-0.0485983950000004
GA,2020-03-18,NA,NA,NA,-0.0485983950000004
GA,2020-03-19,NA,NA,NA,-0.0485983950000004
GA,2020-03-20,NA,NA,NA,-0.0485983950000004
GA,2020-03-21,NA,NA,NA,-0.0485983950000004
GA,2020-03-22,NA,NA,NA,-0.0485983950000004
GA,2020-03-23,NA,NA,NA,-0.0891336030000001
GA,2020-03-24,NA,NA,NA,-0.0891336030000001
GA,2020-03-25,NA,NA,NA,-0.0891336030000001
GA,2020-03-26,NA,NA,NA,-0.0891336030000001
GA,2020-03-27,NA,NA,NA,-0.0891336030000001
GA,2020-03-28,NA,NA,NA,-0.0891336030000001
GA,2020-03-29,NA,NA,NA,-0.0891336030000001
GA,2020-03-30,NA,NA,NA,-0.0961428480000001
GA,2020-03-31,NA,NA,NA,-0.0961428480000001
GA,2020-04-01,NA,NA,NA,-0.0961428480000001
GA,2020-04-02,NA,NA,NA,-0.0961428480000001
GA,2020-04-03,NA,NA,NA,-0.0961428480000001
GA,2020-04-04,NA,NA,NA,-0.0961428480000001
GA,2020-04-05,NA,NA,NA,-0.0961428480000001
GA,2020-04-06,NA,NA,NA,-0.0853954140000002
GA,2020-04-07,NA,NA,NA,-0.0853954140000002
GA,2020-04-08,NA,NA,NA,-0.0853954140000002
GA,2020-04-09,NA,NA,NA,-0.0853954140000002
GA,2020-04-10,NA,NA,NA,-0.0853954140000002
GA,2020-04-11,NA,NA,NA,-0.0853954140000002
GA,2020-04-12,NA,NA,NA,-0.0853954140000002
GA,2020-04-13,NA,NA,NA,-0.0649698810000004
GA,2020-04-14,NA,NA,NA,-0.0649698810000004
GA,2020-04-15,NA,NA,NA,-0.0649698810000004
GA,2020-04-16,NA,NA,NA,-0.0649698810000004
GA,2020-04-17,NA,NA,NA,-0.0649698810000004
GA,2020-04-18,NA,NA,NA,-0.0649698810000004
GA,2020-04-19,NA,NA,NA,-0.0649698810000004
GA,2020-04-20,NA,NA,NA,-0.0736983520000002
GA,2020-04-21,NA,NA,NA,-0.0736983520000002
GA,2020-04-22,NA,NA,NA,-0.0736983520000002
GA,2020-04-23,NA,NA,NA,-0.0736983520000002
GA,2020-04-24,NA,NA,NA,-0.0736983520000002
GA,2020-04-25,NA,NA,NA,-0.0736983520000002
GA,2020-04-26,NA,NA,NA,-0.0736983520000002
GA,2020-04-27,NA,NA,NA,-0.0859067600000002
GA,2020-04-28,NA,NA,NA,-0.0859067600000002
GA,2020-04-29,NA,NA,NA,-0.0859067600000002
GA,2020-04-30,NA,NA,NA,-0.0859067600000002
GA,2020-05-01,NA,NA,NA,-0.0859067600000002
GA,2020-05-02,NA,NA,NA,-0.0859067600000002
GA,2020-05-03,NA,NA,NA,-0.0859067600000002
GA,2020-05-04,NA,NA,NA,-0.0439984040000004
GA,2020-05-05,NA,NA,NA,-0.0439984040000004
GA,2020-05-06,NA,NA,NA,-0.0439984040000004
GA,2020-05-07,NA,NA,NA,-0.0439984040000004
GA,2020-05-08,NA,NA,NA,-0.0439984040000004
GA,2020-05-09,NA,NA,NA,-0.0439984040000004
GA,2020-05-10,NA,NA,NA,-0.0439984040000004
GA,2020-05-11,NA,NA,NA,0.0207228399999996
GA,2020-05-12,NA,NA,NA,0.0207228399999996
GA,2020-05-13,NA,NA,NA,0.0207228399999996
GA,2020-05-14,NA,NA,NA,0.0207228399999996
GA,2020-05-15,NA,NA,NA,0.0207228399999996
GA,2020-05-16,NA,NA,NA,0.0207228399999996
GA,2020-05-17,NA,NA,NA,0.0207228399999996
GA,2020-05-18,NA,NA,NA,0.121802939999999
GA,2020-05-19,NA,NA,NA,0.121802939999999
GA,2020-05-20,NA,NA,NA,0.121802939999999
GA,2020-05-21,NA,NA,NA,0.121802939999999
GA,2020-05-22,NA,NA,NA,0.121802939999999
GA,2020-05-23,NA,NA,NA,0.121802939999999
GA,2020-05-24,NA,NA,NA,0.121802939999999
GA,2020-05-25,NA,NA,NA,0.288473372
GA,2020-05-26,NA,NA,NA,0.288473372
GA,2020-05-27,NA,NA,NA,0.288473372
GA,2020-05-28,NA,NA,NA,0.288473372
GA,2020-05-29,NA,NA,NA,0.288473372
GA,2020-05-30,NA,NA,NA,0.288473372
GA,2020-05-31,NA,NA,NA,0.288473372
GA,2020-06-01,NA,NA,NA,0.0278701629999992
GB,2020-01-01,NA,NA,0.015059174870569285,0
GB,2020-01-02,NA,NA,0.015059174870569285,0
GB,2020-01-03,NA,NA,0.015059174870569285,0
GB,2020-01-04,NA,NA,0.015059174870569285,0
GB,2020-01-05,1.05414224093985,NA,0.015059174870569285,0
GB,2020-01-06,NA,NA,0.03587811759844957,0
GB,2020-01-07,NA,NA,0.03587811759844957,0
GB,2020-01-08,NA,NA,0.03587811759844957,0
GB,2020-01-09,NA,NA,0.03587811759844957,0
GB,2020-01-10,NA,NA,0.03587811759844957,0
GB,2020-01-11,NA,NA,0.03587811759844957,0
GB,2020-01-12,2.51146823189147,NA,0.03587811759844957,0
GB,2020-01-13,NA,NA,-0.0682165960409517,0
GB,2020-01-14,NA,NA,-0.0682165960409517,0
GB,2020-01-15,NA,NA,-0.0682165960409517,0
GB,2020-01-16,NA,NA,-0.0682165960409517,0
GB,2020-01-17,NA,NA,-0.0682165960409517,0
GB,2020-01-18,NA,NA,-0.0682165960409517,0
GB,2020-01-19,-4.77516172286662,NA,-0.0682165960409517,0
GB,2020-01-20,NA,NA,-0.22932253916253573,0
GB,2020-01-21,NA,NA,-0.22932253916253573,0
GB,2020-01-22,NA,NA,-0.22932253916253573,0
GB,2020-01-23,NA,NA,-0.22932253916253573,0
GB,2020-01-24,NA,NA,-0.22932253916253573,0
GB,2020-01-25,NA,NA,-0.22932253916253573,0
GB,2020-01-26,-16.0525777413775,NA,-0.22932253916253573,0
GB,2020-01-27,NA,NA,-0.1631375703294357,-0.123124843479174
GB,2020-01-28,NA,NA,-0.1631375703294357,-0.123124843479174
GB,2020-01-29,NA,NA,-0.1631375703294357,-0.123124843479174
GB,2020-01-30,NA,NA,-0.1631375703294357,-0.123124843479174
GB,2020-01-31,NA,NA,-0.1631375703294357,-0.123124843479174
GB,2020-02-01,NA,NA,-0.1631375703294357,-0.123124843479174
GB,2020-02-02,-11.4196299230605,NA,-0.1631375703294357,-0.123124843479174
GB,2020-02-03,NA,NA,-0.21759355734401142,-0.168504832657985
GB,2020-02-04,NA,NA,-0.21759355734401142,-0.168504832657985
GB,2020-02-05,NA,NA,-0.21759355734401142,-0.168504832657985
GB,2020-02-06,NA,NA,-0.21759355734401142,-0.168504832657985
GB,2020-02-07,NA,NA,-0.21759355734401142,-0.168504832657985
GB,2020-02-08,NA,NA,-0.21759355734401142,-0.168504832657985
GB,2020-02-09,-15.2315490140808,NA,-0.21759355734401142,-0.168504832657985
GB,2020-02-10,NA,NA,-0.1781339113688343,-0.135621794345339
GB,2020-02-11,NA,NA,-0.1781339113688343,-0.135621794345339
GB,2020-02-12,NA,NA,-0.1781339113688343,-0.135621794345339
GB,2020-02-13,NA,NA,-0.1781339113688343,-0.135621794345339
GB,2020-02-14,NA,NA,-0.1781339113688343,-0.135621794345339
GB,2020-02-15,NA,NA,-0.1781339113688343,-0.135621794345339
GB,2020-02-16,-12.4693737958184,NA,-0.1781339113688343,-0.135621794345339
GB,2020-02-17,NA,NA,-0.19162224046013715,-0.146862068588091
GB,2020-02-18,NA,NA,-0.19162224046013715,-0.146862068588091
GB,2020-02-19,NA,NA,-0.19162224046013715,-0.146862068588091
GB,2020-02-20,NA,NA,-0.19162224046013715,-0.146862068588091
GB,2020-02-21,NA,NA,-0.19162224046013715,-0.146862068588091
GB,2020-02-22,NA,NA,-0.19162224046013715,-0.146862068588091
GB,2020-02-23,-13.4135568322096,NA,-0.19162224046013715,-0.146862068588091
GB,2020-02-24,NA,NA,-0.08593573643107914,-0.0705479782766495
GB,2020-02-25,NA,NA,-0.08593573643107914,-0.0705479782766495
GB,2020-02-26,NA,NA,-0.08593573643107914,-0.0705479782766495
GB,2020-02-27,NA,NA,-0.08593573643107914,-0.0705479782766495
GB,2020-02-28,NA,NA,-0.08593573643107914,-0.0705479782766495
GB,2020-02-29,NA,NA,-0.08593573643107914,-0.0705479782766495
GB,2020-03-01,-6.01550155017554,NA,-0.08593573643107914,-0.0705479782766495
GB,2020-03-02,NA,NA,-0.15023569032906,-0.134847932174631
GB,2020-03-03,NA,NA,-0.15023569032906,-0.134847932174631
GB,2020-03-04,NA,NA,-0.15023569032906,-0.134847932174631
GB,2020-03-05,NA,NA,-0.15023569032906,-0.134847932174631
GB,2020-03-06,NA,NA,-0.15023569032906,-0.134847932174631
GB,2020-03-07,NA,NA,-0.15023569032906,-0.134847932174631
GB,2020-03-08,-10.5164983230342,NA,-0.15023569032906,-0.134847932174631
GB,2020-03-09,NA,NA,-0.04425596175453828,-0.0288682036001111
GB,2020-03-10,NA,NA,-0.04425596175453828,-0.0288682036001111
GB,2020-03-11,NA,NA,-0.04425596175453828,-0.0288682036001111
GB,2020-03-12,NA,NA,-0.04425596175453828,-0.0288682036001111
GB,2020-03-13,NA,NA,-0.04425596175453828,-0.0288682036001111
GB,2020-03-14,NA,NA,-0.04425596175453828,-0.0288682036001111
GB,2020-03-15,-3.09791732281768,NA,-0.04425596175453828,-0.0288682036001111
GB,2020-03-16,NA,NA,0.009110905519746387,0.0244986636741779
GB,2020-03-17,NA,NA,0.009110905519746387,0.0244986636741779
GB,2020-03-18,NA,NA,0.009110905519746387,0.0244986636741779
GB,2020-03-19,NA,NA,0.009110905519746387,0.0244986636741779
GB,2020-03-20,NA,NA,0.009110905519746387,0.0244986636741779
GB,2020-03-21,NA,NA,0.009110905519746387,0.0244986636741779
GB,2020-03-22,0.637763386382247,NA,0.009110905519746387,0.0244986636741779
GB,2020-03-23,NA,NA,0.18739142916131285,0.202779187315739
GB,2020-03-24,NA,NA,0.18739142916131285,0.202779187315739
GB,2020-03-25,NA,NA,0.18739142916131285,0.202779187315739
GB,2020-03-26,NA,NA,0.18739142916131285,0.202779187315739
GB,2020-03-27,NA,NA,0.18739142916131285,0.202779187315739
GB,2020-03-28,NA,NA,0.18739142916131285,0.202779187315739
GB,2020-03-29,13.1174000412919,NA,0.18739142916131285,0.202779187315739
GB,2020-03-30,NA,NA,1.4284852624442828,1.44387302059871
GB,2020-03-31,NA,NA,1.4284852624442828,1.44387302059871
GB,2020-04-01,NA,NA,1.4284852624442828,1.44387302059871
GB,2020-04-02,NA,NA,1.4284852624442828,1.44387302059871
GB,2020-04-03,NA,NA,1.4284852624442828,1.44387302059871
GB,2020-04-04,NA,NA,1.4284852624442828,1.44387302059871
GB,2020-04-05,99.9939683710998,NA,1.4284852624442828,1.44387302059871
GB,2020-04-06,NA,NA,1.873851457781957,1.88923921593638
GB,2020-04-07,NA,NA,1.873851457781957,1.88923921593638
GB,2020-04-08,NA,NA,1.873851457781957,1.88923921593638
GB,2020-04-09,NA,NA,1.873851457781957,1.88923921593638
GB,2020-04-10,NA,NA,1.873851457781957,1.88923921593638
GB,2020-04-11,NA,NA,1.873851457781957,1.88923921593638
GB,2020-04-12,131.169602044737,NA,1.873851457781957,1.88923921593638
GB,2020-04-13,NA,NA,2.6761557033897856,2.6915434615442
GB,2020-04-14,NA,NA,2.6761557033897856,2.6915434615442
GB,2020-04-15,NA,NA,2.6761557033897856,2.6915434615442
GB,2020-04-16,NA,NA,2.6761557033897856,2.6915434615442
GB,2020-04-17,NA,NA,2.6761557033897856,2.6915434615442
GB,2020-04-18,NA,NA,2.6761557033897856,2.6915434615442
GB,2020-04-19,187.330899237285,NA,2.6761557033897856,2.6915434615442
GB,2020-04-20,NA,NA,2.5960216240368,2.61140938219121
GB,2020-04-21,NA,NA,2.5960216240368,2.61140938219121
GB,2020-04-22,NA,NA,2.5960216240368,2.61140938219121
GB,2020-04-23,NA,NA,2.5960216240368,2.61140938219121
GB,2020-04-24,NA,NA,2.5960216240368,2.61140938219121
GB,2020-04-25,NA,NA,2.5960216240368,2.61140938219121
GB,2020-04-26,181.721513682576,NA,2.5960216240368,2.61140938219121
GB,2020-04-27,NA,NA,1.8183063510270858,1.83369410918152
GB,2020-04-28,NA,NA,1.8183063510270858,1.83369410918152
GB,2020-04-29,NA,NA,1.8183063510270858,1.83369410918152
GB,2020-04-30,NA,NA,1.8183063510270858,1.83369410918152
GB,2020-05-01,NA,NA,1.8183063510270858,1.83369410918152
GB,2020-05-02,NA,NA,1.8183063510270858,1.83369410918152
GB,2020-05-03,127.281444571896,NA,1.8183063510270858,1.83369410918152
GB,2020-05-04,NA,NA,0.7283907155407358,0.743778473695167
GB,2020-05-05,NA,NA,0.7283907155407358,0.743778473695167
GB,2020-05-06,NA,NA,0.7283907155407358,0.743778473695167
GB,2020-05-07,NA,NA,0.7283907155407358,0.743778473695167
GB,2020-05-08,NA,NA,0.7283907155407358,0.743778473695167
GB,2020-05-09,NA,NA,0.7283907155407358,0.743778473695167
GB,2020-05-10,50.9873500878515,NA,0.7283907155407358,0.743778473695167
GB,2020-05-11,NA,NA,1.000712539834397,1.01610029798883
GB,2020-05-12,NA,NA,1.000712539834397,1.01610029798883
GB,2020-05-13,NA,NA,1.000712539834397,1.01610029798883
GB,2020-05-14,NA,NA,1.000712539834397,1.01610029798883
GB,2020-05-15,NA,NA,1.000712539834397,1.01610029798883
GB,2020-05-16,NA,NA,1.000712539834397,1.01610029798883
GB,2020-05-17,70.0498777884078,NA,1.000712539834397,1.01610029798883
GB,2020-05-18,NA,NA,0.5229659768334429,0.538353734987872
GB,2020-05-19,NA,NA,0.5229659768334429,0.538353734987872
GB,2020-05-20,NA,NA,0.5229659768334429,0.538353734987872
GB,2020-05-21,NA,NA,0.5229659768334429,0.538353734987872
GB,2020-05-22,NA,NA,0.5229659768334429,0.538353734987872
GB,2020-05-23,NA,NA,0.5229659768334429,0.538353734987872
GB,2020-05-24,36.607618378341,NA,0.5229659768334429,0.538353734987872
GB,2020-05-25,NA,NA,0.36789208150424285,0.383279839658669
GB,2020-05-26,NA,NA,0.36789208150424285,0.383279839658669
GB,2020-05-27,NA,NA,0.36789208150424285,0.383279839658669
GB,2020-05-28,NA,NA,0.36789208150424285,0.383279839658669
GB,2020-05-29,NA,NA,0.36789208150424285,0.383279839658669
GB,2020-05-30,NA,NA,0.36789208150424285,0.383279839658669
GB,2020-05-31,25.752445705297,NA,0.36789208150424285,0.383279839658669
GB,2020-06-01,NA,NA,NA,0.16587478380817
GM,2020-01-01,NA,NA,NA,0.0198665779999997
GM,2020-01-02,NA,NA,NA,0.0198665779999997
GM,2020-01-03,NA,NA,NA,0.0198665779999997
GM,2020-01-04,NA,NA,NA,0.0198665779999997
GM,2020-01-05,NA,NA,NA,0.0198665779999997
GM,2020-01-06,NA,NA,NA,0.0198665779999997
GM,2020-01-07,NA,NA,NA,0.0198665779999997
GM,2020-01-08,NA,NA,NA,0.0198665779999997
GM,2020-01-09,NA,NA,NA,0.0198665779999997
GM,2020-01-10,NA,NA,NA,0.0198665779999997
GM,2020-01-11,NA,NA,NA,0.0198665779999997
GM,2020-01-12,NA,NA,NA,0.0198665779999997
GM,2020-01-13,NA,NA,NA,0.0198665779999997
GM,2020-01-14,NA,NA,NA,0.0198665779999997
GM,2020-01-15,NA,NA,NA,0.0198665779999997
GM,2020-01-16,NA,NA,NA,0.0198665779999997
GM,2020-01-17,NA,NA,NA,0.0198665779999997
GM,2020-01-18,NA,NA,NA,0.0198665779999997
GM,2020-01-19,NA,NA,NA,0.0198665779999997
GM,2020-01-20,NA,NA,NA,0.0179721029999997
GM,2020-01-21,NA,NA,NA,0.0179721029999997
GM,2020-01-22,NA,NA,NA,0.0179721029999997
GM,2020-01-23,NA,NA,NA,0.0179721029999997
GM,2020-01-24,NA,NA,NA,0.0179721029999997
GM,2020-01-25,NA,NA,NA,0.0179721029999997
GM,2020-01-26,NA,NA,NA,0.0179721029999997
GM,2020-01-27,NA,NA,NA,0.0198665779999997
GM,2020-01-28,NA,NA,NA,0.0198665779999997
GM,2020-01-29,NA,NA,NA,0.0198665779999997
GM,2020-01-30,NA,NA,NA,0.0198665779999997
GM,2020-01-31,NA,NA,NA,0.0198665779999997
GM,2020-02-01,NA,NA,NA,0.0198665779999997
GM,2020-02-02,NA,NA,NA,0.0198665779999997
GM,2020-02-03,NA,NA,NA,0.0198665779999997
GM,2020-02-04,NA,NA,NA,0.0198665779999997
GM,2020-02-05,NA,NA,NA,0.0198665779999997
GM,2020-02-06,NA,NA,NA,0.0198665779999997
GM,2020-02-07,NA,NA,NA,0.0198665779999997
GM,2020-02-08,NA,NA,NA,0.0198665779999997
GM,2020-02-09,NA,NA,NA,0.0198665779999997
GM,2020-02-10,NA,NA,NA,0.0154080849999997
GM,2020-02-11,NA,NA,NA,0.0154080849999997
GM,2020-02-12,NA,NA,NA,0.0154080849999997
GM,2020-02-13,NA,NA,NA,0.0154080849999997
GM,2020-02-14,NA,NA,NA,0.0154080849999997
GM,2020-02-15,NA,NA,NA,0.0154080849999997
GM,2020-02-16,NA,NA,NA,0.0154080849999997
GM,2020-02-17,NA,NA,NA,0.0179686609999997
GM,2020-02-18,NA,NA,NA,0.0179686609999997
GM,2020-02-19,NA,NA,NA,0.0179686609999997
GM,2020-02-20,NA,NA,NA,0.0179686609999997
GM,2020-02-21,NA,NA,NA,0.0179686609999997
GM,2020-02-22,NA,NA,NA,0.0179686609999997
GM,2020-02-23,NA,NA,NA,0.0179686609999997
GM,2020-02-24,NA,NA,NA,-0.0156411250000002
GM,2020-02-25,NA,NA,NA,-0.0156411250000002
GM,2020-02-26,NA,NA,NA,-0.0156411250000002
GM,2020-02-27,NA,NA,NA,-0.0156411250000002
GM,2020-02-28,NA,NA,NA,-0.0156411250000002
GM,2020-02-29,NA,NA,NA,-0.0156411250000002
GM,2020-03-01,NA,NA,NA,-0.0156411250000002
GM,2020-03-02,NA,NA,NA,-0.00273758100000028
GM,2020-03-03,NA,NA,NA,-0.00273758100000028
GM,2020-03-04,NA,NA,NA,-0.00273758100000028
GM,2020-03-05,NA,NA,NA,-0.00273758100000028
GM,2020-03-06,NA,NA,NA,-0.00273758100000028
GM,2020-03-07,NA,NA,NA,-0.00273758100000028
GM,2020-03-08,NA,NA,NA,-0.00273758100000028
GM,2020-03-09,NA,NA,NA,-0.0478686320000004
GM,2020-03-10,NA,NA,NA,-0.0478686320000004
GM,2020-03-11,NA,NA,NA,-0.0478686320000004
GM,2020-03-12,NA,NA,NA,-0.0478686320000004
GM,2020-03-13,NA,NA,NA,-0.0478686320000004
GM,2020-03-14,NA,NA,NA,-0.0478686320000004
GM,2020-03-15,NA,NA,NA,-0.0478686320000004
GM,2020-03-16,NA,NA,NA,-0.0607087980000004
GM,2020-03-17,NA,NA,NA,-0.0607087980000004
GM,2020-03-18,NA,NA,NA,-0.0607087980000004
GM,2020-03-19,NA,NA,NA,-0.0607087980000004
GM,2020-03-20,NA,NA,NA,-0.0607087980000004
GM,2020-03-21,NA,NA,NA,-0.0607087980000004
GM,2020-03-22,NA,NA,NA,-0.0607087980000004
GM,2020-03-23,NA,NA,NA,-0.0752823510000001
GM,2020-03-24,NA,NA,NA,-0.0752823510000001
GM,2020-03-25,NA,NA,NA,-0.0752823510000001
GM,2020-03-26,NA,NA,NA,-0.0752823510000001
GM,2020-03-27,NA,NA,NA,-0.0752823510000001
GM,2020-03-28,NA,NA,NA,-0.0752823510000001
GM,2020-03-29,NA,NA,NA,-0.0752823510000001
GM,2020-03-30,NA,NA,NA,-0.0783695490000001
GM,2020-03-31,NA,NA,NA,-0.0783695490000001
GM,2020-04-01,NA,NA,NA,-0.0783695490000001
GM,2020-04-02,NA,NA,NA,-0.0783695490000001
GM,2020-04-03,NA,NA,NA,-0.0783695490000001
GM,2020-04-04,NA,NA,NA,-0.0783695490000001
GM,2020-04-05,NA,NA,NA,-0.0783695490000001
GM,2020-04-06,NA,NA,NA,-0.0735943980000003
GM,2020-04-07,NA,NA,NA,-0.0735943980000003
GM,2020-04-08,NA,NA,NA,-0.0735943980000003
GM,2020-04-09,NA,NA,NA,-0.0735943980000003
GM,2020-04-10,NA,NA,NA,-0.0735943980000003
GM,2020-04-11,NA,NA,NA,-0.0735943980000003
GM,2020-04-12,NA,NA,NA,-0.0735943980000003
GM,2020-04-13,NA,NA,NA,-0.0227817380000003
GM,2020-04-14,NA,NA,NA,-0.0227817380000003
GM,2020-04-15,NA,NA,NA,-0.0227817380000003
GM,2020-04-16,NA,NA,NA,-0.0227817380000003
GM,2020-04-17,NA,NA,NA,-0.0227817380000003
GM,2020-04-18,NA,NA,NA,-0.0227817380000003
GM,2020-04-19,NA,NA,NA,-0.0227817380000003
GM,2020-04-20,NA,NA,NA,-0.0226031830000003
GM,2020-04-21,NA,NA,NA,-0.0226031830000003
GM,2020-04-22,NA,NA,NA,-0.0226031830000003
GM,2020-04-23,NA,NA,NA,-0.0226031830000003
GM,2020-04-24,NA,NA,NA,-0.0226031830000003
GM,2020-04-25,NA,NA,NA,-0.0226031830000003
GM,2020-04-26,NA,NA,NA,-0.0226031830000003
GM,2020-04-27,NA,NA,NA,-0.0201060430000003
GM,2020-04-28,NA,NA,NA,-0.0201060430000003
GM,2020-04-29,NA,NA,NA,-0.0201060430000003
GM,2020-04-30,NA,NA,NA,-0.0201060430000003
GM,2020-05-01,NA,NA,NA,-0.0201060430000003
GM,2020-05-02,NA,NA,NA,-0.0201060430000003
GM,2020-05-03,NA,NA,NA,-0.0201060430000003
GM,2020-05-04,NA,NA,NA,-0.0257391760000002
GM,2020-05-05,NA,NA,NA,-0.0257391760000002
GM,2020-05-06,NA,NA,NA,-0.0257391760000002
GM,2020-05-07,NA,NA,NA,-0.0257391760000002
GM,2020-05-08,NA,NA,NA,-0.0257391760000002
GM,2020-05-09,NA,NA,NA,-0.0257391760000002
GM,2020-05-10,NA,NA,NA,-0.0257391760000002
GM,2020-05-11,NA,NA,NA,-0.0227868200000003
GM,2020-05-12,NA,NA,NA,-0.0227868200000003
GM,2020-05-13,NA,NA,NA,-0.0227868200000003
GM,2020-05-14,NA,NA,NA,-0.0227868200000003
GM,2020-05-15,NA,NA,NA,-0.0227868200000003
GM,2020-05-16,NA,NA,NA,-0.0227868200000003
GM,2020-05-17,NA,NA,NA,-0.0227868200000003
GM,2020-05-18,NA,NA,NA,-0.0169554490000003
GM,2020-05-19,NA,NA,NA,-0.0169554490000003
GM,2020-05-20,NA,NA,NA,-0.0169554490000003
GM,2020-05-21,NA,NA,NA,-0.0169554490000003
GM,2020-05-22,NA,NA,NA,-0.0169554490000003
GM,2020-05-23,NA,NA,NA,-0.0169554490000003
GM,2020-05-24,NA,NA,NA,-0.0169554490000003
GM,2020-05-25,NA,NA,NA,0.167986733999999
GM,2020-05-26,NA,NA,NA,0.167986733999999
GM,2020-05-27,NA,NA,NA,0.167986733999999
GM,2020-05-28,NA,NA,NA,0.167986733999999
GM,2020-05-29,NA,NA,NA,0.167986733999999
GM,2020-05-30,NA,NA,NA,0.167986733999999
GM,2020-05-31,NA,NA,NA,0.167986733999999
GM,2020-06-01,NA,NA,NA,-0.0188767610000004
GN,2020-01-01,NA,NA,NA,0.0115621259999998
GN,2020-01-02,NA,NA,NA,0.0115621259999998
GN,2020-01-03,NA,NA,NA,0.0115621259999998
GN,2020-01-04,NA,NA,NA,0.0115621259999998
GN,2020-01-05,NA,NA,NA,0.0115621259999998
GN,2020-01-06,NA,NA,NA,0.0115621259999998
GN,2020-01-07,NA,NA,NA,0.0115621259999998
GN,2020-01-08,NA,NA,NA,0.0115621259999998
GN,2020-01-09,NA,NA,NA,0.0115621259999998
GN,2020-01-10,NA,NA,NA,0.0115621259999998
GN,2020-01-11,NA,NA,NA,0.0115621259999998
GN,2020-01-12,NA,NA,NA,0.0115621259999998
GN,2020-01-13,NA,NA,NA,0.0115621259999998
GN,2020-01-14,NA,NA,NA,0.0115621259999998
GN,2020-01-15,NA,NA,NA,0.0115621259999998
GN,2020-01-16,NA,NA,NA,0.0115621259999998
GN,2020-01-17,NA,NA,NA,0.0115621259999998
GN,2020-01-18,NA,NA,NA,0.0115621259999998
GN,2020-01-19,NA,NA,NA,0.0115621259999998
GN,2020-01-20,NA,NA,NA,0.00966765099999975
GN,2020-01-21,NA,NA,NA,0.00966765099999975
GN,2020-01-22,NA,NA,NA,0.00966765099999975
GN,2020-01-23,NA,NA,NA,0.00966765099999975
GN,2020-01-24,NA,NA,NA,0.00966765099999975
GN,2020-01-25,NA,NA,NA,0.00966765099999975
GN,2020-01-26,NA,NA,NA,0.00966765099999975
GN,2020-01-27,NA,NA,NA,0.0115621259999998
GN,2020-01-28,NA,NA,NA,0.0115621259999998
GN,2020-01-29,NA,NA,NA,0.0115621259999998
GN,2020-01-30,NA,NA,NA,0.0115621259999998
GN,2020-01-31,NA,NA,NA,0.0115621259999998
GN,2020-02-01,NA,NA,NA,0.0115621259999998
GN,2020-02-02,NA,NA,NA,0.0115621259999998
GN,2020-02-03,NA,NA,NA,0.0115580439999998
GN,2020-02-04,NA,NA,NA,0.0115580439999998
GN,2020-02-05,NA,NA,NA,0.0115580439999998
GN,2020-02-06,NA,NA,NA,0.0115580439999998
GN,2020-02-07,NA,NA,NA,0.0115580439999998
GN,2020-02-08,NA,NA,NA,0.0115580439999998
GN,2020-02-09,NA,NA,NA,0.0115580439999998
GN,2020-02-10,NA,NA,NA,0.00730575299999975
GN,2020-02-11,NA,NA,NA,0.00730575299999975
GN,2020-02-12,NA,NA,NA,0.00730575299999975
GN,2020-02-13,NA,NA,NA,0.00730575299999975
GN,2020-02-14,NA,NA,NA,0.00730575299999975
GN,2020-02-15,NA,NA,NA,0.00730575299999975
GN,2020-02-16,NA,NA,NA,0.00730575299999975
GN,2020-02-17,NA,NA,NA,0.00986632899999975
GN,2020-02-18,NA,NA,NA,0.00986632899999975
GN,2020-02-19,NA,NA,NA,0.00986632899999975
GN,2020-02-20,NA,NA,NA,0.00986632899999975
GN,2020-02-21,NA,NA,NA,0.00986632899999975
GN,2020-02-22,NA,NA,NA,0.00986632899999975
GN,2020-02-23,NA,NA,NA,0.00986632899999975
GN,2020-02-24,NA,NA,NA,0.00426752699999975
GN,2020-02-25,NA,NA,NA,0.00426752699999975
GN,2020-02-26,NA,NA,NA,0.00426752699999975
GN,2020-02-27,NA,NA,NA,0.00426752699999975
GN,2020-02-28,NA,NA,NA,0.00426752699999975
GN,2020-02-29,NA,NA,NA,0.00426752699999975
GN,2020-03-01,NA,NA,NA,0.00426752699999975
GN,2020-03-02,NA,NA,NA,0.0196426809999997
GN,2020-03-03,NA,NA,NA,0.0196426809999997
GN,2020-03-04,NA,NA,NA,0.0196426809999997
GN,2020-03-05,NA,NA,NA,0.0196426809999997
GN,2020-03-06,NA,NA,NA,0.0196426809999997
GN,2020-03-07,NA,NA,NA,0.0196426809999997
GN,2020-03-08,NA,NA,NA,0.0196426809999997
GN,2020-03-09,NA,NA,NA,-0.0320062840000003
GN,2020-03-10,NA,NA,NA,-0.0320062840000003
GN,2020-03-11,NA,NA,NA,-0.0320062840000003
GN,2020-03-12,NA,NA,NA,-0.0320062840000003
GN,2020-03-13,NA,NA,NA,-0.0320062840000003
GN,2020-03-14,NA,NA,NA,-0.0320062840000003
GN,2020-03-15,NA,NA,NA,-0.0320062840000003
GN,2020-03-16,NA,NA,NA,-0.0230898070000003
GN,2020-03-17,NA,NA,NA,-0.0230898070000003
GN,2020-03-18,NA,NA,NA,-0.0230898070000003
GN,2020-03-19,NA,NA,NA,-0.0230898070000003
GN,2020-03-20,NA,NA,NA,-0.0230898070000003
GN,2020-03-21,NA,NA,NA,-0.0230898070000003
GN,2020-03-22,NA,NA,NA,-0.0230898070000003
GN,2020-03-23,NA,NA,NA,-0.0431431480000003
GN,2020-03-24,NA,NA,NA,-0.0431431480000003
GN,2020-03-25,NA,NA,NA,-0.0431431480000003
GN,2020-03-26,NA,NA,NA,-0.0431431480000003
GN,2020-03-27,NA,NA,NA,-0.0431431480000003
GN,2020-03-28,NA,NA,NA,-0.0431431480000003
GN,2020-03-29,NA,NA,NA,-0.0431431480000003
GN,2020-03-30,NA,NA,NA,-0.0450706220000003
GN,2020-03-31,NA,NA,NA,-0.0450706220000003
GN,2020-04-01,NA,NA,NA,-0.0450706220000003
GN,2020-04-02,NA,NA,NA,-0.0450706220000003
GN,2020-04-03,NA,NA,NA,-0.0450706220000003
GN,2020-04-04,NA,NA,NA,-0.0450706220000003
GN,2020-04-05,NA,NA,NA,-0.0450706220000003
GN,2020-04-06,NA,NA,NA,-0.0406616170000004
GN,2020-04-07,NA,NA,NA,-0.0406616170000004
GN,2020-04-08,NA,NA,NA,-0.0406616170000004
GN,2020-04-09,NA,NA,NA,-0.0406616170000004
GN,2020-04-10,NA,NA,NA,-0.0406616170000004
GN,2020-04-11,NA,NA,NA,-0.0406616170000004
GN,2020-04-12,NA,NA,NA,-0.0406616170000004
GN,2020-04-13,NA,NA,NA,0.0201023629999996
GN,2020-04-14,NA,NA,NA,0.0201023629999996
GN,2020-04-15,NA,NA,NA,0.0201023629999996
GN,2020-04-16,NA,NA,NA,0.0201023629999996
GN,2020-04-17,NA,NA,NA,0.0201023629999996
GN,2020-04-18,NA,NA,NA,0.0201023629999996
GN,2020-04-19,NA,NA,NA,0.0201023629999996
GN,2020-04-20,NA,NA,NA,0.0188402219999995
GN,2020-04-21,NA,NA,NA,0.0188402219999995
GN,2020-04-22,NA,NA,NA,0.0188402219999995
GN,2020-04-23,NA,NA,NA,0.0188402219999995
GN,2020-04-24,NA,NA,NA,0.0188402219999995
GN,2020-04-25,NA,NA,NA,0.0188402219999995
GN,2020-04-26,NA,NA,NA,0.0188402219999995
GN,2020-04-27,NA,NA,NA,0.0220251739999996
GN,2020-04-28,NA,NA,NA,0.0220251739999996
GN,2020-04-29,NA,NA,NA,0.0220251739999996
GN,2020-04-30,NA,NA,NA,0.0220251739999996
GN,2020-05-01,NA,NA,NA,0.0220251739999996
GN,2020-05-02,NA,NA,NA,0.0220251739999996
GN,2020-05-03,NA,NA,NA,0.0220251739999996
GN,2020-05-04,NA,NA,NA,0.0119513569999996
GN,2020-05-05,NA,NA,NA,0.0119513569999996
GN,2020-05-06,NA,NA,NA,0.0119513569999996
GN,2020-05-07,NA,NA,NA,0.0119513569999996
GN,2020-05-08,NA,NA,NA,0.0119513569999996
GN,2020-05-09,NA,NA,NA,0.0119513569999996
GN,2020-05-10,NA,NA,NA,0.0119513569999996
GN,2020-05-11,NA,NA,NA,0.0149037129999996
GN,2020-05-12,NA,NA,NA,0.0149037129999996
GN,2020-05-13,NA,NA,NA,0.0149037129999996
GN,2020-05-14,NA,NA,NA,0.0149037129999996
GN,2020-05-15,NA,NA,NA,0.0149037129999996
GN,2020-05-16,NA,NA,NA,0.0149037129999996
GN,2020-05-17,NA,NA,NA,0.0149037129999996
GN,2020-05-18,NA,NA,NA,0.0133011029999995
GN,2020-05-19,NA,NA,NA,0.0133011029999995
GN,2020-05-20,NA,NA,NA,0.0133011029999995
GN,2020-05-21,NA,NA,NA,0.0133011029999995
GN,2020-05-22,NA,NA,NA,0.0133011029999995
GN,2020-05-23,NA,NA,NA,0.0133011029999995
GN,2020-05-24,NA,NA,NA,0.0133011029999995
GN,2020-05-25,NA,NA,NA,0.198243285999999
GN,2020-05-26,NA,NA,NA,0.198243285999999
GN,2020-05-27,NA,NA,NA,0.198243285999999
GN,2020-05-28,NA,NA,NA,0.198243285999999
GN,2020-05-29,NA,NA,NA,0.198243285999999
GN,2020-05-30,NA,NA,NA,0.198243285999999
GN,2020-05-31,NA,NA,NA,0.198243285999999
GN,2020-06-01,NA,NA,NA,0.00902286299999957
GW,2020-01-01,NA,NA,NA,0.0277781569999997
GW,2020-01-02,NA,NA,NA,0.0277781569999997
GW,2020-01-03,NA,NA,NA,0.0277781569999997
GW,2020-01-04,NA,NA,NA,0.0277781569999997
GW,2020-01-05,NA,NA,NA,0.0277781569999997
GW,2020-01-06,NA,NA,NA,0.0277781569999997
GW,2020-01-07,NA,NA,NA,0.0277781569999997
GW,2020-01-08,NA,NA,NA,0.0277781569999997
GW,2020-01-09,NA,NA,NA,0.0277781569999997
GW,2020-01-10,NA,NA,NA,0.0277781569999997
GW,2020-01-11,NA,NA,NA,0.0277781569999997
GW,2020-01-12,NA,NA,NA,0.0277781569999997
GW,2020-01-13,NA,NA,NA,0.0277781569999997
GW,2020-01-14,NA,NA,NA,0.0277781569999997
GW,2020-01-15,NA,NA,NA,0.0277781569999997
GW,2020-01-16,NA,NA,NA,0.0277781569999997
GW,2020-01-17,NA,NA,NA,0.0277781569999997
GW,2020-01-18,NA,NA,NA,0.0277781569999997
GW,2020-01-19,NA,NA,NA,0.0277781569999997
GW,2020-01-20,NA,NA,NA,0.0259056579999997
GW,2020-01-21,NA,NA,NA,0.0259056579999997
GW,2020-01-22,NA,NA,NA,0.0259056579999997
GW,2020-01-23,NA,NA,NA,0.0259056579999997
GW,2020-01-24,NA,NA,NA,0.0259056579999997
GW,2020-01-25,NA,NA,NA,0.0259056579999997
GW,2020-01-26,NA,NA,NA,0.0259056579999997
GW,2020-01-27,NA,NA,NA,0.0290507429999997
GW,2020-01-28,NA,NA,NA,0.0290507429999997
GW,2020-01-29,NA,NA,NA,0.0290507429999997
GW,2020-01-30,NA,NA,NA,0.0290507429999997
GW,2020-01-31,NA,NA,NA,0.0290507429999997
GW,2020-02-01,NA,NA,NA,0.0290507429999997
GW,2020-02-02,NA,NA,NA,0.0290507429999997
GW,2020-02-03,NA,NA,NA,0.0277781569999997
GW,2020-02-04,NA,NA,NA,0.0277781569999997
GW,2020-02-05,NA,NA,NA,0.0277781569999997
GW,2020-02-06,NA,NA,NA,0.0277781569999997
GW,2020-02-07,NA,NA,NA,0.0277781569999997
GW,2020-02-08,NA,NA,NA,0.0277781569999997
GW,2020-02-09,NA,NA,NA,0.0277781569999997
GW,2020-02-10,NA,NA,NA,0.0123644039999998
GW,2020-02-11,NA,NA,NA,0.0123644039999998
GW,2020-02-12,NA,NA,NA,0.0123644039999998
GW,2020-02-13,NA,NA,NA,0.0123644039999998
GW,2020-02-14,NA,NA,NA,0.0123644039999998
GW,2020-02-15,NA,NA,NA,0.0123644039999998
GW,2020-02-16,NA,NA,NA,0.0123644039999998
GW,2020-02-17,NA,NA,NA,0.015728590999999702
GW,2020-02-18,NA,NA,NA,0.015728590999999702
GW,2020-02-19,NA,NA,NA,0.015728590999999702
GW,2020-02-20,NA,NA,NA,0.015728590999999702
GW,2020-02-21,NA,NA,NA,0.015728590999999702
GW,2020-02-22,NA,NA,NA,0.015728590999999702
GW,2020-02-23,NA,NA,NA,0.015728590999999702
GW,2020-02-24,NA,NA,NA,-0.0158732940000002
GW,2020-02-25,NA,NA,NA,-0.0158732940000002
GW,2020-02-26,NA,NA,NA,-0.0158732940000002
GW,2020-02-27,NA,NA,NA,-0.0158732940000002
GW,2020-02-28,NA,NA,NA,-0.0158732940000002
GW,2020-02-29,NA,NA,NA,-0.0158732940000002
GW,2020-03-01,NA,NA,NA,-0.0158732940000002
GW,2020-03-02,NA,NA,NA,-0.0129296770000002
GW,2020-03-03,NA,NA,NA,-0.0129296770000002
GW,2020-03-04,NA,NA,NA,-0.0129296770000002
GW,2020-03-05,NA,NA,NA,-0.0129296770000002
GW,2020-03-06,NA,NA,NA,-0.0129296770000002
GW,2020-03-07,NA,NA,NA,-0.0129296770000002
GW,2020-03-08,NA,NA,NA,-0.0129296770000002
GW,2020-03-09,NA,NA,NA,-0.0597760810000004
GW,2020-03-10,NA,NA,NA,-0.0597760810000004
GW,2020-03-11,NA,NA,NA,-0.0597760810000004
GW,2020-03-12,NA,NA,NA,-0.0597760810000004
GW,2020-03-13,NA,NA,NA,-0.0597760810000004
GW,2020-03-14,NA,NA,NA,-0.0597760810000004
GW,2020-03-15,NA,NA,NA,-0.0597760810000004
GW,2020-03-16,NA,NA,NA,-0.0691303880000002
GW,2020-03-17,NA,NA,NA,-0.0691303880000002
GW,2020-03-18,NA,NA,NA,-0.0691303880000002
GW,2020-03-19,NA,NA,NA,-0.0691303880000002
GW,2020-03-20,NA,NA,NA,-0.0691303880000002
GW,2020-03-21,NA,NA,NA,-0.0691303880000002
GW,2020-03-22,NA,NA,NA,-0.0691303880000002
GW,2020-03-23,NA,NA,NA,-0.0912353830000002
GW,2020-03-24,NA,NA,NA,-0.0912353830000002
GW,2020-03-25,NA,NA,NA,-0.0912353830000002
GW,2020-03-26,NA,NA,NA,-0.0912353830000002
GW,2020-03-27,NA,NA,NA,-0.0912353830000002
GW,2020-03-28,NA,NA,NA,-0.0912353830000002
GW,2020-03-29,NA,NA,NA,-0.0912353830000002
GW,2020-03-30,NA,NA,NA,-0.0987723780000002
GW,2020-03-31,NA,NA,NA,-0.0987723780000002
GW,2020-04-01,NA,NA,NA,-0.0987723780000002
GW,2020-04-02,NA,NA,NA,-0.0987723780000002
GW,2020-04-03,NA,NA,NA,-0.0987723780000002
GW,2020-04-04,NA,NA,NA,-0.0987723780000002
GW,2020-04-05,NA,NA,NA,-0.0987723780000002
GW,2020-04-06,NA,NA,NA,-0.0977932800000002
GW,2020-04-07,NA,NA,NA,-0.0977932800000002
GW,2020-04-08,NA,NA,NA,-0.0977932800000002
GW,2020-04-09,NA,NA,NA,-0.0977932800000002
GW,2020-04-10,NA,NA,NA,-0.0977932800000002
GW,2020-04-11,NA,NA,NA,-0.0977932800000002
GW,2020-04-12,NA,NA,NA,-0.0977932800000002
GW,2020-04-13,NA,NA,NA,-0.0733318630000001
GW,2020-04-14,NA,NA,NA,-0.0733318630000001
GW,2020-04-15,NA,NA,NA,-0.0733318630000001
GW,2020-04-16,NA,NA,NA,-0.0733318630000001
GW,2020-04-17,NA,NA,NA,-0.0733318630000001
GW,2020-04-18,NA,NA,NA,-0.0733318630000001
GW,2020-04-19,NA,NA,NA,-0.0733318630000001
GW,2020-04-20,NA,NA,NA,-0.0733318630000001
GW,2020-04-21,NA,NA,NA,-0.0733318630000001
GW,2020-04-22,NA,NA,NA,-0.0733318630000001
GW,2020-04-23,NA,NA,NA,-0.0733318630000001
GW,2020-04-24,NA,NA,NA,-0.0733318630000001
GW,2020-04-25,NA,NA,NA,-0.0733318630000001
GW,2020-04-26,NA,NA,NA,-0.0733318630000001
GW,2020-04-27,NA,NA,NA,-0.0299521540000003
GW,2020-04-28,NA,NA,NA,-0.0299521540000003
GW,2020-04-29,NA,NA,NA,-0.0299521540000003
GW,2020-04-30,NA,NA,NA,-0.0299521540000003
GW,2020-05-01,NA,NA,NA,-0.0299521540000003
GW,2020-05-02,NA,NA,NA,-0.0299521540000003
GW,2020-05-03,NA,NA,NA,-0.0299521540000003
GW,2020-05-04,NA,NA,NA,-0.0246450320000003
GW,2020-05-05,NA,NA,NA,-0.0246450320000003
GW,2020-05-06,NA,NA,NA,-0.0246450320000003
GW,2020-05-07,NA,NA,NA,-0.0246450320000003
GW,2020-05-08,NA,NA,NA,-0.0246450320000003
GW,2020-05-09,NA,NA,NA,-0.0246450320000003
GW,2020-05-10,NA,NA,NA,-0.0246450320000003
GW,2020-05-11,NA,NA,NA,-0.0214482250000003
GW,2020-05-12,NA,NA,NA,-0.0214482250000003
GW,2020-05-13,NA,NA,NA,-0.0214482250000003
GW,2020-05-14,NA,NA,NA,-0.0214482250000003
GW,2020-05-15,NA,NA,NA,-0.0214482250000003
GW,2020-05-16,NA,NA,NA,-0.0214482250000003
GW,2020-05-17,NA,NA,NA,-0.0214482250000003
GW,2020-05-18,NA,NA,NA,0.0177454769999996
GW,2020-05-19,NA,NA,NA,0.0177454769999996
GW,2020-05-20,NA,NA,NA,0.0177454769999996
GW,2020-05-21,NA,NA,NA,0.0177454769999996
GW,2020-05-22,NA,NA,NA,0.0177454769999996
GW,2020-05-23,NA,NA,NA,0.0177454769999996
GW,2020-05-24,NA,NA,NA,0.0177454769999996
GW,2020-05-25,NA,NA,NA,0.161893598999999
GW,2020-05-26,NA,NA,NA,0.161893598999999
GW,2020-05-27,NA,NA,NA,0.161893598999999
GW,2020-05-28,NA,NA,NA,0.161893598999999
GW,2020-05-29,NA,NA,NA,0.161893598999999
GW,2020-05-30,NA,NA,NA,0.161893598999999
GW,2020-05-31,NA,NA,NA,0.161893598999999
GW,2020-06-01,NA,NA,NA,0.0471793810000001
IT,2020-01-01,NA,NA,-0.45059745125696143,0
IT,2020-01-02,NA,NA,-0.45059745125696143,0
IT,2020-01-03,NA,NA,-0.45059745125696143,0
IT,2020-01-04,NA,NA,-0.45059745125696143,0
IT,2020-01-05,-31.5418215879873,NA,-0.45059745125696143,0
IT,2020-01-06,NA,NA,-0.40473547654260855,0
IT,2020-01-07,NA,NA,-0.40473547654260855,0
IT,2020-01-08,NA,NA,-0.40473547654260855,0
IT,2020-01-09,NA,NA,-0.40473547654260855,0
IT,2020-01-10,NA,NA,-0.40473547654260855,0
IT,2020-01-11,NA,NA,-0.40473547654260855,0
IT,2020-01-12,-28.3314833579826,NA,-0.40473547654260855,0
IT,2020-01-13,NA,NA,-0.3344989745032914,0
IT,2020-01-14,NA,NA,-0.3344989745032914,0
IT,2020-01-15,NA,NA,-0.3344989745032914,0
IT,2020-01-16,NA,NA,-0.3344989745032914,0
IT,2020-01-17,NA,NA,-0.3344989745032914,0
IT,2020-01-18,NA,NA,-0.3344989745032914,0
IT,2020-01-19,-23.4149282152304,NA,-0.3344989745032914,0
IT,2020-01-20,NA,NA,-0.22081428589248,0
IT,2020-01-21,NA,NA,-0.22081428589248,0
IT,2020-01-22,NA,NA,-0.22081428589248,0
IT,2020-01-23,NA,NA,-0.22081428589248,0
IT,2020-01-24,NA,NA,-0.22081428589248,0
IT,2020-01-25,NA,NA,-0.22081428589248,0
IT,2020-01-26,-15.4570000124736,NA,-0.22081428589248,0
IT,2020-01-27,NA,NA,-0.21702795155073715,-0.156785218430102
IT,2020-01-28,NA,NA,-0.21702795155073715,-0.156785218430102
IT,2020-01-29,NA,NA,-0.21702795155073715,-0.156785218430102
IT,2020-01-30,NA,NA,-0.21702795155073715,-0.156785218430102
IT,2020-01-31,NA,NA,-0.21702795155073715,-0.156785218430102
IT,2020-02-01,NA,NA,-0.21702795155073715,-0.156785218430102
IT,2020-02-02,-15.1919566085516,NA,-0.21702795155073715,-0.156785218430102
IT,2020-02-03,NA,NA,-0.19080758623417285,-0.134934913999628
IT,2020-02-04,NA,NA,-0.19080758623417285,-0.134934913999628
IT,2020-02-05,NA,NA,-0.19080758623417285,-0.134934913999628
IT,2020-02-06,NA,NA,-0.19080758623417285,-0.134934913999628
IT,2020-02-07,NA,NA,-0.19080758623417285,-0.134934913999628
IT,2020-02-08,NA,NA,-0.19080758623417285,-0.134934913999628
IT,2020-02-09,-13.3565310363921,NA,-0.19080758623417285,-0.134934913999628
IT,2020-02-10,NA,NA,-0.1279544361612517,-0.0825572889388622
IT,2020-02-11,NA,NA,-0.1279544361612517,-0.0825572889388622
IT,2020-02-12,NA,NA,-0.1279544361612517,-0.0825572889388622
IT,2020-02-13,NA,NA,-0.1279544361612517,-0.0825572889388622
IT,2020-02-14,NA,NA,-0.1279544361612517,-0.0825572889388622
IT,2020-02-15,NA,NA,-0.1279544361612517,-0.0825572889388622
IT,2020-02-16,-8.95681053128762,NA,-0.1279544361612517,-0.0825572889388622
IT,2020-02-17,NA,NA,-0.15706188141339572,-0.106813493315648
IT,2020-02-18,NA,NA,-0.15706188141339572,-0.106813493315648
IT,2020-02-19,NA,NA,-0.15706188141339572,-0.106813493315648
IT,2020-02-20,NA,NA,-0.15706188141339572,-0.106813493315648
IT,2020-02-21,NA,NA,-0.15706188141339572,-0.106813493315648
IT,2020-02-22,NA,NA,-0.15706188141339572,-0.106813493315648
IT,2020-02-23,-10.9943316989377,NA,-0.15706188141339572,-0.106813493315648
IT,2020-02-24,NA,NA,-0.03552054904346943,-0.00663485960884111
IT,2020-02-25,NA,NA,-0.03552054904346943,-0.00663485960884111
IT,2020-02-26,NA,NA,-0.03552054904346943,-0.00663485960884111
IT,2020-02-27,NA,NA,-0.03552054904346943,-0.00663485960884111
IT,2020-02-28,NA,NA,-0.03552054904346943,-0.00663485960884111
IT,2020-02-29,NA,NA,-0.03552054904346943,-0.00663485960884111
IT,2020-03-01,-2.48643843304286,NA,-0.03552054904346943,-0.00663485960884111
IT,2020-03-02,NA,NA,0.2734443332426972,0.302330022677322
IT,2020-03-03,NA,NA,0.2734443332426972,0.302330022677322
IT,2020-03-04,NA,NA,0.2734443332426972,0.302330022677322
IT,2020-03-05,NA,NA,0.2734443332426972,0.302330022677322
IT,2020-03-06,NA,NA,0.2734443332426972,0.302330022677322
IT,2020-03-07,NA,NA,0.2734443332426972,0.302330022677322
IT,2020-03-08,19.1411033269888,NA,0.2734443332426972,0.302330022677322
IT,2020-03-09,NA,NA,1.1949907828434858,1.22387647227811
IT,2020-03-10,NA,NA,1.1949907828434858,1.22387647227811
IT,2020-03-11,NA,NA,1.1949907828434858,1.22387647227811
IT,2020-03-12,NA,NA,1.1949907828434858,1.22387647227811
IT,2020-03-13,NA,NA,1.1949907828434858,1.22387647227811
IT,2020-03-14,NA,NA,1.1949907828434858,1.22387647227811
IT,2020-03-15,83.649354799044,NA,1.1949907828434858,1.22387647227811
IT,2020-03-16,NA,NA,2.1882882682202855,2.21717395765492
IT,2020-03-17,NA,NA,2.1882882682202855,2.21717395765492
IT,2020-03-18,NA,NA,2.1882882682202855,2.21717395765492
IT,2020-03-19,NA,NA,2.1882882682202855,2.21717395765492
IT,2020-03-20,NA,NA,2.1882882682202855,2.21717395765492
IT,2020-03-21,NA,NA,2.1882882682202855,2.21717395765492
IT,2020-03-22,153.18017877542,NA,2.1882882682202855,2.21717395765492
IT,2020-03-23,NA,NA,2.560484934013557,2.58937062344818
IT,2020-03-24,NA,NA,2.560484934013557,2.58937062344818
IT,2020-03-25,NA,NA,2.560484934013557,2.58937062344818
IT,2020-03-26,NA,NA,2.560484934013557,2.58937062344818
IT,2020-03-27,NA,NA,2.560484934013557,2.58937062344818
IT,2020-03-28,NA,NA,2.560484934013557,2.58937062344818
IT,2020-03-29,179.233945380949,NA,2.560484934013557,2.58937062344818
IT,2020-03-30,NA,NA,2.0190864523236858,2.04797214175831
IT,2020-03-31,NA,NA,2.0190864523236858,2.04797214175831
IT,2020-04-01,NA,NA,2.0190864523236858,2.04797214175831
IT,2020-04-02,NA,NA,2.0190864523236858,2.04797214175831
IT,2020-04-03,NA,NA,2.0190864523236858,2.04797214175831
IT,2020-04-04,NA,NA,2.0190864523236858,2.04797214175831
IT,2020-04-05,141.336051662658,NA,2.0190864523236858,2.04797214175831
IT,2020-04-06,NA,NA,1.6103989893118857,1.63928467874651
IT,2020-04-07,NA,NA,1.6103989893118857,1.63928467874651
IT,2020-04-08,NA,NA,1.6103989893118857,1.63928467874651
IT,2020-04-09,NA,NA,1.6103989893118857,1.63928467874651
IT,2020-04-10,NA,NA,1.6103989893118857,1.63928467874651
IT,2020-04-11,NA,NA,1.6103989893118857,1.63928467874651
IT,2020-04-12,112.727929251832,NA,1.6103989893118857,1.63928467874651
IT,2020-04-13,NA,NA,1.136728563159927,1.16561425259455
IT,2020-04-14,NA,NA,1.136728563159927,1.16561425259455
IT,2020-04-15,NA,NA,1.136728563159927,1.16561425259455
IT,2020-04-16,NA,NA,1.136728563159927,1.16561425259455
IT,2020-04-17,NA,NA,1.136728563159927,1.16561425259455
IT,2020-04-18,NA,NA,1.136728563159927,1.16561425259455
IT,2020-04-19,79.5709994211949,NA,1.136728563159927,1.16561425259455
IT,2020-04-20,NA,NA,0.7002115427363186,0.729097232170944
IT,2020-04-21,NA,NA,0.7002115427363186,0.729097232170944
IT,2020-04-22,NA,NA,0.7002115427363186,0.729097232170944
IT,2020-04-23,NA,NA,0.7002115427363186,0.729097232170944
IT,2020-04-24,NA,NA,0.7002115427363186,0.729097232170944
IT,2020-04-25,NA,NA,0.7002115427363186,0.729097232170944
IT,2020-04-26,49.0148079915423,NA,0.7002115427363186,0.729097232170944
IT,2020-04-27,NA,NA,0.3716050510523643,0.400490740486994
IT,2020-04-28,NA,NA,0.3716050510523643,0.400490740486994
IT,2020-04-29,NA,NA,0.3716050510523643,0.400490740486994
IT,2020-04-30,NA,NA,0.3716050510523643,0.400490740486994
IT,2020-05-01,NA,NA,0.3716050510523643,0.400490740486994
IT,2020-05-02,NA,NA,0.3716050510523643,0.400490740486994
IT,2020-05-03,26.0123535736655,NA,0.3716050510523643,0.400490740486994
IT,2020-05-04,NA,NA,0.24031390775245284,0.269199597187082
IT,2020-05-05,NA,NA,0.24031390775245284,0.269199597187082
IT,2020-05-06,NA,NA,0.24031390775245284,0.269199597187082
IT,2020-05-07,NA,NA,0.24031390775245284,0.269199597187082
IT,2020-05-08,NA,NA,0.24031390775245284,0.269199597187082
IT,2020-05-09,NA,NA,0.24031390775245284,0.269199597187082
IT,2020-05-10,16.8219735426717,NA,0.24031390775245284,0.269199597187082
IT,2020-05-11,NA,NA,0.17097666011929857,0.199862349553928
IT,2020-05-12,NA,NA,0.17097666011929857,0.199862349553928
IT,2020-05-13,NA,NA,0.17097666011929857,0.199862349553928
IT,2020-05-14,NA,NA,0.17097666011929857,0.199862349553928
IT,2020-05-15,NA,NA,0.17097666011929857,0.199862349553928
IT,2020-05-16,NA,NA,0.17097666011929857,0.199862349553928
IT,2020-05-17,11.9683662083509,NA,0.17097666011929857,0.199862349553928
IT,2020-05-18,NA,NA,0.020185894959413284,0.0490715843940406
IT,2020-05-19,NA,NA,0.020185894959413284,0.0490715843940406
IT,2020-05-20,NA,NA,0.020185894959413284,0.0490715843940406
IT,2020-05-21,NA,NA,0.020185894959413284,0.0490715843940406
IT,2020-05-22,NA,NA,0.020185894959413284,0.0490715843940406
IT,2020-05-23,NA,NA,0.020185894959413284,0.0490715843940406
IT,2020-05-24,1.41301264715893,NA,0.020185894959413284,0.0490715843940406
IT,2020-05-25,NA,NA,-0.0358045241191,-0.00691883468447455
IT,2020-05-26,NA,NA,-0.0358045241191,-0.00691883468447455
IT,2020-05-27,NA,NA,-0.0358045241191,-0.00691883468447455
IT,2020-05-28,NA,NA,-0.0358045241191,-0.00691883468447455
IT,2020-05-29,NA,NA,-0.0358045241191,-0.00691883468447455
IT,2020-05-30,NA,NA,-0.0358045241191,-0.00691883468447455
IT,2020-05-31,-2.506316688337,NA,-0.0358045241191,-0.00691883468447455
IT,2020-06-01,NA,NA,NA,-0.0307727410374504
MA,2020-01-01,NA,NA,NA,0.00143233199999973
MA,2020-01-02,NA,NA,NA,0.00143233199999973
MA,2020-01-03,NA,NA,NA,0.00143233199999973
MA,2020-01-04,NA,NA,NA,0.00143233199999973
MA,2020-01-05,NA,NA,NA,0.00143233199999973
MA,2020-01-06,NA,NA,NA,-4.4644300000026e-4
MA,2020-01-07,NA,NA,NA,-4.4644300000026e-4
MA,2020-01-08,NA,NA,NA,-4.4644300000026e-4
MA,2020-01-09,NA,NA,NA,-4.4644300000026e-4
MA,2020-01-10,NA,NA,NA,-4.4644300000026e-4
MA,2020-01-11,NA,NA,NA,-4.4644300000026e-4
MA,2020-01-12,NA,NA,NA,-4.4644300000026e-4
MA,2020-01-13,NA,NA,NA,-4.4644300000026e-4
MA,2020-01-14,NA,NA,NA,-4.4644300000026e-4
MA,2020-01-15,NA,NA,NA,-4.4644300000026e-4
MA,2020-01-16,NA,NA,NA,-4.4644300000026e-4
MA,2020-01-17,NA,NA,NA,-4.4644300000026e-4
MA,2020-01-18,NA,NA,NA,-4.4644300000026e-4
MA,2020-01-19,NA,NA,NA,-4.4644300000026e-4
MA,2020-01-20,NA,NA,NA,-3.4684000000026e-4
MA,2020-01-21,NA,NA,NA,-3.4684000000026e-4
MA,2020-01-22,NA,NA,NA,-3.4684000000026e-4
MA,2020-01-23,NA,NA,NA,-3.4684000000026e-4
MA,2020-01-24,NA,NA,NA,-3.4684000000026e-4
MA,2020-01-25,NA,NA,NA,-3.4684000000026e-4
MA,2020-01-26,NA,NA,NA,-3.4684000000026e-4
MA,2020-01-27,NA,NA,NA,-0.00231721900000026
MA,2020-01-28,NA,NA,NA,-0.00231721900000026
MA,2020-01-29,NA,NA,NA,-0.00231721900000026
MA,2020-01-30,NA,NA,NA,-0.00231721900000026
MA,2020-01-31,NA,NA,NA,-0.00231721900000026
MA,2020-02-01,NA,NA,NA,-0.00231721900000026
MA,2020-02-02,NA,NA,NA,-0.00231721900000026
MA,2020-02-03,NA,NA,NA,-0.00163155900000025
MA,2020-02-04,NA,NA,NA,-0.00163155900000025
MA,2020-02-05,NA,NA,NA,-0.00163155900000025
MA,2020-02-06,NA,NA,NA,-0.00163155900000025
MA,2020-02-07,NA,NA,NA,-0.00163155900000025
MA,2020-02-08,NA,NA,NA,-0.00163155900000025
MA,2020-02-09,NA,NA,NA,-0.00163155900000025
MA,2020-02-10,NA,NA,NA,-0.00341784900000029
MA,2020-02-11,NA,NA,NA,-0.00341784900000029
MA,2020-02-12,NA,NA,NA,-0.00341784900000029
MA,2020-02-13,NA,NA,NA,-0.00341784900000029
MA,2020-02-14,NA,NA,NA,-0.00341784900000029
MA,2020-02-15,NA,NA,NA,-0.00341784900000029
MA,2020-02-16,NA,NA,NA,-0.00341784900000029
MA,2020-02-17,NA,NA,NA,-0.00592252800000028
MA,2020-02-18,NA,NA,NA,-0.00592252800000028
MA,2020-02-19,NA,NA,NA,-0.00592252800000028
MA,2020-02-20,NA,NA,NA,-0.00592252800000028
MA,2020-02-21,NA,NA,NA,-0.00592252800000028
MA,2020-02-22,NA,NA,NA,-0.00592252800000028
MA,2020-02-23,NA,NA,NA,-0.00592252800000028
MA,2020-02-24,NA,NA,NA,-0.0220974430000003
MA,2020-02-25,NA,NA,NA,-0.0220974430000003
MA,2020-02-26,NA,NA,NA,-0.0220974430000003
MA,2020-02-27,NA,NA,NA,-0.0220974430000003
MA,2020-02-28,NA,NA,NA,-0.0220974430000003
MA,2020-02-29,NA,NA,NA,-0.0220974430000003
MA,2020-03-01,NA,NA,NA,-0.0220974430000003
MA,2020-03-02,NA,NA,NA,0.0302505549999997
MA,2020-03-03,NA,NA,NA,0.0302505549999997
MA,2020-03-04,NA,NA,NA,0.0302505549999997
MA,2020-03-05,NA,NA,NA,0.0302505549999997
MA,2020-03-06,NA,NA,NA,0.0302505549999997
MA,2020-03-07,NA,NA,NA,0.0302505549999997
MA,2020-03-08,NA,NA,NA,0.0302505549999997
MA,2020-03-09,NA,NA,NA,0.0526698599999997
MA,2020-03-10,NA,NA,NA,0.0526698599999997
MA,2020-03-11,NA,NA,NA,0.0526698599999997
MA,2020-03-12,NA,NA,NA,0.0526698599999997
MA,2020-03-13,NA,NA,NA,0.0526698599999997
MA,2020-03-14,NA,NA,NA,0.0526698599999997
MA,2020-03-15,NA,NA,NA,0.0526698599999997
MA,2020-03-16,NA,NA,NA,0.0925919240000003
MA,2020-03-17,NA,NA,NA,0.0925919240000003
MA,2020-03-18,NA,NA,NA,0.0925919240000003
MA,2020-03-19,NA,NA,NA,0.0925919240000003
MA,2020-03-20,NA,NA,NA,0.0925919240000003
MA,2020-03-21,NA,NA,NA,0.0925919240000003
MA,2020-03-22,NA,NA,NA,0.0925919240000003
MA,2020-03-23,NA,NA,NA,0.0918611190000008
MA,2020-03-24,NA,NA,NA,0.0918611190000008
MA,2020-03-25,NA,NA,NA,0.0918611190000008
MA,2020-03-26,NA,NA,NA,0.0918611190000008
MA,2020-03-27,NA,NA,NA,0.0918611190000008
MA,2020-03-28,NA,NA,NA,0.0918611190000008
MA,2020-03-29,NA,NA,NA,0.0918611190000008
MA,2020-03-30,NA,NA,NA,0.0424138129999997
MA,2020-03-31,NA,NA,NA,0.0424138129999997
MA,2020-04-01,NA,NA,NA,0.0424138129999997
MA,2020-04-02,NA,NA,NA,0.0424138129999997
MA,2020-04-03,NA,NA,NA,0.0424138129999997
MA,2020-04-04,NA,NA,NA,0.0424138129999997
MA,2020-04-05,NA,NA,NA,0.0424138129999997
MA,2020-04-06,NA,NA,NA,-1.0342400000029e-4
MA,2020-04-07,NA,NA,NA,-1.0342400000029e-4
MA,2020-04-08,NA,NA,NA,-1.0342400000029e-4
MA,2020-04-09,NA,NA,NA,-1.0342400000029e-4
MA,2020-04-10,NA,NA,NA,-1.0342400000029e-4
MA,2020-04-11,NA,NA,NA,-1.0342400000029e-4
MA,2020-04-12,NA,NA,NA,-1.0342400000029e-4
MA,2020-04-13,NA,NA,NA,0.0349095349999998
MA,2020-04-14,NA,NA,NA,0.0349095349999998
MA,2020-04-15,NA,NA,NA,0.0349095349999998
MA,2020-04-16,NA,NA,NA,0.0349095349999998
MA,2020-04-17,NA,NA,NA,0.0349095349999998
MA,2020-04-18,NA,NA,NA,0.0349095349999998
MA,2020-04-19,NA,NA,NA,0.0349095349999998
MA,2020-04-20,NA,NA,NA,0.057607393
MA,2020-04-21,NA,NA,NA,0.057607393
MA,2020-04-22,NA,NA,NA,0.057607393
MA,2020-04-23,NA,NA,NA,0.057607393
MA,2020-04-24,NA,NA,NA,0.057607393
MA,2020-04-25,NA,NA,NA,0.057607393
MA,2020-04-26,NA,NA,NA,0.057607393
MA,2020-04-27,NA,NA,NA,0.0393386969999996
MA,2020-04-28,NA,NA,NA,0.0393386969999996
MA,2020-04-29,NA,NA,NA,0.0393386969999996
MA,2020-04-30,NA,NA,NA,0.0393386969999996
MA,2020-05-01,NA,NA,NA,0.0393386969999996
MA,2020-05-02,NA,NA,NA,0.0393386969999996
MA,2020-05-03,NA,NA,NA,0.0393386969999996
MA,2020-05-04,NA,NA,NA,0.0360525659999997
MA,2020-05-05,NA,NA,NA,0.0360525659999997
MA,2020-05-06,NA,NA,NA,0.0360525659999997
MA,2020-05-07,NA,NA,NA,0.0360525659999997
MA,2020-05-08,NA,NA,NA,0.0360525659999997
MA,2020-05-09,NA,NA,NA,0.0360525659999997
MA,2020-05-10,NA,NA,NA,0.0360525659999997
MA,2020-05-11,NA,NA,NA,0.0493169869999995
MA,2020-05-12,NA,NA,NA,0.0493169869999995
MA,2020-05-13,NA,NA,NA,0.0493169869999995
MA,2020-05-14,NA,NA,NA,0.0493169869999995
MA,2020-05-15,NA,NA,NA,0.0493169869999995
MA,2020-05-16,NA,NA,NA,0.0493169869999995
MA,2020-05-17,NA,NA,NA,0.0493169869999995
MA,2020-05-18,NA,NA,NA,0.0488872599999995
MA,2020-05-19,NA,NA,NA,0.0488872599999995
MA,2020-05-20,NA,NA,NA,0.0488872599999995
MA,2020-05-21,NA,NA,NA,0.0488872599999995
MA,2020-05-22,NA,NA,NA,0.0488872599999995
MA,2020-05-23,NA,NA,NA,0.0488872599999995
MA,2020-05-24,NA,NA,NA,0.0488872599999995
MA,2020-05-25,NA,NA,NA,0.0520650239999996
MA,2020-05-26,NA,NA,NA,0.0520650239999996
MA,2020-05-27,NA,NA,NA,0.0520650239999996
MA,2020-05-28,NA,NA,NA,0.0520650239999996
MA,2020-05-29,NA,NA,NA,0.0520650239999996
MA,2020-05-30,NA,NA,NA,0.0520650239999996
MA,2020-05-31,NA,NA,NA,0.0520650239999996
MA,2020-06-01,NA,NA,NA,0.0495157779999995
ML,2020-01-01,NA,NA,NA,-0.0278242150000002
ML,2020-01-02,NA,NA,NA,-0.0278242150000002
ML,2020-01-03,NA,NA,NA,-0.0278242150000002
ML,2020-01-04,NA,NA,NA,-0.0278242150000002
ML,2020-01-05,NA,NA,NA,-0.0278242150000002
ML,2020-01-06,NA,NA,NA,-0.0278242150000002
ML,2020-01-07,NA,NA,NA,-0.0278242150000002
ML,2020-01-08,NA,NA,NA,-0.0278242150000002
ML,2020-01-09,NA,NA,NA,-0.0278242150000002
ML,2020-01-10,NA,NA,NA,-0.0278242150000002
ML,2020-01-11,NA,NA,NA,-0.0278242150000002
ML,2020-01-12,NA,NA,NA,-0.0278242150000002
ML,2020-01-13,NA,NA,NA,-0.0278242150000002
ML,2020-01-14,NA,NA,NA,-0.0278242150000002
ML,2020-01-15,NA,NA,NA,-0.0278242150000002
ML,2020-01-16,NA,NA,NA,-0.0278242150000002
ML,2020-01-17,NA,NA,NA,-0.0278242150000002
ML,2020-01-18,NA,NA,NA,-0.0278242150000002
ML,2020-01-19,NA,NA,NA,-0.0278242150000002
ML,2020-01-20,NA,NA,NA,-0.0277090250000002
ML,2020-01-21,NA,NA,NA,-0.0277090250000002
ML,2020-01-22,NA,NA,NA,-0.0277090250000002
ML,2020-01-23,NA,NA,NA,-0.0277090250000002
ML,2020-01-24,NA,NA,NA,-0.0277090250000002
ML,2020-01-25,NA,NA,NA,-0.0277090250000002
ML,2020-01-26,NA,NA,NA,-0.0277090250000002
ML,2020-01-27,NA,NA,NA,-0.0286373630000002
ML,2020-01-28,NA,NA,NA,-0.0286373630000002
ML,2020-01-29,NA,NA,NA,-0.0286373630000002
ML,2020-01-30,NA,NA,NA,-0.0286373630000002
ML,2020-01-31,NA,NA,NA,-0.0286373630000002
ML,2020-02-01,NA,NA,NA,-0.0286373630000002
ML,2020-02-02,NA,NA,NA,-0.0286373630000002
ML,2020-02-03,NA,NA,NA,-0.0290541070000002
ML,2020-02-04,NA,NA,NA,-0.0290541070000002
ML,2020-02-05,NA,NA,NA,-0.0290541070000002
ML,2020-02-06,NA,NA,NA,-0.0290541070000002
ML,2020-02-07,NA,NA,NA,-0.0290541070000002
ML,2020-02-08,NA,NA,NA,-0.0290541070000002
ML,2020-02-09,NA,NA,NA,-0.0290541070000002
ML,2020-02-10,NA,NA,NA,-0.0381595440000004
ML,2020-02-11,NA,NA,NA,-0.0381595440000004
ML,2020-02-12,NA,NA,NA,-0.0381595440000004
ML,2020-02-13,NA,NA,NA,-0.0381595440000004
ML,2020-02-14,NA,NA,NA,-0.0381595440000004
ML,2020-02-15,NA,NA,NA,-0.0381595440000004
ML,2020-02-16,NA,NA,NA,-0.0381595440000004
ML,2020-02-17,NA,NA,NA,-0.0364606570000004
ML,2020-02-18,NA,NA,NA,-0.0364606570000004
ML,2020-02-19,NA,NA,NA,-0.0364606570000004
ML,2020-02-20,NA,NA,NA,-0.0364606570000004
ML,2020-02-21,NA,NA,NA,-0.0364606570000004
ML,2020-02-22,NA,NA,NA,-0.0364606570000004
ML,2020-02-23,NA,NA,NA,-0.0364606570000004
ML,2020-02-24,NA,NA,NA,-0.0636595510000003
ML,2020-02-25,NA,NA,NA,-0.0636595510000003
ML,2020-02-26,NA,NA,NA,-0.0636595510000003
ML,2020-02-27,NA,NA,NA,-0.0636595510000003
ML,2020-02-28,NA,NA,NA,-0.0636595510000003
ML,2020-02-29,NA,NA,NA,-0.0636595510000003
ML,2020-03-01,NA,NA,NA,-0.0636595510000003
ML,2020-03-02,NA,NA,NA,-0.0498456310000004
ML,2020-03-03,NA,NA,NA,-0.0498456310000004
ML,2020-03-04,NA,NA,NA,-0.0498456310000004
ML,2020-03-05,NA,NA,NA,-0.0498456310000004
ML,2020-03-06,NA,NA,NA,-0.0498456310000004
ML,2020-03-07,NA,NA,NA,-0.0498456310000004
ML,2020-03-08,NA,NA,NA,-0.0498456310000004
ML,2020-03-09,NA,NA,NA,-0.0330322520000005
ML,2020-03-10,NA,NA,NA,-0.0330322520000005
ML,2020-03-11,NA,NA,NA,-0.0330322520000005
ML,2020-03-12,NA,NA,NA,-0.0330322520000005
ML,2020-03-13,NA,NA,NA,-0.0330322520000005
ML,2020-03-14,NA,NA,NA,-0.0330322520000005
ML,2020-03-15,NA,NA,NA,-0.0330322520000005
ML,2020-03-16,NA,NA,NA,-0.0408933740000005
ML,2020-03-17,NA,NA,NA,-0.0408933740000005
ML,2020-03-18,NA,NA,NA,-0.0408933740000005
ML,2020-03-19,NA,NA,NA,-0.0408933740000005
ML,2020-03-20,NA,NA,NA,-0.0408933740000005
ML,2020-03-21,NA,NA,NA,-0.0408933740000005
ML,2020-03-22,NA,NA,NA,-0.0408933740000005
ML,2020-03-23,NA,NA,NA,0.0637021849999996
ML,2020-03-24,NA,NA,NA,0.0637021849999996
ML,2020-03-25,NA,NA,NA,0.0637021849999996
ML,2020-03-26,NA,NA,NA,0.0637021849999996
ML,2020-03-27,NA,NA,NA,0.0637021849999996
ML,2020-03-28,NA,NA,NA,0.0637021849999996
ML,2020-03-29,NA,NA,NA,0.0637021849999996
ML,2020-03-30,NA,NA,NA,-0.0206626640000005
ML,2020-03-31,NA,NA,NA,-0.0206626640000005
ML,2020-04-01,NA,NA,NA,-0.0206626640000005
ML,2020-04-02,NA,NA,NA,-0.0206626640000005
ML,2020-04-03,NA,NA,NA,-0.0206626640000005
ML,2020-04-04,NA,NA,NA,-0.0206626640000005
ML,2020-04-05,NA,NA,NA,-0.0206626640000005
ML,2020-04-06,NA,NA,NA,-0.00195008600000038
ML,2020-04-07,NA,NA,NA,-0.00195008600000038
ML,2020-04-08,NA,NA,NA,-0.00195008600000038
ML,2020-04-09,NA,NA,NA,-0.00195008600000038
ML,2020-04-10,NA,NA,NA,-0.00195008600000038
ML,2020-04-11,NA,NA,NA,-0.00195008600000038
ML,2020-04-12,NA,NA,NA,-0.00195008600000038
ML,2020-04-13,NA,NA,NA,-0.00638225900000039
ML,2020-04-14,NA,NA,NA,-0.00638225900000039
ML,2020-04-15,NA,NA,NA,-0.00638225900000039
ML,2020-04-16,NA,NA,NA,-0.00638225900000039
ML,2020-04-17,NA,NA,NA,-0.00638225900000039
ML,2020-04-18,NA,NA,NA,-0.00638225900000039
ML,2020-04-19,NA,NA,NA,-0.00638225900000039
ML,2020-04-20,NA,NA,NA,-0.0259277810000004
ML,2020-04-21,NA,NA,NA,-0.0259277810000004
ML,2020-04-22,NA,NA,NA,-0.0259277810000004
ML,2020-04-23,NA,NA,NA,-0.0259277810000004
ML,2020-04-24,NA,NA,NA,-0.0259277810000004
ML,2020-04-25,NA,NA,NA,-0.0259277810000004
ML,2020-04-26,NA,NA,NA,-0.0259277810000004
ML,2020-04-27,NA,NA,NA,-0.00211442200000029
ML,2020-04-28,NA,NA,NA,-0.00211442200000029
ML,2020-04-29,NA,NA,NA,-0.00211442200000029
ML,2020-04-30,NA,NA,NA,-0.00211442200000029
ML,2020-05-01,NA,NA,NA,-0.00211442200000029
ML,2020-05-02,NA,NA,NA,-0.00211442200000029
ML,2020-05-03,NA,NA,NA,-0.00211442200000029
ML,2020-05-04,NA,NA,NA,0.00286613199999972
ML,2020-05-05,NA,NA,NA,0.00286613199999972
ML,2020-05-06,NA,NA,NA,0.00286613199999972
ML,2020-05-07,NA,NA,NA,0.00286613199999972
ML,2020-05-08,NA,NA,NA,0.00286613199999972
ML,2020-05-09,NA,NA,NA,0.00286613199999972
ML,2020-05-10,NA,NA,NA,0.00286613199999972
ML,2020-05-11,NA,NA,NA,0.0623416599999998
ML,2020-05-12,NA,NA,NA,0.0623416599999998
ML,2020-05-13,NA,NA,NA,0.0623416599999998
ML,2020-05-14,NA,NA,NA,0.0623416599999998
ML,2020-05-15,NA,NA,NA,0.0623416599999998
ML,2020-05-16,NA,NA,NA,0.0623416599999998
ML,2020-05-17,NA,NA,NA,0.0623416599999998
ML,2020-05-18,NA,NA,NA,0.00721964399999972
ML,2020-05-19,NA,NA,NA,0.00721964399999972
ML,2020-05-20,NA,NA,NA,0.00721964399999972
ML,2020-05-21,NA,NA,NA,0.00721964399999972
ML,2020-05-22,NA,NA,NA,0.00721964399999972
ML,2020-05-23,NA,NA,NA,0.00721964399999972
ML,2020-05-24,NA,NA,NA,0.00721964399999972
ML,2020-05-25,NA,NA,NA,-0.103642717
ML,2020-05-26,NA,NA,NA,-0.103642717
ML,2020-05-27,NA,NA,NA,-0.103642717
ML,2020-05-28,NA,NA,NA,-0.103642717
ML,2020-05-29,NA,NA,NA,-0.103642717
ML,2020-05-30,NA,NA,NA,-0.103642717
ML,2020-05-31,NA,NA,NA,-0.103642717
ML,2020-06-01,NA,NA,NA,-0.0921326180000002
MR,2020-01-01,NA,NA,NA,0.0132706849999998
MR,2020-01-02,NA,NA,NA,0.0132706849999998
MR,2020-01-03,NA,NA,NA,0.0132706849999998
MR,2020-01-04,NA,NA,NA,0.0132706849999998
MR,2020-01-05,NA,NA,NA,0.0132706849999998
MR,2020-01-06,NA,NA,NA,0.0132706849999998
MR,2020-01-07,NA,NA,NA,0.0132706849999998
MR,2020-01-08,NA,NA,NA,0.0132706849999998
MR,2020-01-09,NA,NA,NA,0.0132706849999998
MR,2020-01-10,NA,NA,NA,0.0132706849999998
MR,2020-01-11,NA,NA,NA,0.0132706849999998
MR,2020-01-12,NA,NA,NA,0.0132706849999998
MR,2020-01-13,NA,NA,NA,0.0132706849999998
MR,2020-01-14,NA,NA,NA,0.0132706849999998
MR,2020-01-15,NA,NA,NA,0.0132706849999998
MR,2020-01-16,NA,NA,NA,0.0132706849999998
MR,2020-01-17,NA,NA,NA,0.0132706849999998
MR,2020-01-18,NA,NA,NA,0.0132706849999998
MR,2020-01-19,NA,NA,NA,0.0132706849999998
MR,2020-01-20,NA,NA,NA,0.0113326159999998
MR,2020-01-21,NA,NA,NA,0.0113326159999998
MR,2020-01-22,NA,NA,NA,0.0113326159999998
MR,2020-01-23,NA,NA,NA,0.0113326159999998
MR,2020-01-24,NA,NA,NA,0.0113326159999998
MR,2020-01-25,NA,NA,NA,0.0113326159999998
MR,2020-01-26,NA,NA,NA,0.0113326159999998
MR,2020-01-27,NA,NA,NA,0.0132706849999998
MR,2020-01-28,NA,NA,NA,0.0132706849999998
MR,2020-01-29,NA,NA,NA,0.0132706849999998
MR,2020-01-30,NA,NA,NA,0.0132706849999998
MR,2020-01-31,NA,NA,NA,0.0132706849999998
MR,2020-02-01,NA,NA,NA,0.0132706849999998
MR,2020-02-02,NA,NA,NA,0.0132706849999998
MR,2020-02-03,NA,NA,NA,0.0130862109999998
MR,2020-02-04,NA,NA,NA,0.0130862109999998
MR,2020-02-05,NA,NA,NA,0.0130862109999998
MR,2020-02-06,NA,NA,NA,0.0130862109999998
MR,2020-02-07,NA,NA,NA,0.0130862109999998
MR,2020-02-08,NA,NA,NA,0.0130862109999998
MR,2020-02-09,NA,NA,NA,0.0130862109999998
MR,2020-02-10,NA,NA,NA,0.00858412399999976
MR,2020-02-11,NA,NA,NA,0.00858412399999976
MR,2020-02-12,NA,NA,NA,0.00858412399999976
MR,2020-02-13,NA,NA,NA,0.00858412399999976
MR,2020-02-14,NA,NA,NA,0.00858412399999976
MR,2020-02-15,NA,NA,NA,0.00858412399999976
MR,2020-02-16,NA,NA,NA,0.00858412399999976
MR,2020-02-17,NA,NA,NA,0.0111446999999997
MR,2020-02-18,NA,NA,NA,0.0111446999999997
MR,2020-02-19,NA,NA,NA,0.0111446999999997
MR,2020-02-20,NA,NA,NA,0.0111446999999997
MR,2020-02-21,NA,NA,NA,0.0111446999999997
MR,2020-02-22,NA,NA,NA,0.0111446999999997
MR,2020-02-23,NA,NA,NA,0.0111446999999997
MR,2020-02-24,NA,NA,NA,0.00197220999999973
MR,2020-02-25,NA,NA,NA,0.00197220999999973
MR,2020-02-26,NA,NA,NA,0.00197220999999973
MR,2020-02-27,NA,NA,NA,0.00197220999999973
MR,2020-02-28,NA,NA,NA,0.00197220999999973
MR,2020-02-29,NA,NA,NA,0.00197220999999973
MR,2020-03-01,NA,NA,NA,0.00197220999999973
MR,2020-03-02,NA,NA,NA,0.0225389899999997
MR,2020-03-03,NA,NA,NA,0.0225389899999997
MR,2020-03-04,NA,NA,NA,0.0225389899999997
MR,2020-03-05,NA,NA,NA,0.0225389899999997
MR,2020-03-06,NA,NA,NA,0.0225389899999997
MR,2020-03-07,NA,NA,NA,0.0225389899999997
MR,2020-03-08,NA,NA,NA,0.0225389899999997
MR,2020-03-09,NA,NA,NA,-0.0309617860000003
MR,2020-03-10,NA,NA,NA,-0.0309617860000003
MR,2020-03-11,NA,NA,NA,-0.0309617860000003
MR,2020-03-12,NA,NA,NA,-0.0309617860000003
MR,2020-03-13,NA,NA,NA,-0.0309617860000003
MR,2020-03-14,NA,NA,NA,-0.0309617860000003
MR,2020-03-15,NA,NA,NA,-0.0309617860000003
MR,2020-03-16,NA,NA,NA,-0.0309093180000003
MR,2020-03-17,NA,NA,NA,-0.0309093180000003
MR,2020-03-18,NA,NA,NA,-0.0309093180000003
MR,2020-03-19,NA,NA,NA,-0.0309093180000003
MR,2020-03-20,NA,NA,NA,-0.0309093180000003
MR,2020-03-21,NA,NA,NA,-0.0309093180000003
MR,2020-03-22,NA,NA,NA,-0.0309093180000003
MR,2020-03-23,NA,NA,NA,-0.0395696640000003
MR,2020-03-24,NA,NA,NA,-0.0395696640000003
MR,2020-03-25,NA,NA,NA,-0.0395696640000003
MR,2020-03-26,NA,NA,NA,-0.0395696640000003
MR,2020-03-27,NA,NA,NA,-0.0395696640000003
MR,2020-03-28,NA,NA,NA,-0.0395696640000003
MR,2020-03-29,NA,NA,NA,-0.0395696640000003
MR,2020-03-30,NA,NA,NA,-0.0635525800000002
MR,2020-03-31,NA,NA,NA,-0.0635525800000002
MR,2020-04-01,NA,NA,NA,-0.0635525800000002
MR,2020-04-02,NA,NA,NA,-0.0635525800000002
MR,2020-04-03,NA,NA,NA,-0.0635525800000002
MR,2020-04-04,NA,NA,NA,-0.0635525800000002
MR,2020-04-05,NA,NA,NA,-0.0635525800000002
MR,2020-04-06,NA,NA,NA,-0.0429078960000003
MR,2020-04-07,NA,NA,NA,-0.0429078960000003
MR,2020-04-08,NA,NA,NA,-0.0429078960000003
MR,2020-04-09,NA,NA,NA,-0.0429078960000003
MR,2020-04-10,NA,NA,NA,-0.0429078960000003
MR,2020-04-11,NA,NA,NA,-0.0429078960000003
MR,2020-04-12,NA,NA,NA,-0.0429078960000003
MR,2020-04-13,NA,NA,NA,0.00662181899999967
MR,2020-04-14,NA,NA,NA,0.00662181899999967
MR,2020-04-15,NA,NA,NA,0.00662181899999967
MR,2020-04-16,NA,NA,NA,0.00662181899999967
MR,2020-04-17,NA,NA,NA,0.00662181899999967
MR,2020-04-18,NA,NA,NA,0.00662181899999967
MR,2020-04-19,NA,NA,NA,0.00662181899999967
MR,2020-04-20,NA,NA,NA,-0.0135055160000003
MR,2020-04-21,NA,NA,NA,-0.0135055160000003
MR,2020-04-22,NA,NA,NA,-0.0135055160000003
MR,2020-04-23,NA,NA,NA,-0.0135055160000003
MR,2020-04-24,NA,NA,NA,-0.0135055160000003
MR,2020-04-25,NA,NA,NA,-0.0135055160000003
MR,2020-04-26,NA,NA,NA,-0.0135055160000003
MR,2020-04-27,NA,NA,NA,-0.0123171230000003
MR,2020-04-28,NA,NA,NA,-0.0123171230000003
MR,2020-04-29,NA,NA,NA,-0.0123171230000003
MR,2020-04-30,NA,NA,NA,-0.0123171230000003
MR,2020-05-01,NA,NA,NA,-0.0123171230000003
MR,2020-05-02,NA,NA,NA,-0.0123171230000003
MR,2020-05-03,NA,NA,NA,-0.0123171230000003
MR,2020-05-04,NA,NA,NA,-0.0210868800000003
MR,2020-05-05,NA,NA,NA,-0.0210868800000003
MR,2020-05-06,NA,NA,NA,-0.0210868800000003
MR,2020-05-07,NA,NA,NA,-0.0210868800000003
MR,2020-05-08,NA,NA,NA,-0.0210868800000003
MR,2020-05-09,NA,NA,NA,-0.0210868800000003
MR,2020-05-10,NA,NA,NA,-0.0210868800000003
MR,2020-05-11,NA,NA,NA,-0.0181345240000004
MR,2020-05-12,NA,NA,NA,-0.0181345240000004
MR,2020-05-13,NA,NA,NA,-0.0181345240000004
MR,2020-05-14,NA,NA,NA,-0.0181345240000004
MR,2020-05-15,NA,NA,NA,-0.0181345240000004
MR,2020-05-16,NA,NA,NA,-0.0181345240000004
MR,2020-05-17,NA,NA,NA,-0.0181345240000004
MR,2020-05-18,NA,NA,NA,-0.0197371340000004
MR,2020-05-19,NA,NA,NA,-0.0197371340000004
MR,2020-05-20,NA,NA,NA,-0.0197371340000004
MR,2020-05-21,NA,NA,NA,-0.0197371340000004
MR,2020-05-22,NA,NA,NA,-0.0197371340000004
MR,2020-05-23,NA,NA,NA,-0.0197371340000004
MR,2020-05-24,NA,NA,NA,-0.0197371340000004
MR,2020-05-25,NA,NA,NA,0.198398408999999
MR,2020-05-26,NA,NA,NA,0.198398408999999
MR,2020-05-27,NA,NA,NA,0.198398408999999
MR,2020-05-28,NA,NA,NA,0.198398408999999
MR,2020-05-29,NA,NA,NA,0.198398408999999
MR,2020-05-30,NA,NA,NA,0.198398408999999
MR,2020-05-31,NA,NA,NA,0.198398408999999
MR,2020-06-01,NA,NA,NA,0.00114944300000001
NL,2020-01-01,NA,NA,-0.2153701265812343,0
NL,2020-01-02,NA,NA,-0.2153701265812343,0
NL,2020-01-03,NA,NA,-0.2153701265812343,0
NL,2020-01-04,NA,NA,-0.2153701265812343,0
NL,2020-01-05,-15.0759088606864,NA,-0.2153701265812343,0
NL,2020-01-06,NA,NA,-0.05798106536389343,0
NL,2020-01-07,NA,NA,-0.05798106536389343,0
NL,2020-01-08,NA,NA,-0.05798106536389343,0
NL,2020-01-09,NA,NA,-0.05798106536389343,0
NL,2020-01-10,NA,NA,-0.05798106536389343,0
NL,2020-01-11,NA,NA,-0.05798106536389343,0
NL,2020-01-12,-4.05867457547254,NA,-0.05798106536389343,0
NL,2020-01-13,NA,NA,-0.17727066038803,0
NL,2020-01-14,NA,NA,-0.17727066038803,0
NL,2020-01-15,NA,NA,-0.17727066038803,0
NL,2020-01-16,NA,NA,-0.17727066038803,0
NL,2020-01-17,NA,NA,-0.17727066038803,0
NL,2020-01-18,NA,NA,-0.17727066038803,0
NL,2020-01-19,-12.4089462271621,NA,-0.17727066038803,0
NL,2020-01-20,NA,NA,-0.30853912687902574,0
NL,2020-01-21,NA,NA,-0.30853912687902574,0
NL,2020-01-22,NA,NA,-0.30853912687902574,0
NL,2020-01-23,NA,NA,-0.30853912687902574,0
NL,2020-01-24,NA,NA,-0.30853912687902574,0
NL,2020-01-25,NA,NA,-0.30853912687902574,0
NL,2020-01-26,-21.5977388815318,NA,-0.30853912687902574,0
NL,2020-01-27,NA,NA,-0.18841766578080144,-0.139950367628517
NL,2020-01-28,NA,NA,-0.18841766578080144,-0.139950367628517
NL,2020-01-29,NA,NA,-0.18841766578080144,-0.139950367628517
NL,2020-01-30,NA,NA,-0.18841766578080144,-0.139950367628517
NL,2020-01-31,NA,NA,-0.18841766578080144,-0.139950367628517
NL,2020-02-01,NA,NA,-0.18841766578080144,-0.139950367628517
NL,2020-02-02,-13.1892366046561,NA,-0.18841766578080144,-0.139950367628517
NL,2020-02-03,NA,NA,-0.14532700314307287,-0.104041482097077
NL,2020-02-04,NA,NA,-0.14532700314307287,-0.104041482097077
NL,2020-02-05,NA,NA,-0.14532700314307287,-0.104041482097077
NL,2020-02-06,NA,NA,-0.14532700314307287,-0.104041482097077
NL,2020-02-07,NA,NA,-0.14532700314307287,-0.104041482097077
NL,2020-02-08,NA,NA,-0.14532700314307287,-0.104041482097077
NL,2020-02-09,-10.1728902200151,NA,-0.14532700314307287,-0.104041482097077
NL,2020-02-10,NA,NA,-0.17993263182511,-0.132879505998774
NL,2020-02-11,NA,NA,-0.17993263182511,-0.132879505998774
NL,2020-02-12,NA,NA,-0.17993263182511,-0.132879505998774
NL,2020-02-13,NA,NA,-0.17993263182511,-0.132879505998774
NL,2020-02-14,NA,NA,-0.17993263182511,-0.132879505998774
NL,2020-02-15,NA,NA,-0.17993263182511,-0.132879505998774
NL,2020-02-16,-12.5952842277577,NA,-0.17993263182511,-0.132879505998774
NL,2020-02-17,NA,NA,-0.4243348843919943,-0.336548049804511
NL,2020-02-18,NA,NA,-0.4243348843919943,-0.336548049804511
NL,2020-02-19,NA,NA,-0.4243348843919943,-0.336548049804511
NL,2020-02-20,NA,NA,-0.4243348843919943,-0.336548049804511
NL,2020-02-21,NA,NA,-0.4243348843919943,-0.336548049804511
NL,2020-02-22,NA,NA,-0.4243348843919943,-0.336548049804511
NL,2020-02-23,-29.7034419074396,NA,-0.4243348843919943,-0.336548049804511
NL,2020-02-24,NA,NA,-0.24282170702611858,-0.222344482399548
NL,2020-02-25,NA,NA,-0.24282170702611858,-0.222344482399548
NL,2020-02-26,NA,NA,-0.24282170702611858,-0.222344482399548
NL,2020-02-27,NA,NA,-0.24282170702611858,-0.222344482399548
NL,2020-02-28,NA,NA,-0.24282170702611858,-0.222344482399548
NL,2020-02-29,NA,NA,-0.24282170702611858,-0.222344482399548
NL,2020-03-01,-16.9975194918283,NA,-0.24282170702611858,-0.222344482399548
NL,2020-03-02,NA,NA,-0.26012452136713715,-0.239647296740567
NL,2020-03-03,NA,NA,-0.26012452136713715,-0.239647296740567
NL,2020-03-04,NA,NA,-0.26012452136713715,-0.239647296740567
NL,2020-03-05,NA,NA,-0.26012452136713715,-0.239647296740567
NL,2020-03-06,NA,NA,-0.26012452136713715,-0.239647296740567
NL,2020-03-07,NA,NA,-0.26012452136713715,-0.239647296740567
NL,2020-03-08,-18.2087164956996,NA,-0.26012452136713715,-0.239647296740567
NL,2020-03-09,NA,NA,-0.04483758139331214,-0.0243603567667415
NL,2020-03-10,NA,NA,-0.04483758139331214,-0.0243603567667415
NL,2020-03-11,NA,NA,-0.04483758139331214,-0.0243603567667415
NL,2020-03-12,NA,NA,-0.04483758139331214,-0.0243603567667415
NL,2020-03-13,NA,NA,-0.04483758139331214,-0.0243603567667415
NL,2020-03-14,NA,NA,-0.04483758139331214,-0.0243603567667415
NL,2020-03-15,-3.13863069753185,NA,-0.04483758139331214,-0.0243603567667415
NL,2020-03-16,NA,NA,0.38756640391733,0.408043628543903
NL,2020-03-17,NA,NA,0.38756640391733,0.408043628543903
NL,2020-03-18,NA,NA,0.38756640391733,0.408043628543903
NL,2020-03-19,NA,NA,0.38756640391733,0.408043628543903
NL,2020-03-20,NA,NA,0.38756640391733,0.408043628543903
NL,2020-03-21,NA,NA,0.38756640391733,0.408043628543903
NL,2020-03-22,27.1296482742131,NA,0.38756640391733,0.408043628543903
NL,2020-03-23,NA,NA,1.1104580222993015,1.13093524692587
NL,2020-03-24,NA,NA,1.1104580222993015,1.13093524692587
NL,2020-03-25,NA,NA,1.1104580222993015,1.13093524692587
NL,2020-03-26,NA,NA,1.1104580222993015,1.13093524692587
NL,2020-03-27,NA,NA,1.1104580222993015,1.13093524692587
NL,2020-03-28,NA,NA,1.1104580222993015,1.13093524692587
NL,2020-03-29,77.7320615609511,NA,1.1104580222993015,1.13093524692587
NL,2020-03-30,NA,NA,1.7410125064575714,1.76148973108414
NL,2020-03-31,NA,NA,1.7410125064575714,1.76148973108414
NL,2020-04-01,NA,NA,1.7410125064575714,1.76148973108414
NL,2020-04-02,NA,NA,1.7410125064575714,1.76148973108414
NL,2020-04-03,NA,NA,1.7410125064575714,1.76148973108414
NL,2020-04-04,NA,NA,1.7410125064575714,1.76148973108414
NL,2020-04-05,121.87087545203,NA,1.7410125064575714,1.76148973108414
NL,2020-04-06,NA,NA,1.7097343420718858,1.73021156669846
NL,2020-04-07,NA,NA,1.7097343420718858,1.73021156669846
NL,2020-04-08,NA,NA,1.7097343420718858,1.73021156669846
NL,2020-04-09,NA,NA,1.7097343420718858,1.73021156669846
NL,2020-04-10,NA,NA,1.7097343420718858,1.73021156669846
NL,2020-04-11,NA,NA,1.7097343420718858,1.73021156669846
NL,2020-04-12,119.681403945032,NA,1.7097343420718858,1.73021156669846
NL,2020-04-13,NA,NA,1.1607027331741815,1.18117995780076
NL,2020-04-14,NA,NA,1.1607027331741815,1.18117995780076
NL,2020-04-15,NA,NA,1.1607027331741815,1.18117995780076
NL,2020-04-16,NA,NA,1.1607027331741815,1.18117995780076
NL,2020-04-17,NA,NA,1.1607027331741815,1.18117995780076
NL,2020-04-18,NA,NA,1.1607027331741815,1.18117995780076
NL,2020-04-19,81.2491913221927,NA,1.1607027331741815,1.18117995780076
NL,2020-04-20,NA,NA,0.85989996078417,0.880377185410736
NL,2020-04-21,NA,NA,0.85989996078417,0.880377185410736
NL,2020-04-22,NA,NA,0.85989996078417,0.880377185410736
NL,2020-04-23,NA,NA,0.85989996078417,0.880377185410736
NL,2020-04-24,NA,NA,0.85989996078417,0.880377185410736
NL,2020-04-25,NA,NA,0.85989996078417,0.880377185410736
NL,2020-04-26,60.1929972548919,NA,0.85989996078417,0.880377185410736
NL,2020-04-27,NA,NA,0.47557783455578007,0.496055059182352
NL,2020-04-28,NA,NA,0.47557783455578007,0.496055059182352
NL,2020-04-29,NA,NA,0.47557783455578007,0.496055059182352
NL,2020-04-30,NA,NA,0.47557783455578007,0.496055059182352
NL,2020-05-01,NA,NA,0.47557783455578007,0.496055059182352
NL,2020-05-02,NA,NA,0.47557783455578007,0.496055059182352
NL,2020-05-03,33.2904484189046,NA,0.47557783455578007,0.496055059182352
NL,2020-05-04,NA,NA,0.10439919229797158,0.124876416924544
NL,2020-05-05,NA,NA,0.10439919229797158,0.124876416924544
NL,2020-05-06,NA,NA,0.10439919229797158,0.124876416924544
NL,2020-05-07,NA,NA,0.10439919229797158,0.124876416924544
NL,2020-05-08,NA,NA,0.10439919229797158,0.124876416924544
NL,2020-05-09,NA,NA,0.10439919229797158,0.124876416924544
NL,2020-05-10,7.30794346085801,NA,0.10439919229797158,0.124876416924544
NL,2020-05-11,NA,NA,-0.023209063467039142,-0.0027318388404663
NL,2020-05-12,NA,NA,-0.023209063467039142,-0.0027318388404663
NL,2020-05-13,NA,NA,-0.023209063467039142,-0.0027318388404663
NL,2020-05-14,NA,NA,-0.023209063467039142,-0.0027318388404663
NL,2020-05-15,NA,NA,-0.023209063467039142,-0.0027318388404663
NL,2020-05-16,NA,NA,-0.023209063467039142,-0.0027318388404663
NL,2020-05-17,-1.62463444269274,NA,-0.023209063467039142,-0.0027318388404663
NL,2020-05-18,NA,NA,-0.025538288474483858,-0.00506106384791275
NL,2020-05-19,NA,NA,-0.025538288474483858,-0.00506106384791275
NL,2020-05-20,NA,NA,-0.025538288474483858,-0.00506106384791275
NL,2020-05-21,NA,NA,-0.025538288474483858,-0.00506106384791275
NL,2020-05-22,NA,NA,-0.025538288474483858,-0.00506106384791275
NL,2020-05-23,NA,NA,-0.025538288474483858,-0.00506106384791275
NL,2020-05-24,-1.78768019321387,NA,-0.025538288474483858,-0.00506106384791275
NL,2020-05-25,NA,NA,-0.049828777837836714,-0.0293515532112661
NL,2020-05-26,NA,NA,-0.049828777837836714,-0.0293515532112661
NL,2020-05-27,NA,NA,-0.049828777837836714,-0.0293515532112661
NL,2020-05-28,NA,NA,-0.049828777837836714,-0.0293515532112661
NL,2020-05-29,NA,NA,-0.049828777837836714,-0.0293515532112661
NL,2020-05-30,NA,NA,-0.049828777837836714,-0.0293515532112661
NL,2020-05-31,-3.48801444864857,NA,-0.049828777837836714,-0.0293515532112661
NL,2020-06-01,NA,NA,NA,-0.0155425763814149
SN,2020-01-01,NA,NA,NA,-0.0226669740000003
SN,2020-01-02,NA,NA,NA,-0.0226669740000003
SN,2020-01-03,NA,NA,NA,-0.0226669740000003
SN,2020-01-04,NA,NA,NA,-0.0226669740000003
SN,2020-01-05,NA,NA,NA,-0.0226669740000003
SN,2020-01-06,NA,NA,NA,-0.0226669740000003
SN,2020-01-07,NA,NA,NA,-0.0226669740000003
SN,2020-01-08,NA,NA,NA,-0.0226669740000003
SN,2020-01-09,NA,NA,NA,-0.0226669740000003
SN,2020-01-10,NA,NA,NA,-0.0226669740000003
SN,2020-01-11,NA,NA,NA,-0.0226669740000003
SN,2020-01-12,NA,NA,NA,-0.0226669740000003
SN,2020-01-13,NA,NA,NA,-0.0226669740000003
SN,2020-01-14,NA,NA,NA,-0.0226669740000003
SN,2020-01-15,NA,NA,NA,-0.0226669740000003
SN,2020-01-16,NA,NA,NA,-0.0226669740000003
SN,2020-01-17,NA,NA,NA,-0.0226669740000003
SN,2020-01-18,NA,NA,NA,-0.0226669740000003
SN,2020-01-19,NA,NA,NA,-0.0226669740000003
SN,2020-01-20,NA,NA,NA,-0.0226922010000003
SN,2020-01-21,NA,NA,NA,-0.0226922010000003
SN,2020-01-22,NA,NA,NA,-0.0226922010000003
SN,2020-01-23,NA,NA,NA,-0.0226922010000003
SN,2020-01-24,NA,NA,NA,-0.0226922010000003
SN,2020-01-25,NA,NA,NA,-0.0226922010000003
SN,2020-01-26,NA,NA,NA,-0.0226922010000003
SN,2020-01-27,NA,NA,NA,-0.0219852370000003
SN,2020-01-28,NA,NA,NA,-0.0219852370000003
SN,2020-01-29,NA,NA,NA,-0.0219852370000003
SN,2020-01-30,NA,NA,NA,-0.0219852370000003
SN,2020-01-31,NA,NA,NA,-0.0219852370000003
SN,2020-02-01,NA,NA,NA,-0.0219852370000003
SN,2020-02-02,NA,NA,NA,-0.0219852370000003
SN,2020-02-03,NA,NA,NA,-0.0226710560000003
SN,2020-02-04,NA,NA,NA,-0.0226710560000003
SN,2020-02-05,NA,NA,NA,-0.0226710560000003
SN,2020-02-06,NA,NA,NA,-0.0226710560000003
SN,2020-02-07,NA,NA,NA,-0.0226710560000003
SN,2020-02-08,NA,NA,NA,-0.0226710560000003
SN,2020-02-09,NA,NA,NA,-0.0226710560000003
SN,2020-02-10,NA,NA,NA,-0.0245804580000003
SN,2020-02-11,NA,NA,NA,-0.0245804580000003
SN,2020-02-12,NA,NA,NA,-0.0245804580000003
SN,2020-02-13,NA,NA,NA,-0.0245804580000003
SN,2020-02-14,NA,NA,NA,-0.0245804580000003
SN,2020-02-15,NA,NA,NA,-0.0245804580000003
SN,2020-02-16,NA,NA,NA,-0.0245804580000003
SN,2020-02-17,NA,NA,NA,-0.0245804580000003
SN,2020-02-18,NA,NA,NA,-0.0245804580000003
SN,2020-02-19,NA,NA,NA,-0.0245804580000003
SN,2020-02-20,NA,NA,NA,-0.0245804580000003
SN,2020-02-21,NA,NA,NA,-0.0245804580000003
SN,2020-02-22,NA,NA,NA,-0.0245804580000003
SN,2020-02-23,NA,NA,NA,-0.0245804580000003
SN,2020-02-24,NA,NA,NA,-0.0478917450000004
SN,2020-02-25,NA,NA,NA,-0.0478917450000004
SN,2020-02-26,NA,NA,NA,-0.0478917450000004
SN,2020-02-27,NA,NA,NA,-0.0478917450000004
SN,2020-02-28,NA,NA,NA,-0.0478917450000004
SN,2020-02-29,NA,NA,NA,-0.0478917450000004
SN,2020-03-01,NA,NA,NA,-0.0478917450000004
SN,2020-03-02,NA,NA,NA,-0.0521205400000003
SN,2020-03-03,NA,NA,NA,-0.0521205400000003
SN,2020-03-04,NA,NA,NA,-0.0521205400000003
SN,2020-03-05,NA,NA,NA,-0.0521205400000003
SN,2020-03-06,NA,NA,NA,-0.0521205400000003
SN,2020-03-07,NA,NA,NA,-0.0521205400000003
SN,2020-03-08,NA,NA,NA,-0.0521205400000003
SN,2020-03-09,NA,NA,NA,-0.00279143999999969
SN,2020-03-10,NA,NA,NA,-0.00279143999999969
SN,2020-03-11,NA,NA,NA,-0.00279143999999969
SN,2020-03-12,NA,NA,NA,-0.00279143999999969
SN,2020-03-13,NA,NA,NA,-0.00279143999999969
SN,2020-03-14,NA,NA,NA,-0.00279143999999969
SN,2020-03-15,NA,NA,NA,-0.00279143999999969
SN,2020-03-16,NA,NA,NA,-0.0630821989999996
SN,2020-03-17,NA,NA,NA,-0.0630821989999996
SN,2020-03-18,NA,NA,NA,-0.0630821989999996
SN,2020-03-19,NA,NA,NA,-0.0630821989999996
SN,2020-03-20,NA,NA,NA,-0.0630821989999996
SN,2020-03-21,NA,NA,NA,-0.0630821989999996
SN,2020-03-22,NA,NA,NA,-0.0630821989999996
SN,2020-03-23,NA,NA,NA,-0.0578263509999998
SN,2020-03-24,NA,NA,NA,-0.0578263509999998
SN,2020-03-25,NA,NA,NA,-0.0578263509999998
SN,2020-03-26,NA,NA,NA,-0.0578263509999998
SN,2020-03-27,NA,NA,NA,-0.0578263509999998
SN,2020-03-28,NA,NA,NA,-0.0578263509999998
SN,2020-03-29,NA,NA,NA,-0.0578263509999998
SN,2020-03-30,NA,NA,NA,-0.106067416
SN,2020-03-31,NA,NA,NA,-0.106067416
SN,2020-04-01,NA,NA,NA,-0.106067416
SN,2020-04-02,NA,NA,NA,-0.106067416
SN,2020-04-03,NA,NA,NA,-0.106067416
SN,2020-04-04,NA,NA,NA,-0.106067416
SN,2020-04-05,NA,NA,NA,-0.106067416
SN,2020-04-06,NA,NA,NA,-0.136794933
SN,2020-04-07,NA,NA,NA,-0.136794933
SN,2020-04-08,NA,NA,NA,-0.136794933
SN,2020-04-09,NA,NA,NA,-0.136794933
SN,2020-04-10,NA,NA,NA,-0.136794933
SN,2020-04-11,NA,NA,NA,-0.136794933
SN,2020-04-12,NA,NA,NA,-0.136794933
SN,2020-04-13,NA,NA,NA,-0.138405686000001
SN,2020-04-14,NA,NA,NA,-0.138405686000001
SN,2020-04-15,NA,NA,NA,-0.138405686000001
SN,2020-04-16,NA,NA,NA,-0.138405686000001
SN,2020-04-17,NA,NA,NA,-0.138405686000001
SN,2020-04-18,NA,NA,NA,-0.138405686000001
SN,2020-04-19,NA,NA,NA,-0.138405686000001
SN,2020-04-20,NA,NA,NA,-0.156076539000001
SN,2020-04-21,NA,NA,NA,-0.156076539000001
SN,2020-04-22,NA,NA,NA,-0.156076539000001
SN,2020-04-23,NA,NA,NA,-0.156076539000001
SN,2020-04-24,NA,NA,NA,-0.156076539000001
SN,2020-04-25,NA,NA,NA,-0.156076539000001
SN,2020-04-26,NA,NA,NA,-0.156076539000001
SN,2020-04-27,NA,NA,NA,-0.154369114000001
SN,2020-04-28,NA,NA,NA,-0.154369114000001
SN,2020-04-29,NA,NA,NA,-0.154369114000001
SN,2020-04-30,NA,NA,NA,-0.154369114000001
SN,2020-05-01,NA,NA,NA,-0.154369114000001
SN,2020-05-02,NA,NA,NA,-0.154369114000001
SN,2020-05-03,NA,NA,NA,-0.154369114000001
SN,2020-05-04,NA,NA,NA,-0.160307432000001
SN,2020-05-05,NA,NA,NA,-0.160307432000001
SN,2020-05-06,NA,NA,NA,-0.160307432000001
SN,2020-05-07,NA,NA,NA,-0.160307432000001
SN,2020-05-08,NA,NA,NA,-0.160307432000001
SN,2020-05-09,NA,NA,NA,-0.160307432000001
SN,2020-05-10,NA,NA,NA,-0.160307432000001
SN,2020-05-11,NA,NA,NA,-0.128292508
SN,2020-05-12,NA,NA,NA,-0.128292508
SN,2020-05-13,NA,NA,NA,-0.128292508
SN,2020-05-14,NA,NA,NA,-0.128292508
SN,2020-05-15,NA,NA,NA,-0.128292508
SN,2020-05-16,NA,NA,NA,-0.128292508
SN,2020-05-17,NA,NA,NA,-0.128292508
SN,2020-05-18,NA,NA,NA,-0.158735163000001
SN,2020-05-19,NA,NA,NA,-0.158735163000001
SN,2020-05-20,NA,NA,NA,-0.158735163000001
SN,2020-05-21,NA,NA,NA,-0.158735163000001
SN,2020-05-22,NA,NA,NA,-0.158735163000001
SN,2020-05-23,NA,NA,NA,-0.158735163000001
SN,2020-05-24,NA,NA,NA,-0.158735163000001
SN,2020-05-25,NA,NA,NA,-0.159178024000001
SN,2020-05-26,NA,NA,NA,-0.159178024000001
SN,2020-05-27,NA,NA,NA,-0.159178024000001
SN,2020-05-28,NA,NA,NA,-0.159178024000001
SN,2020-05-29,NA,NA,NA,-0.159178024000001
SN,2020-05-30,NA,NA,NA,-0.159178024000001
SN,2020-05-31,NA,NA,NA,-0.159178024000001
SN,2020-06-01,NA,NA,NA,-0.149743745000001
TN,2020-01-01,NA,NA,-0.05856619300318903,0
TN,2020-01-02,NA,NA,-0.05856619300318903,0
TN,2020-01-03,NA,NA,-0.05856619300318903,0
TN,2020-01-04,NA,NA,-0.05856619300318903,0
TN,2020-01-05,NA,NA,-0.05856619300318903,0
TN,2020-01-06,NA,NA,-0.05856619300318903,0
TN,2020-01-07,NA,NA,-0.05856619300318903,0
TN,2020-01-08,NA,NA,-0.05856619300318903,0
TN,2020-01-09,NA,NA,-0.05856619300318903,0
TN,2020-01-10,NA,NA,-0.05856619300318903,0
TN,2020-01-11,NA,NA,-0.05856619300318903,0
TN,2020-01-12,NA,NA,-0.05856619300318903,0
TN,2020-01-13,NA,NA,-0.05856619300318903,0
TN,2020-01-14,NA,NA,-0.05856619300318903,0
TN,2020-01-15,NA,NA,-0.05856619300318903,0
TN,2020-01-16,NA,NA,-0.05856619300318903,0
TN,2020-01-17,NA,NA,-0.05856619300318903,0
TN,2020-01-18,NA,NA,-0.05856619300318903,0
TN,2020-01-19,NA,NA,-0.05856619300318903,0
TN,2020-01-20,NA,NA,-0.05856619300318903,0
TN,2020-01-21,NA,NA,-0.05856619300318903,0
TN,2020-01-22,NA,NA,-0.05856619300318903,0
TN,2020-01-23,NA,NA,-0.05856619300318903,0
TN,2020-01-24,NA,NA,-0.05856619300318903,0
TN,2020-01-25,NA,NA,-0.05856619300318903,0
TN,2020-01-26,NA,NA,-0.05856619300318903,0
TN,2020-01-27,NA,NA,-0.05856619300318903,-7.86088480120109e-5
TN,2020-01-28,NA,NA,-0.05856619300318903,-7.86088480120109e-5
TN,2020-01-29,NA,NA,-0.05856619300318903,-7.86088480120109e-5
TN,2020-01-30,NA,NA,-0.05856619300318903,-7.86088480120109e-5
TN,2020-01-31,NA,-18.1555198309886,-0.05856619300318903,-7.86088480120109e-5
TN,2020-02-01,NA,NA,0.01372288388479162,-7.86088480120109e-5
TN,2020-02-02,NA,NA,0.01372288388479162,-7.86088480120109e-5
TN,2020-02-03,NA,NA,0.01372288388479162,0.0102943780684123
TN,2020-02-04,NA,NA,0.01372288388479162,0.0102943780684123
TN,2020-02-05,NA,NA,0.01372288388479162,0.0102943780684123
TN,2020-02-06,NA,NA,0.01372288388479162,0.0102943780684123
TN,2020-02-07,NA,NA,0.01372288388479162,0.0102943780684123
TN,2020-02-08,NA,NA,0.01372288388479162,0.0102943780684123
TN,2020-02-09,NA,NA,0.01372288388479162,0.0102943780684123
TN,2020-02-10,NA,NA,0.01372288388479162,-0.0218219852689771
TN,2020-02-11,NA,NA,0.01372288388479162,-0.0218219852689771
TN,2020-02-12,NA,NA,0.01372288388479162,-0.0218219852689771
TN,2020-02-13,NA,NA,0.01372288388479162,-0.0218219852689771
TN,2020-02-14,NA,NA,0.01372288388479162,-0.0218219852689771
TN,2020-02-15,NA,NA,0.01372288388479162,-0.0218219852689771
TN,2020-02-16,NA,NA,0.01372288388479162,-0.0218219852689771
TN,2020-02-17,NA,NA,0.01372288388479162,-0.0998188676597803
TN,2020-02-18,NA,NA,0.01372288388479162,-0.0998188676597803
TN,2020-02-19,NA,NA,0.01372288388479162,-0.0998188676597803
TN,2020-02-20,NA,NA,0.01372288388479162,-0.0998188676597803
TN,2020-02-21,NA,NA,0.01372288388479162,-0.0998188676597803
TN,2020-02-22,NA,NA,0.01372288388479162,-0.0998188676597803
TN,2020-02-23,NA,NA,0.01372288388479162,-0.0998188676597803
TN,2020-02-24,NA,NA,0.01372288388479162,-0.229656510298804
TN,2020-02-25,NA,NA,0.01372288388479162,-0.229656510298804
TN,2020-02-26,NA,NA,0.01372288388479162,-0.229656510298804
TN,2020-02-27,NA,NA,0.01372288388479162,-0.229656510298804
TN,2020-02-28,NA,NA,0.01372288388479162,-0.229656510298804
TN,2020-02-29,NA,3.97963632658957,0.01372288388479162,-0.229656510298804
TN,2020-03-01,NA,NA,-0.1175377818970326,-0.229656510298804
TN,2020-03-02,NA,NA,-0.1175377818970326,-0.171248614738635
TN,2020-03-03,NA,NA,-0.1175377818970326,-0.171248614738635
TN,2020-03-04,NA,NA,-0.1175377818970326,-0.171248614738635
TN,2020-03-05,NA,NA,-0.1175377818970326,-0.171248614738635
TN,2020-03-06,NA,NA,-0.1175377818970326,-0.171248614738635
TN,2020-03-07,NA,NA,-0.1175377818970326,-0.171248614738635
TN,2020-03-08,NA,NA,-0.1175377818970326,-0.171248614738635
TN,2020-03-09,NA,NA,-0.1175377818970326,-0.157125394090889
TN,2020-03-10,NA,NA,-0.1175377818970326,-0.157125394090889
TN,2020-03-11,NA,NA,-0.1175377818970326,-0.157125394090889
TN,2020-03-12,NA,NA,-0.1175377818970326,-0.157125394090889
TN,2020-03-13,NA,NA,-0.1175377818970326,-0.157125394090889
TN,2020-03-14,NA,NA,-0.1175377818970326,-0.157125394090889
TN,2020-03-15,NA,NA,-0.1175377818970326,-0.157125394090889
TN,2020-03-16,NA,NA,-0.1175377818970326,-0.129118329416543
TN,2020-03-17,NA,NA,-0.1175377818970326,-0.129118329416543
TN,2020-03-18,NA,NA,-0.1175377818970326,-0.129118329416543
TN,2020-03-19,NA,NA,-0.1175377818970326,-0.129118329416543
TN,2020-03-20,NA,NA,-0.1175377818970326,-0.129118329416543
TN,2020-03-21,NA,NA,-0.1175377818970326,-0.129118329416543
TN,2020-03-22,NA,NA,-0.1175377818970326,-0.129118329416543
TN,2020-03-23,NA,NA,-0.1175377818970326,-0.104223160817127
TN,2020-03-24,NA,NA,-0.1175377818970326,-0.104223160817127
TN,2020-03-25,NA,NA,-0.1175377818970326,-0.104223160817127
TN,2020-03-26,NA,NA,-0.1175377818970326,-0.104223160817127
TN,2020-03-27,NA,NA,-0.1175377818970326,-0.104223160817127
TN,2020-03-28,NA,NA,-0.1175377818970326,-0.104223160817127
TN,2020-03-29,NA,NA,-0.1175377818970326,-0.104223160817127
TN,2020-03-30,NA,NA,-0.1175377818970326,-0.0783704857331165
TN,2020-03-31,NA,-36.4367123880801,-0.1175377818970326,-0.0783704857331165
TN,2020-04-01,NA,NA,-0.14737221680991666,-0.0783704857331165
TN,2020-04-02,NA,NA,-0.14737221680991666,-0.0783704857331165
TN,2020-04-03,NA,NA,-0.14737221680991666,-0.0783704857331165
TN,2020-04-04,NA,NA,-0.14737221680991666,-0.0783704857331165
TN,2020-04-05,NA,NA,-0.14737221680991666,-0.0783704857331165
TN,2020-04-06,NA,NA,-0.14737221680991666,-0.11188321269387
TN,2020-04-07,NA,NA,-0.14737221680991666,-0.11188321269387
TN,2020-04-08,NA,NA,-0.14737221680991666,-0.11188321269387
TN,2020-04-09,NA,NA,-0.14737221680991666,-0.11188321269387
TN,2020-04-10,NA,NA,-0.14737221680991666,-0.11188321269387
TN,2020-04-11,NA,NA,-0.14737221680991666,-0.11188321269387
TN,2020-04-12,NA,NA,-0.14737221680991666,-0.11188321269387
TN,2020-04-13,NA,NA,-0.14737221680991666,-0.189919991188199
TN,2020-04-14,NA,NA,-0.14737221680991666,-0.189919991188199
TN,2020-04-15,NA,NA,-0.14737221680991666,-0.189919991188199
TN,2020-04-16,NA,NA,-0.14737221680991666,-0.189919991188199
TN,2020-04-17,NA,NA,-0.14737221680991666,-0.189919991188199
TN,2020-04-18,NA,NA,-0.14737221680991666,-0.189919991188199
TN,2020-04-19,NA,NA,-0.14737221680991666,-0.189919991188199
TN,2020-04-20,NA,NA,-0.14737221680991666,-0.22103895193747
TN,2020-04-21,NA,NA,-0.14737221680991666,-0.22103895193747
TN,2020-04-22,NA,NA,-0.14737221680991666,-0.22103895193747
TN,2020-04-23,NA,NA,-0.14737221680991666,-0.22103895193747
TN,2020-04-24,NA,NA,-0.14737221680991666,-0.22103895193747
TN,2020-04-25,NA,NA,-0.14737221680991666,-0.22103895193747
TN,2020-04-26,NA,NA,-0.14737221680991666,-0.22103895193747
TN,2020-04-27,NA,NA,-0.14737221680991666,-0.169094225148301
TN,2020-04-28,NA,NA,-0.14737221680991666,-0.169094225148301
TN,2020-04-29,NA,NA,-0.14737221680991666,-0.169094225148301
TN,2020-04-30,NA,-44.211665042975,-0.14737221680991666,-0.169094225148301
TN,2020-05-01,NA,NA,-0.14202369369255127,-0.169094225148301
TN,2020-05-02,NA,NA,-0.14202369369255127,-0.169094225148301
TN,2020-05-03,NA,NA,-0.14202369369255127,-0.169094225148301
TN,2020-05-04,NA,NA,-0.14202369369255127,-0.178190536751932
TN,2020-05-05,NA,NA,-0.14202369369255127,-0.178190536751932
TN,2020-05-06,NA,NA,-0.14202369369255127,-0.178190536751932
TN,2020-05-07,NA,NA,-0.14202369369255127,-0.178190536751932
TN,2020-05-08,NA,NA,-0.14202369369255127,-0.178190536751932
TN,2020-05-09,NA,NA,-0.14202369369255127,-0.178190536751932
TN,2020-05-10,NA,NA,-0.14202369369255127,-0.178190536751932
TN,2020-05-11,NA,NA,-0.14202369369255127,-0.132469602112616
TN,2020-05-12,NA,NA,-0.14202369369255127,-0.132469602112616
TN,2020-05-13,NA,NA,-0.14202369369255127,-0.132469602112616
TN,2020-05-14,NA,NA,-0.14202369369255127,-0.132469602112616
TN,2020-05-15,NA,NA,-0.14202369369255127,-0.132469602112616
TN,2020-05-16,NA,NA,-0.14202369369255127,-0.132469602112616
TN,2020-05-17,NA,NA,-0.14202369369255127,-0.132469602112616
TN,2020-05-18,NA,NA,-0.14202369369255127,-0.135820874808694
TN,2020-05-19,NA,NA,-0.14202369369255127,-0.135820874808694
TN,2020-05-20,NA,NA,-0.14202369369255127,-0.135820874808694
TN,2020-05-21,NA,NA,-0.14202369369255127,-0.135820874808694
TN,2020-05-22,NA,NA,-0.14202369369255127,-0.135820874808694
TN,2020-05-23,NA,NA,-0.14202369369255127,-0.135820874808694
TN,2020-05-24,NA,NA,-0.14202369369255127,-0.135820874808694
TN,2020-05-25,NA,NA,-0.14202369369255127,-0.210267003985801
TN,2020-05-26,NA,NA,-0.14202369369255127,-0.210267003985801
TN,2020-05-27,NA,NA,-0.14202369369255127,-0.210267003985801
TN,2020-05-28,NA,NA,-0.14202369369255127,-0.210267003985801
TN,2020-05-29,NA,NA,-0.14202369369255127,-0.210267003985801
TN,2020-05-30,NA,NA,-0.14202369369255127,-0.210267003985801
TN,2020-05-31,NA,-44.0273450446909,-0.14202369369255127,-0.210267003985801
TN,2020-06-01,NA,NA,NA,-0.135820874808695
TR,2020-01-01,NA,NA,NA,-0.0197545270000003
TR,2020-01-02,NA,NA,NA,-0.0197545270000003
TR,2020-01-03,NA,NA,NA,-0.0197545270000003
TR,2020-01-04,NA,NA,NA,-0.0197545270000003
TR,2020-01-05,NA,NA,NA,-0.0197545270000003
TR,2020-01-06,NA,NA,NA,-0.0197545270000003
TR,2020-01-07,NA,NA,NA,-0.0197545270000003
TR,2020-01-08,NA,NA,NA,-0.0197545270000003
TR,2020-01-09,NA,NA,NA,-0.0197545270000003
TR,2020-01-10,NA,NA,NA,-0.0197545270000003
TR,2020-01-11,NA,NA,NA,-0.0197545270000003
TR,2020-01-12,NA,NA,NA,-0.0197545270000003
TR,2020-01-13,NA,NA,NA,-0.0197545270000003
TR,2020-01-14,NA,NA,NA,-0.0197545270000003
TR,2020-01-15,NA,NA,NA,-0.0197545270000003
TR,2020-01-16,NA,NA,NA,-0.0197545270000003
TR,2020-01-17,NA,NA,NA,-0.0197545270000003
TR,2020-01-18,NA,NA,NA,-0.0197545270000003
TR,2020-01-19,NA,NA,NA,-0.0197545270000003
TR,2020-01-20,NA,NA,NA,-0.0274136210000003
TR,2020-01-21,NA,NA,NA,-0.0274136210000003
TR,2020-01-22,NA,NA,NA,-0.0274136210000003
TR,2020-01-23,NA,NA,NA,-0.0274136210000003
TR,2020-01-24,NA,NA,NA,-0.0274136210000003
TR,2020-01-25,NA,NA,NA,-0.0274136210000003
TR,2020-01-26,NA,NA,NA,-0.0274136210000003
TR,2020-01-27,NA,NA,NA,-0.0340282620000004
TR,2020-01-28,NA,NA,NA,-0.0340282620000004
TR,2020-01-29,NA,NA,NA,-0.0340282620000004
TR,2020-01-30,NA,NA,NA,-0.0340282620000004
TR,2020-01-31,NA,NA,NA,-0.0340282620000004
TR,2020-02-01,NA,NA,NA,-0.0340282620000004
TR,2020-02-02,NA,NA,NA,-0.0340282620000004
TR,2020-02-03,NA,NA,NA,-0.0107430440000003
TR,2020-02-04,NA,NA,NA,-0.0107430440000003
TR,2020-02-05,NA,NA,NA,-0.0107430440000003
TR,2020-02-06,NA,NA,NA,-0.0107430440000003
TR,2020-02-07,NA,NA,NA,-0.0107430440000003
TR,2020-02-08,NA,NA,NA,-0.0107430440000003
TR,2020-02-09,NA,NA,NA,-0.0107430440000003
TR,2020-02-10,NA,NA,NA,-0.00830297800000025
TR,2020-02-11,NA,NA,NA,-0.00830297800000025
TR,2020-02-12,NA,NA,NA,-0.00830297800000025
TR,2020-02-13,NA,NA,NA,-0.00830297800000025
TR,2020-02-14,NA,NA,NA,-0.00830297800000025
TR,2020-02-15,NA,NA,NA,-0.00830297800000025
TR,2020-02-16,NA,NA,NA,-0.00830297800000025
TR,2020-02-17,NA,NA,NA,-0.0568835270000005
TR,2020-02-18,NA,NA,NA,-0.0568835270000005
TR,2020-02-19,NA,NA,NA,-0.0568835270000005
TR,2020-02-20,NA,NA,NA,-0.0568835270000005
TR,2020-02-21,NA,NA,NA,-0.0568835270000005
TR,2020-02-22,NA,NA,NA,-0.0568835270000005
TR,2020-02-23,NA,NA,NA,-0.0568835270000005
TR,2020-02-24,NA,NA,NA,-0.0300862150000003
TR,2020-02-25,NA,NA,NA,-0.0300862150000003
TR,2020-02-26,NA,NA,NA,-0.0300862150000003
TR,2020-02-27,NA,NA,NA,-0.0300862150000003
TR,2020-02-28,NA,NA,NA,-0.0300862150000003
TR,2020-02-29,NA,NA,NA,-0.0300862150000003
TR,2020-03-01,NA,NA,NA,-0.0300862150000003
TR,2020-03-02,NA,NA,NA,-0.00682564100000024
TR,2020-03-03,NA,NA,NA,-0.00682564100000024
TR,2020-03-04,NA,NA,NA,-0.00682564100000024
TR,2020-03-05,NA,NA,NA,-0.00682564100000024
TR,2020-03-06,NA,NA,NA,-0.00682564100000024
TR,2020-03-07,NA,NA,NA,-0.00682564100000024
TR,2020-03-08,NA,NA,NA,-0.00682564100000024
TR,2020-03-09,NA,NA,NA,0.0445899059999996
TR,2020-03-10,NA,NA,NA,0.0445899059999996
TR,2020-03-11,NA,NA,NA,0.0445899059999996
TR,2020-03-12,NA,NA,NA,0.0445899059999996
TR,2020-03-13,NA,NA,NA,0.0445899059999996
TR,2020-03-14,NA,NA,NA,0.0445899059999996
TR,2020-03-15,NA,NA,NA,0.0445899059999996
TR,2020-03-16,NA,NA,NA,0.0697098489999998
TR,2020-03-17,NA,NA,NA,0.0697098489999998
TR,2020-03-18,NA,NA,NA,0.0697098489999998
TR,2020-03-19,NA,NA,NA,0.0697098489999998
TR,2020-03-20,NA,NA,NA,0.0697098489999998
TR,2020-03-21,NA,NA,NA,0.0697098489999998
TR,2020-03-22,NA,NA,NA,0.0697098489999998
TR,2020-03-23,NA,NA,NA,0.0417587779999996
TR,2020-03-24,NA,NA,NA,0.0417587779999996
TR,2020-03-25,NA,NA,NA,0.0417587779999996
TR,2020-03-26,NA,NA,NA,0.0417587779999996
TR,2020-03-27,NA,NA,NA,0.0417587779999996
TR,2020-03-28,NA,NA,NA,0.0417587779999996
TR,2020-03-29,NA,NA,NA,0.0417587779999996
TR,2020-03-30,NA,NA,NA,0.0325297339999996
TR,2020-03-31,NA,NA,NA,0.0325297339999996
TR,2020-04-01,NA,NA,NA,0.0325297339999996
TR,2020-04-02,NA,NA,NA,0.0325297339999996
TR,2020-04-03,NA,NA,NA,0.0325297339999996
TR,2020-04-04,NA,NA,NA,0.0325297339999996
TR,2020-04-05,NA,NA,NA,0.0325297339999996
TR,2020-04-06,NA,NA,NA,0.217032017999999
TR,2020-04-07,NA,NA,NA,0.217032017999999
TR,2020-04-08,NA,NA,NA,0.217032017999999
TR,2020-04-09,NA,NA,NA,0.217032017999999
TR,2020-04-10,NA,NA,NA,0.217032017999999
TR,2020-04-11,NA,NA,NA,0.217032017999999
TR,2020-04-12,NA,NA,NA,0.217032017999999
TR,2020-04-13,NA,NA,NA,0.248124611999999
TR,2020-04-14,NA,NA,NA,0.248124611999999
TR,2020-04-15,NA,NA,NA,0.248124611999999
TR,2020-04-16,NA,NA,NA,0.248124611999999
TR,2020-04-17,NA,NA,NA,0.248124611999999
TR,2020-04-18,NA,NA,NA,0.248124611999999
TR,2020-04-19,NA,NA,NA,0.248124611999999
TR,2020-04-20,NA,NA,NA,0.169860403999999
TR,2020-04-21,NA,NA,NA,0.169860403999999
TR,2020-04-22,NA,NA,NA,0.169860403999999
TR,2020-04-23,NA,NA,NA,0.169860403999999
TR,2020-04-24,NA,NA,NA,0.169860403999999
TR,2020-04-25,NA,NA,NA,0.169860403999999
TR,2020-04-26,NA,NA,NA,0.169860403999999
TR,2020-04-27,NA,NA,NA,0.202957997999998
TR,2020-04-28,NA,NA,NA,0.202957997999998
TR,2020-04-29,NA,NA,NA,0.202957997999998
TR,2020-04-30,NA,NA,NA,0.202957997999998
TR,2020-05-01,NA,NA,NA,0.202957997999998
TR,2020-05-02,NA,NA,NA,0.202957997999998
TR,2020-05-03,NA,NA,NA,0.202957997999998
TR,2020-05-04,NA,NA,NA,0.319121082999998
TR,2020-05-05,NA,NA,NA,0.319121082999998
TR,2020-05-06,NA,NA,NA,0.319121082999998
TR,2020-05-07,NA,NA,NA,0.319121082999998
TR,2020-05-08,NA,NA,NA,0.319121082999998
TR,2020-05-09,NA,NA,NA,0.319121082999998
TR,2020-05-10,NA,NA,NA,0.319121082999998
TR,2020-05-11,NA,NA,NA,0.272227795000001
TR,2020-05-12,NA,NA,NA,0.272227795000001
TR,2020-05-13,NA,NA,NA,0.272227795000001
TR,2020-05-14,NA,NA,NA,0.272227795000001
TR,2020-05-15,NA,NA,NA,0.272227795000001
TR,2020-05-16,NA,NA,NA,0.272227795000001
TR,2020-05-17,NA,NA,NA,0.272227795000001
TR,2020-05-18,NA,NA,NA,0.215393316
TR,2020-05-19,NA,NA,NA,0.215393316
TR,2020-05-20,NA,NA,NA,0.215393316
TR,2020-05-21,NA,NA,NA,0.215393316
TR,2020-05-22,NA,NA,NA,0.215393316
TR,2020-05-23,NA,NA,NA,0.215393316
TR,2020-05-24,NA,NA,NA,0.215393316
TR,2020-05-25,NA,NA,NA,0.169357598999999
TR,2020-05-26,NA,NA,NA,0.169357598999999
TR,2020-05-27,NA,NA,NA,0.169357598999999
TR,2020-05-28,NA,NA,NA,0.169357598999999
TR,2020-05-29,NA,NA,NA,0.169357598999999
TR,2020-05-30,NA,NA,NA,0.169357598999999
TR,2020-05-31,NA,NA,NA,0.169357598999999
TR,2020-06-01,NA,NA,NA,0.228784630999999
US,2020-01-01,NA,NA,-0.11388575848712014,0
US,2020-01-02,NA,NA,-0.11388575848712014,0
US,2020-01-03,NA,NA,-0.11388575848712014,0
US,2020-01-04,NA,NA,-0.11388575848712014,0
US,2020-01-05,-7.97200309409841,NA,-0.11388575848712014,0
US,2020-01-06,NA,NA,-0.10408488914331515,0
US,2020-01-07,NA,NA,-0.10408488914331515,0
US,2020-01-08,NA,NA,-0.10408488914331515,0
US,2020-01-09,NA,NA,-0.10408488914331515,0
US,2020-01-10,NA,NA,-0.10408488914331515,0
US,2020-01-11,NA,NA,-0.10408488914331515,0
US,2020-01-12,-7.28594224003206,NA,-0.10408488914331515,0
US,2020-01-13,NA,NA,-0.09860086505339286,0
US,2020-01-14,NA,NA,-0.09860086505339286,0
US,2020-01-15,NA,NA,-0.09860086505339286,0
US,2020-01-16,NA,NA,-0.09860086505339286,0
US,2020-01-17,NA,NA,-0.09860086505339286,0
US,2020-01-18,NA,NA,-0.09860086505339286,0
US,2020-01-19,-6.9020605537375,NA,-0.09860086505339286,0
US,2020-01-20,NA,NA,-0.06911243504873985,0
US,2020-01-21,NA,NA,-0.06911243504873985,0
US,2020-01-22,NA,NA,-0.06911243504873985,0
US,2020-01-23,NA,NA,-0.06911243504873985,0
US,2020-01-24,NA,NA,-0.06911243504873985,0
US,2020-01-25,NA,NA,-0.06911243504873985,0
US,2020-01-26,-4.83787045341179,NA,-0.06911243504873985,0
US,2020-01-27,NA,NA,-0.06947288733634042,-0.0320278892872171
US,2020-01-28,NA,NA,-0.06947288733634042,-0.0320278892872171
US,2020-01-29,NA,NA,-0.06947288733634042,-0.0320278892872171
US,2020-01-30,NA,NA,-0.06947288733634042,-0.0320278892872171
US,2020-01-31,NA,NA,-0.06947288733634042,-0.0320278892872171
US,2020-02-01,NA,NA,-0.06947288733634042,-0.0320278892872171
US,2020-02-02,-4.86310211354383,NA,-0.06947288733634042,-0.0320278892872171
US,2020-02-03,NA,NA,-0.048352099722414,-0.0231989537903404
US,2020-02-04,NA,NA,-0.048352099722414,-0.0231989537903404
US,2020-02-05,NA,NA,-0.048352099722414,-0.0231989537903404
US,2020-02-06,NA,NA,-0.048352099722414,-0.0231989537903404
US,2020-02-07,NA,NA,-0.048352099722414,-0.0231989537903404
US,2020-02-08,NA,NA,-0.048352099722414,-0.0231989537903404
US,2020-02-09,-3.38464698056898,NA,-0.048352099722414,-0.0231989537903404
US,2020-02-10,NA,NA,-0.062075033243205714,-0.018521656248856
US,2020-02-11,NA,NA,-0.062075033243205714,-0.018521656248856
US,2020-02-12,NA,NA,-0.062075033243205714,-0.018521656248856
US,2020-02-13,NA,NA,-0.062075033243205714,-0.018521656248856
US,2020-02-14,NA,NA,-0.062075033243205714,-0.018521656248856
US,2020-02-15,NA,NA,-0.062075033243205714,-0.018521656248856
US,2020-02-16,-4.3452523270244,NA,-0.062075033243205714,-0.018521656248856
US,2020-02-17,NA,NA,-0.02766042197467886,0.00781496178862541
US,2020-02-18,NA,NA,-0.02766042197467886,0.00781496178862541
US,2020-02-19,NA,NA,-0.02766042197467886,0.00781496178862541
US,2020-02-20,NA,NA,-0.02766042197467886,0.00781496178862541
US,2020-02-21,NA,NA,-0.02766042197467886,0.00781496178862541
US,2020-02-22,NA,NA,-0.02766042197467886,0.00781496178862541
US,2020-02-23,-1.93622953822752,NA,-0.02766042197467886,0.00781496178862541
US,2020-02-24,NA,NA,0.00139031596645919,0.0449115097208459
US,2020-02-25,NA,NA,0.00139031596645919,0.0449115097208459
US,2020-02-26,NA,NA,0.00139031596645919,0.0449115097208459
US,2020-02-27,NA,NA,0.00139031596645919,0.0449115097208459
US,2020-02-28,NA,NA,0.00139031596645919,0.0449115097208459
US,2020-02-29,NA,NA,0.00139031596645919,0.0449115097208459
US,2020-03-01,0.0973221176521433,NA,0.00139031596645919,0.0449115097208459
US,2020-03-02,NA,NA,0.010787822036044456,0.0577650709545831
US,2020-03-03,NA,NA,0.010787822036044456,0.0577650709545831
US,2020-03-04,NA,NA,0.010787822036044456,0.0577650709545831
US,2020-03-05,NA,NA,0.010787822036044456,0.0577650709545831
US,2020-03-06,NA,NA,0.010787822036044456,0.0577650709545831
US,2020-03-07,NA,NA,0.010787822036044456,0.0577650709545831
US,2020-03-08,0.755147542523112,NA,0.010787822036044456,0.0577650709545831
US,2020-03-09,NA,NA,0.010933719390549428,0.0467512510556688
US,2020-03-10,NA,NA,0.010933719390549428,0.0467512510556688
US,2020-03-11,NA,NA,0.010933719390549428,0.0467512510556688
US,2020-03-12,NA,NA,0.010933719390549428,0.0467512510556688
US,2020-03-13,NA,NA,0.010933719390549428,0.0467512510556688
US,2020-03-14,NA,NA,0.010933719390549428,0.0467512510556688
US,2020-03-15,0.76536035733846,NA,0.010933719390549428,0.0467512510556688
US,2020-03-16,NA,NA,0.049914059635349714,0.0830396420732578
US,2020-03-17,NA,NA,0.049914059635349714,0.0830396420732578
US,2020-03-18,NA,NA,0.049914059635349714,0.0830396420732578
US,2020-03-19,NA,NA,0.049914059635349714,0.0830396420732578
US,2020-03-20,NA,NA,0.049914059635349714,0.0830396420732578
US,2020-03-21,NA,NA,0.049914059635349714,0.0830396420732578
US,2020-03-22,3.49398417447448,NA,0.049914059635349714,0.0830396420732578
US,2020-03-23,NA,NA,0.24473852108343713,0.285364943982358
US,2020-03-24,NA,NA,0.24473852108343713,0.285364943982358
US,2020-03-25,NA,NA,0.24473852108343713,0.285364943982358
US,2020-03-26,NA,NA,0.24473852108343713,0.285364943982358
US,2020-03-27,NA,NA,0.24473852108343713,0.285364943982358
US,2020-03-28,NA,NA,0.24473852108343713,0.285364943982358
US,2020-03-29,17.1316964758406,NA,0.24473852108343713,0.285364943982358
US,2020-03-30,NA,NA,0.6465140887981714,0.686368113937932
US,2020-03-31,NA,NA,0.6465140887981714,0.686368113937932
US,2020-04-01,NA,NA,0.6465140887981714,0.686368113937932
US,2020-04-02,NA,NA,0.6465140887981714,0.686368113937932
US,2020-04-03,NA,NA,0.6465140887981714,0.686368113937932
US,2020-04-04,NA,NA,0.6465140887981714,0.686368113937932
US,2020-04-05,45.255986215872,NA,0.6465140887981714,0.686368113937932
US,2020-04-06,NA,NA,0.9551899799440828,0.998874525822716
US,2020-04-07,NA,NA,0.9551899799440828,0.998874525822716
US,2020-04-08,NA,NA,0.9551899799440828,0.998874525822716
US,2020-04-09,NA,NA,0.9551899799440828,0.998874525822716
US,2020-04-10,NA,NA,0.9551899799440828,0.998874525822716
US,2020-04-11,NA,NA,0.9551899799440828,0.998874525822716
US,2020-04-12,66.8632985960858,NA,0.9551899799440828,0.998874525822716
US,2020-04-13,NA,NA,0.9058337631347815,0.957894533601465
US,2020-04-14,NA,NA,0.9058337631347815,0.957894533601465
US,2020-04-15,NA,NA,0.9058337631347815,0.957894533601465
US,2020-04-16,NA,NA,0.9058337631347815,0.957894533601465
US,2020-04-17,NA,NA,0.9058337631347815,0.957894533601465
US,2020-04-18,NA,NA,0.9058337631347815,0.957894533601465
US,2020-04-19,63.4083634194347,NA,0.9058337631347815,0.957894533601465
US,2020-04-20,NA,NA,0.8081597753923614,0.84634027205399
US,2020-04-21,NA,NA,0.8081597753923614,0.84634027205399
US,2020-04-22,NA,NA,0.8081597753923614,0.84634027205399
US,2020-04-23,NA,NA,0.8081597753923614,0.84634027205399
US,2020-04-24,NA,NA,0.8081597753923614,0.84634027205399
US,2020-04-25,NA,NA,0.8081597753923614,0.84634027205399
US,2020-04-26,56.5711842774653,NA,0.8081597753923614,0.84634027205399
US,2020-04-27,NA,NA,0.6095848937137642,0.652468434508843
US,2020-04-28,NA,NA,0.6095848937137642,0.652468434508843
US,2020-04-29,NA,NA,0.6095848937137642,0.652468434508843
US,2020-04-30,NA,NA,0.6095848937137642,0.652468434508843
US,2020-05-01,NA,NA,0.6095848937137642,0.652468434508843
US,2020-05-02,NA,NA,0.6095848937137642,0.652468434508843
US,2020-05-03,42.6709425599635,NA,0.6095848937137642,0.652468434508843
US,2020-05-04,NA,NA,0.5381552653875928,0.586900446954846
US,2020-05-05,NA,NA,0.5381552653875928,0.586900446954846
US,2020-05-06,NA,NA,0.5381552653875928,0.586900446954846
US,2020-05-07,NA,NA,0.5381552653875928,0.586900446954846
US,2020-05-08,NA,NA,0.5381552653875928,0.586900446954846
US,2020-05-09,NA,NA,0.5381552653875928,0.586900446954846
US,2020-05-10,37.6708685771315,NA,0.5381552653875928,0.586900446954846
US,2020-05-11,NA,NA,0.46124161297149857,0.499033050021099
US,2020-05-12,NA,NA,0.46124161297149857,0.499033050021099
US,2020-05-13,NA,NA,0.46124161297149857,0.499033050021099
US,2020-05-14,NA,NA,0.46124161297149857,0.499033050021099
US,2020-05-15,NA,NA,0.46124161297149857,0.499033050021099
US,2020-05-16,NA,NA,0.46124161297149857,0.499033050021099
US,2020-05-17,32.2869129080049,NA,0.46124161297149857,0.499033050021099
US,2020-05-18,NA,NA,0.3434423725047157,0.391383688255971
US,2020-05-19,NA,NA,0.3434423725047157,0.391383688255971
US,2020-05-20,NA,NA,0.3434423725047157,0.391383688255971
US,2020-05-21,NA,NA,0.3434423725047157,0.391383688255971
US,2020-05-22,NA,NA,0.3434423725047157,0.391383688255971
US,2020-05-23,NA,NA,0.3434423725047157,0.391383688255971
US,2020-05-24,24.0409660753301,NA,0.3434423725047157,0.391383688255971
US,2020-05-25,NA,NA,0.27606354131538713,0.31626085434812
US,2020-05-26,NA,NA,0.27606354131538713,0.31626085434812
US,2020-05-27,NA,NA,0.27606354131538713,0.31626085434812
US,2020-05-28,NA,NA,0.27606354131538713,0.31626085434812
US,2020-05-29,NA,NA,0.27606354131538713,0.31626085434812
US,2020-05-30,NA,NA,0.27606354131538713,0.31626085434812
US,2020-05-31,19.3244478920771,NA,0.27606354131538713,0.31626085434812
US,2020-06-01,NA,NA,NA,0.260734037662979
