origin,country,o_d_pair,od_id,date,time_interval,duration,expats_per_100k,log_expats,travel_rest_ind,W,excess_mortality_per_100k.o,excess_mortality_per_100k.d,L1.excess_mortality_per_100k.o,L1.excess_mortality_per_100k.d,string_mean.o,string_mean.d,mobility_mean.o,mobility_mean.d,cases_per_100k.o,deaths_per_100k.o,cases_per_100k.d,deaths_per_100k.d,L1.deaths_per_100k.o,L1.deaths_per_100k.d
CI,AE,CI-AE,1,2019-04-17,1,1,17.241379310344826,7.171896204640169,NA,0,NA,NA,NA,NA,NA,NA,NA,NA,NA,NA,NA,NA,NA,NA
CI,AE,CI-AE,1,2019-05-18,2,31,17.241379310344826,7.171896204640169,NA,0,NA,NA,NA,NA,NA,NA,NA,NA,NA,NA,NA,NA,NA,NA
CI,AE,CI-AE,1,2019-06-17,3,30,18.18181818181818,7.225006029954117,NA,0,NA,NA,NA,NA,NA,NA,NA,NA,NA,NA,NA,NA,NA,NA
CI,AE,CI-AE,1,2019-07-18,4,31,18.51851851851852,7.243355168622314,NA,0,NA,NA,NA,NA,NA,NA,NA,NA,NA,NA,NA,NA,NA,NA
CI,AE,CI-AE,1,2019-08-18,5,31,18.867924528301884,7.262047301634467,NA,0,NA,NA,NA,NA,NA,NA,NA,NA,NA,NA,NA,NA,NA,NA
CI,AE,CI-AE,1,2019-10-18,6,61,19.23076923076923,7.281095496605161,NA,0,NA,NA,NA,NA,NA,NA,NA,NA,NA,NA,NA,NA,NA,NA
CI,AE,CI-AE,1,2019-11-17,7,30,19.23076923076923,7.281095496605161,NA,0,NA,NA,NA,NA,NA,NA,NA,NA,NA,NA,NA,NA,NA,NA
CI,AE,CI-AE,1,2019-12-18,8,31,22.727272727272727,7.448149581268327,NA,0,NA,NA,NA,NA,NA,NA,NA,NA,NA,NA,NA,NA,NA,NA
CI,AE,CI-AE,1,2020-01-18,9,31,20.40816326530612,7.355274327106124,NA,0,NA,NA,NA,NA,NA,NA,0,0,NA,NA,NA,NA,NA,NA
CI,AE,CI-AE,1,2020-02-16,10,29,21.27659574468085,7.396947023506692,0,0,-0.9186002160000094,-0.37264827700000874,NA,NA,0,0,0.3142857142857143,0.21904761904761905,0,0,9,0,NA,NA
CI,AE,CI-AE,1,2020-03-18,11,31,16.129032258064516,7.119960240171659,0.03225806451612903,1,-2.0733691080000076,-0.5732535720000097,-0.9186002160000094,-0.37264827700000874,4.032258064516129,11.894516129032258,2.9096774193548387,-1.5870967741935484,2.2199999999999998,0,104.09,0,0,0
CI,AE,CI-AE,1,2020-04-17,12,30,15.625,7.088211541857079,0.9333333333333333,1,-4.428246182000026,-0.33997143500000676,-2.0733691080000076,-0.5732535720000097,74.44066666666667,77.29133333333334,-21.573333333333334,-51.2,252.12,2.2199999999999998,6194.55,37,0,0
CI,AE,CI-AE,1,2020-05-18,13,31,15.625,7.088211541857079,1,1,-3.679440321000009,6.093402917999994,-4.428246182000026,-0.33997143500000676,73.31806451612904,77.82451612903226,-19.89032258064516,-53.49032258064516,528.9399999999999,8.14,17903.97,187.18,2.2199999999999998,37
CI,BE,CI-BE,2,2019-04-17,1,1,388.2352941176471,8.878072822422839,NA,0,NA,NA,NA,NA,NA,NA,NA,NA,NA,NA,NA,NA,NA,NA
CI,BE,CI-BE,2,2019-05-18,2,31,388.2352941176471,8.878072822422839,NA,0,NA,NA,NA,NA,NA,NA,NA,NA,NA,NA,NA,NA,NA,NA
CI,BE,CI-BE,2,2019-06-17,3,30,405.4054054054054,8.921348805904662,NA,0,NA,NA,NA,NA,NA,NA,NA,NA,NA,NA,NA,NA,NA,NA
CI,BE,CI-BE,2,2019-07-18,4,31,414.2857142857143,8.94301710538379,NA,0,NA,NA,NA,NA,NA,NA,NA,NA,NA,NA,NA,NA,NA,NA
CI,BE,CI-BE,2,2019-08-18,5,31,421.875,8.961170300091332,NA,0,NA,NA,NA,NA,NA,NA,NA,NA,NA,NA,NA,NA,NA,NA
CI,BE,CI-BE,2,2019-10-18,6,61,412.6984126984128,8.939178329076626,NA,0,NA,NA,NA,NA,NA,NA,NA,NA,NA,NA,NA,NA,NA,NA
CI,BE,CI-BE,2,2019-11-17,7,30,413.7931034482759,8.941827337248203,NA,0,NA,NA,NA,NA,NA,NA,NA,NA,NA,NA,NA,NA,NA,NA
CI,BE,CI-BE,2,2019-12-18,8,31,411.764705882353,8.936913322445774,NA,0,NA,NA,NA,NA,NA,NA,NA,NA,NA,NA,NA,NA,NA,NA
CI,BE,CI-BE,2,2020-01-18,9,31,431.37254901960785,9.013459014629158,NA,0,NA,NA,NA,NA,NA,NA,0,0,NA,NA,NA,NA,NA,NA
CI,BE,CI-BE,2,2020-02-16,10,29,420,8.986741626290446,0,0,-0.9186002160000094,-7.761247963773097,NA,NA,0,7.974137931034483,0.3142857142857143,-0.01904761904761898,0,0,0.8599999999999999,0,NA,NA
CI,BE,CI-BE,2,2020-03-18,11,31,382.9787234042553,8.894466350181274,0,1,-2.0733691080000076,-6.121483689957917,-0.9186002160000094,-7.761247963773097,4.032258064516129,20.968387096774194,2.9096774193548387,-3.9483870967741934,2.2199999999999998,0,1276.6200000000001,12.04,0,0
CI,BE,CI-BE,2,2020-04-17,12,30,387.0967741935484,8.905161639298022,0.8666666666666667,1,-4.428246182000026,55.04852741873276,-2.0733691080000076,-6.121483689957917,74.44066666666667,79.17,-21.573333333333334,-51.586666666666666,252.12,2.2199999999999998,29789.4,4426.47,0,12.04
CI,BE,CI-BE,2,2020-05-18,13,31,406.5934065934066,8.954300600122544,1,1,-3.679440321000009,20.242221871748686,-4.428246182000026,55.04852741873276,73.31806451612904,78.09387096774194,-19.89032258064516,-38.825806451612905,528.9399999999999,8.14,16695.68,3367.3,2.2199999999999998,4426.47
CI,BF,CI-BF,3,2019-04-17,1,1,34545.454545454544,12.279440273901615,NA,0,NA,NA,NA,NA,NA,NA,NA,NA,NA,NA,NA,NA,NA,NA
CI,BF,CI-BF,3,2019-05-18,2,31,34545.454545454544,12.279440273901615,NA,0,NA,NA,NA,NA,NA,NA,NA,NA,NA,NA,NA,NA,NA,NA
CI,BF,CI-BF,3,2019-06-17,3,30,34545.454545454544,12.279440273901615,NA,0,NA,NA,NA,NA,NA,NA,NA,NA,NA,NA,NA,NA,NA,NA
CI,BF,CI-BF,3,2019-07-18,4,31,34545.454545454544,12.279440273901615,NA,0,NA,NA,NA,NA,NA,NA,NA,NA,NA,NA,NA,NA,NA,NA
CI,BF,CI-BF,3,2019-08-18,5,31,30833.333333333336,12.165760649829824,NA,0,NA,NA,NA,NA,NA,NA,NA,NA,NA,NA,NA,NA,NA,NA
CI,BF,CI-BF,3,2019-10-18,6,61,30833.333333333336,12.165760649829824,NA,0,NA,NA,NA,NA,NA,NA,NA,NA,NA,NA,NA,NA,NA,NA
CI,BF,CI-BF,3,2019-11-17,7,30,32307.69230769231,12.212469647795432,NA,0,NA,NA,NA,NA,NA,NA,NA,NA,NA,NA,NA,NA,NA,NA
CI,BF,CI-BF,3,2019-12-18,8,31,33636.36363636364,12.252772026819454,NA,0,NA,NA,NA,NA,NA,NA,NA,NA,NA,NA,NA,NA,NA,NA
CI,BF,CI-BF,3,2020-01-18,9,31,34615.38461538462,12.290634970370325,NA,0,NA,NA,NA,NA,NA,NA,0,0,NA,NA,NA,NA,NA,NA
CI,BF,CI-BF,3,2020-02-16,10,29,30714.285714285717,12.171064624139847,0,0,-0.9186002160000094,-0.9341182490000108,NA,NA,0,0,0.3142857142857143,0.10476190476190475,0,0,0,0,NA,NA
CI,BF,CI-BF,3,2020-03-18,11,31,32857.142857142855,12.23850590493538,0,1,-2.0733691080000076,-0.6225084270000064,-0.9186002160000094,-0.9341182490000108,4.032258064516129,5.241935483870968,2.9096774193548387,-0.40645161290322573,2.2199999999999998,0,9.32,0.47,0,0
CI,BF,CI-BF,3,2020-04-17,12,30,29333.333333333332,12.125061270877595,0.7666666666666667,1,-4.428246182000026,2.2656755039999914,-2.0733691080000076,-0.6225084270000064,74.44066666666667,78.47066666666667,-21.573333333333334,-24.586666666666666,252.12,2.2199999999999998,249.81,15.86,0,0.47
CI,BF,CI-BF,3,2020-05-18,13,31,31250,12.188356121249907,1,1,-3.679440321000009,1.8566848839999914,-4.428246182000026,2.2656755039999914,73.31806451612904,72.68032258064517,-19.89032258064516,-16.90967741935484,528.9399999999999,8.14,111.22,7.49,2.2199999999999998,15.86
CI,BJ,CI-BJ,4,2019-04-17,1,1,5750,9.861428506455578,NA,0,NA,NA,NA,NA,NA,NA,NA,NA,NA,NA,NA,NA,NA,NA
CI,BJ,CI-BJ,4,2019-05-18,2,31,5750,9.861428506455578,NA,0,NA,NA,NA,NA,NA,NA,NA,NA,NA,NA,NA,NA,NA,NA
CI,BJ,CI-BJ,4,2019-06-17,3,30,5750,9.861428506455578,NA,0,NA,NA,NA,NA,NA,NA,NA,NA,NA,NA,NA,NA,NA,NA
CI,BJ,CI-BJ,4,2019-07-18,4,31,5933.333333333334,9.892814820276248,NA,0,NA,NA,NA,NA,NA,NA,NA,NA,NA,NA,NA,NA,NA,NA
CI,BJ,CI-BJ,4,2019-08-18,5,31,5375,9.793987225660045,NA,0,NA,NA,NA,NA,NA,NA,NA,NA,NA,NA,NA,NA,NA,NA
CI,BJ,CI-BJ,4,2019-10-18,6,61,5466.666666666667,9.810897697808361,NA,0,NA,NA,NA,NA,NA,NA,NA,NA,NA,NA,NA,NA,NA,NA
CI,BJ,CI-BJ,4,2019-11-17,7,30,5666.666666666666,9.846829707034425,NA,0,NA,NA,NA,NA,NA,NA,NA,NA,NA,NA,NA,NA,NA,NA
CI,BJ,CI-BJ,4,2019-12-18,8,31,5923.076923076923,9.891084716038465,NA,0,NA,NA,NA,NA,NA,NA,NA,NA,NA,NA,NA,NA,NA,NA
CI,BJ,CI-BJ,4,2020-01-18,9,31,5933.333333333334,9.919101717686969,NA,0,NA,NA,NA,NA,NA,NA,0,0,NA,NA,NA,NA,NA,NA
CI,BJ,CI-BJ,4,2020-02-16,10,29,5312.5,9.808578083307575,0,0,-0.9186002160000094,-0.9191544600000094,NA,NA,0,0,0.3142857142857143,0.047619047619047616,0,0,0,0,NA,NA
CI,BJ,CI-BJ,4,2020-03-18,11,31,5235.294117647059,9.793938574732964,0.0967741935483871,1,-2.0733691080000076,-2.090541572000008,-0.9186002160000094,-0.9191544600000094,4.032258064516129,9.67741935483871,2.9096774193548387,1.335483870967742,2.2199999999999998,0,1.6,0,0,0
CI,BJ,CI-BJ,4,2020-04-17,12,30,4777.777777777778,9.702491087414383,0.5,1,-4.428246182000026,-3.6908663490000198,-2.0733691080000076,-2.090541572000008,74.44066666666667,55.678666666666665,-21.573333333333334,-9.06,252.12,2.2199999999999998,26.5,0.8,0,0
CI,BJ,CI-BJ,4,2020-05-18,13,31,5000,9.74795346149114,0.5,1,-3.679440321000009,-4.131021556000024,-4.428246182000026,-3.6908663490000198,73.31806451612904,69.54064516129031,-19.89032258064516,-10.858064516129032,528.9399999999999,8.14,244.16,0.8,2.2199999999999998,0.8
CI,CA,CI-CA,5,2019-04-17,1,1,258.3333333333333,9.882138404671068,NA,0,NA,NA,NA,NA,NA,NA,NA,NA,NA,NA,NA,NA,NA,NA
CI,CA,CI-CA,5,2019-05-18,2,31,258.3333333333333,9.882138404671068,NA,0,NA,NA,NA,NA,NA,NA,NA,NA,NA,NA,NA,NA,NA,NA
CI,CA,CI-CA,5,2019-06-17,3,30,255.8823529411765,9.872605444012343,NA,0,NA,NA,NA,NA,NA,NA,NA,NA,NA,NA,NA,NA,NA,NA
CI,CA,CI-CA,5,2019-07-18,4,31,247.05882352941177,9.837514124201073,NA,0,NA,NA,NA,NA,NA,NA,NA,NA,NA,NA,NA,NA,NA,NA
CI,CA,CI-CA,5,2019-08-18,5,31,242.42424242424244,9.818576923181322,NA,0,NA,NA,NA,NA,NA,NA,NA,NA,NA,NA,NA,NA,NA,NA
CI,CA,CI-CA,5,2019-10-18,6,61,256.25,9.874041194438448,NA,0,NA,NA,NA,NA,NA,NA,NA,NA,NA,NA,NA,NA,NA,NA
CI,CA,CI-CA,5,2019-11-17,7,30,263.33333333333337,9.901308320778787,NA,0,NA,NA,NA,NA,NA,NA,NA,NA,NA,NA,NA,NA,NA,NA
CI,CA,CI-CA,5,2019-12-18,8,31,266.6666666666667,9.913887102985647,NA,0,NA,NA,NA,NA,NA,NA,NA,NA,NA,NA,NA,NA,NA,NA
CI,CA,CI-CA,5,2020-01-18,9,31,271.42857142857144,9.940686973183777,NA,0,NA,NA,NA,NA,NA,NA,0,0,NA,NA,NA,NA,NA,NA
CI,CA,CI-CA,5,2020-02-16,10,29,270.3703703703704,9.936780718216712,0,0,-0.9186002160000094,-2.39680669049098,NA,NA,0,0,0.3142857142857143,0.819047619047619,0,0,2.3600000000000003,0,NA,NA
CI,CA,CI-CA,5,2020-03-18,11,31,261.90476190476187,9.904968890581697,0.03225806451612903,1,-2.0733691080000076,-2.296684874739521,-0.9186002160000094,-2.39680669049098,4.032258064516129,8.199032258064516,2.9096774193548387,1.5225806451612902,2.2199999999999998,0,285.79,4.99,0,0
CI,CA,CI-CA,5,2020-04-17,12,30,255.81395348837208,9.881438393171504,1,1,-4.428246182000026,6.374697466904178,-2.0733691080000076,-2.296684874739521,74.44066666666667,70.969,-21.573333333333334,-41.48,252.12,2.2199999999999998,9192.55,693.76,0,4.99
CI,CA,CI-CA,5,2020-05-18,13,31,261.90476190476187,9.904968890581697,1,1,-3.679440321000009,12.362079618826794,-4.428246182000026,6.374697466904178,73.31806451612904,70.81322580645161,-19.89032258064516,-31.038709677419355,528.9399999999999,8.14,11476.59,1219.16,2.2199999999999998,693.76
CI,DE,CI-DE,6,2019-04-17,1,1,105,9.605872432606912,NA,0,NA,NA,NA,NA,NA,NA,NA,NA,NA,NA,NA,NA,NA,NA
CI,DE,CI-DE,6,2019-05-18,2,31,105,9.605872432606912,NA,0,NA,NA,NA,NA,NA,NA,NA,NA,NA,NA,NA,NA,NA,NA
CI,DE,CI-DE,6,2019-06-17,3,30,102.7777777777778,9.584481242625595,NA,0,NA,NA,NA,NA,NA,NA,NA,NA,NA,NA,NA,NA,NA,NA
CI,DE,CI-DE,6,2019-07-18,4,31,102.85714285714286,9.585253145404176,NA,0,NA,NA,NA,NA,NA,NA,NA,NA,NA,NA,NA,NA,NA,NA
CI,DE,CI-DE,6,2019-08-18,5,31,103.125,9.587853927104232,NA,0,NA,NA,NA,NA,NA,NA,NA,NA,NA,NA,NA,NA,NA,NA
CI,DE,CI-DE,6,2019-10-18,6,61,100,9.55708226843748,NA,0,NA,NA,NA,NA,NA,NA,NA,NA,NA,NA,NA,NA,NA,NA
CI,DE,CI-DE,6,2019-11-17,7,30,100,9.55708226843748,NA,0,NA,NA,NA,NA,NA,NA,NA,NA,NA,NA,NA,NA,NA,NA
CI,DE,CI-DE,6,2019-12-18,8,31,104.16666666666669,9.597904262957734,NA,0,NA,NA,NA,NA,NA,NA,NA,NA,NA,NA,NA,NA,NA,NA
CI,DE,CI-DE,6,2020-01-18,9,31,108.69565217391305,9.652742027393282,NA,0,NA,NA,NA,NA,NA,NA,0,0,NA,NA,NA,NA,NA,NA
CI,DE,CI-DE,6,2020-02-16,10,29,104.54545454545452,9.613812181025065,0,0,-0.9186002160000094,-7.367794497499651,NA,NA,0,6.25,0.3142857142857143,0.8857142857142858,0,0,1.92,0,NA,NA
CI,DE,CI-DE,6,2020-03-18,11,31,95.23809523809524,9.520570254284799,0.016129032258064516,1,-2.0733691080000076,-10.984256402020506,-0.9186002160000094,-7.367794497499651,4.032258064516129,24.14225806451613,2.9096774193548387,0.8838709677419354,2.2199999999999998,0,975.22,1.44,0,0
CI,DE,CI-DE,6,2020-04-17,12,30,90.47619047619048,9.469276959897249,1,1,-4.428246182000026,5.806642015156264,-2.0733691080000076,-10.984256402020506,74.44066666666667,72.10199999999999,-21.573333333333334,-29.986666666666665,252.12,2.2199999999999998,14973.95,459.6,0,1.44
CI,DE,CI-DE,6,2020-05-18,13,31,92.85714285714286,9.495252446300508,1,1,-3.679440321000009,1.5126255965833602,-4.428246182000026,5.806642015156264,73.31806451612904,67.71096774193548,-19.89032258064516,-15.95483870967742,528.9399999999999,8.14,4870.87,484.75,2.2199999999999998,459.6
CI,DZ,CI-DZ,7,2019-04-17,1,1,328.5714285714286,6.60755878970658,NA,0,NA,NA,NA,NA,NA,NA,NA,NA,NA,NA,NA,NA,NA,NA
CI,DZ,CI-DZ,7,2019-05-18,2,31,328.5714285714286,6.60755878970658,NA,0,NA,NA,NA,NA,NA,NA,NA,NA,NA,NA,NA,NA,NA,NA
CI,DZ,CI-DZ,7,2019-06-17,3,30,306.6666666666667,6.538565918219629,NA,0,NA,NA,NA,NA,NA,NA,NA,NA,NA,NA,NA,NA,NA,NA
CI,DZ,CI-DZ,7,2019-07-18,4,31,328.5714285714286,6.60755878970658,NA,0,NA,NA,NA,NA,NA,NA,NA,NA,NA,NA,NA,NA,NA,NA
CI,DZ,CI-DZ,7,2019-08-18,5,31,321.42857142857144,6.585579882987806,NA,0,NA,NA,NA,NA,NA,NA,NA,NA,NA,NA,NA,NA,NA,NA
CI,DZ,CI-DZ,7,2019-10-18,6,61,330.7692307692308,6.61422548106477,NA,0,NA,NA,NA,NA,NA,NA,NA,NA,NA,NA,NA,NA,NA,NA
CI,DZ,CI-DZ,7,2019-11-17,7,30,353.84615384615387,6.681666761860303,NA,0,NA,NA,NA,NA,NA,NA,NA,NA,NA,NA,NA,NA,NA,NA
CI,DZ,CI-DZ,7,2019-12-18,8,31,325,6.59662971917439,NA,0,NA,NA,NA,NA,NA,NA,NA,NA,NA,NA,NA,NA,NA,NA
CI,DZ,CI-DZ,7,2020-01-18,9,31,353.84615384615387,6.692730833713697,NA,0,NA,NA,NA,NA,NA,NA,0,NA,NA,NA,NA,NA,NA,NA
CI,DZ,CI-DZ,7,2020-02-16,10,29,338.46153846153845,6.648279071142863,0,0,-0.9186002160000094,-0.25971176300000764,NA,NA,0,0,0.3142857142857143,NA,0,0,0,0,NA,NA
CI,DZ,CI-DZ,7,2020-03-18,11,31,314.2857142857143,6.574171098989141,0,1,-2.0733691080000076,-0.15990853300000904,-0.9186002160000094,-0.25971176300000764,4.032258064516129,9.274193548387096,2.9096774193548387,NA,2.2199999999999998,0,16.59,1.5499999999999998,0,0
CI,DZ,CI-DZ,7,2020-04-17,12,30,340,6.652814226308254,0.03333333333333333,1,-4.428246182000026,1.657896004999996,-2.0733691080000076,-0.15990853300000904,74.44066666666667,75.542,-21.573333333333334,NA,252.12,2.2199999999999998,525.38,80.03,0,1.5499999999999998
CI,DZ,CI-DZ,7,2020-05-18,13,31,326.6666666666667,6.612808891694556,1,1,-3.679440321000009,0.4254319259999927,-4.428246182000026,1.657896004999996,73.31806451612904,78.09354838709677,-19.89032258064516,NA,528.9399999999999,8.14,1072.01,42.77,2.2199999999999998,80.03
CI,EG,CI-EG,8,2019-04-17,1,1,90.9090909090909,6.02526559385697,NA,0,NA,NA,NA,NA,NA,NA,NA,NA,NA,NA,NA,NA,NA,NA
CI,EG,CI-EG,8,2019-05-18,2,31,90.9090909090909,6.02526559385697,NA,0,NA,NA,NA,NA,NA,NA,NA,NA,NA,NA,NA,NA,NA,NA
CI,EG,CI-EG,8,2019-06-17,3,30,83.33333333333334,5.93825421686734,NA,0,NA,NA,NA,NA,NA,NA,NA,NA,NA,NA,NA,NA,NA,NA
CI,EG,CI-EG,8,2019-07-18,4,31,NA,NA,NA,0,NA,NA,NA,NA,NA,NA,NA,NA,NA,NA,NA,NA,NA,NA
CI,EG,CI-EG,8,2019-08-18,5,31,83.33333333333334,5.93825421686734,NA,0,NA,NA,NA,NA,NA,NA,NA,NA,NA,NA,NA,NA,NA,NA
CI,EG,CI-EG,8,2019-10-18,6,61,83.33333333333334,5.93825421686734,NA,0,NA,NA,NA,NA,NA,NA,NA,NA,NA,NA,NA,NA,NA,NA
CI,EG,CI-EG,8,2019-11-17,7,30,90.9090909090909,6.02526559385697,NA,0,NA,NA,NA,NA,NA,NA,NA,NA,NA,NA,NA,NA,NA,NA
CI,EG,CI-EG,8,2019-12-18,8,31,90.9090909090909,6.02526559385697,NA,0,NA,NA,NA,NA,NA,NA,NA,NA,NA,NA,NA,NA,NA,NA
CI,EG,CI-EG,8,2020-01-18,9,31,90.9090909090909,6.078114140133001,NA,0,NA,NA,NA,NA,NA,NA,0,0,NA,NA,NA,NA,NA,NA
CI,EG,CI-EG,8,2020-02-16,10,29,90.9090909090909,6.078114140133001,0,0,-0.9186002160000094,0.2850492140671087,NA,NA,0,0,0.3142857142857143,0.5619047619047619,0,0,0.1,0,NA,NA
CI,EG,CI-EG,8,2020-03-18,11,31,76.92307692307692,5.911060055469835,0,1,-2.0733691080000076,2.3774626470532505,-0.9186002160000094,0.2850492140671087,4.032258064516129,2.419032258064516,2.9096774193548387,-0.8322580645161292,2.2199999999999998,0,18.72,0.5800000000000001,0,0
CI,EG,CI-EG,8,2020-04-17,12,30,76.92307692307692,5.911060055469835,1,1,-4.428246182000026,1.0601522401633328,-2.0733691080000076,2.3774626470532505,74.44066666666667,72.08133333333333,-21.573333333333334,-40.29333333333334,252.12,2.2199999999999998,253.98999999999998,19.11,0,0.5800000000000001
CI,EG,CI-EG,8,2020-05-18,13,31,76.92307692307692,5.911060055469835,1,1,-3.679440321000009,7.266435707409011,-4.428246182000026,1.0601522401633328,73.31806451612904,82.29,-19.89032258064516,-35.58064516129032,528.9399999999999,8.14,951.48,42.21,2.2199999999999998,19.11
CI,ES,CI-ES,9,2019-04-17,1,1,131.0344827586207,9.009665953593036,NA,0,NA,NA,NA,NA,NA,NA,NA,NA,NA,NA,NA,NA,NA,NA
CI,ES,CI-ES,9,2019-05-18,2,31,131.0344827586207,9.009665953593036,NA,0,NA,NA,NA,NA,NA,NA,NA,NA,NA,NA,NA,NA,NA,NA
CI,ES,CI-ES,9,2019-06-17,3,30,129.62962962962962,8.998886819338209,NA,0,NA,NA,NA,NA,NA,NA,NA,NA,NA,NA,NA,NA,NA,NA
CI,ES,CI-ES,9,2019-07-18,4,31,125.92592592592592,8.969899282464956,NA,0,NA,NA,NA,NA,NA,NA,NA,NA,NA,NA,NA,NA,NA,NA
CI,ES,CI-ES,9,2019-08-18,5,31,136,9.046860323601084,NA,0,NA,NA,NA,NA,NA,NA,NA,NA,NA,NA,NA,NA,NA,NA
CI,ES,CI-ES,9,2019-10-18,6,61,133.33333333333334,9.027057696304905,NA,0,NA,NA,NA,NA,NA,NA,NA,NA,NA,NA,NA,NA,NA,NA
CI,ES,CI-ES,9,2019-11-17,7,30,134.7826086956522,9.03786861240912,NA,0,NA,NA,NA,NA,NA,NA,NA,NA,NA,NA,NA,NA,NA,NA
CI,ES,CI-ES,9,2019-12-18,8,31,145,9.110939180285607,NA,0,NA,NA,NA,NA,NA,NA,NA,NA,NA,NA,NA,NA,NA,NA
CI,ES,CI-ES,9,2020-01-18,9,31,150,9.209426891479755,NA,0,NA,NA,NA,NA,NA,NA,0,0,NA,NA,NA,NA,NA,NA
CI,ES,CI-ES,9,2020-02-16,10,29,147.3684210526316,9.191727314380353,0,0,-0.9186002160000094,-3.7313524404212677,NA,NA,0,7.327586206896552,0.3142857142857143,0.5428571428571429,0,0,0.42,0,NA,NA
CI,ES,CI-ES,9,2020-03-18,11,31,109.375,8.893573942061277,0,1,-2.0733691080000076,1.450599322967469,-0.9186002160000094,-3.7313524404212677,4.032258064516129,25.68935483870968,2.9096774193548387,-6.793548387096774,2.2199999999999998,0,2975.28,133.26,0,0
CI,ES,CI-ES,9,2020-04-17,12,30,112.5,8.921744819027973,0.8333333333333334,1,-4.428246182000026,85.67832603368574,-2.0733691080000076,1.450599322967469,74.44066666666667,77.79333333333334,-21.573333333333334,-76.07333333333334,252.12,2.2199999999999998,37849.67,4145.65,0,133.26
CI,ES,CI-ES,9,2020-05-18,13,31,112.90322580645164,8.925322640375859,1,1,-3.679440321000009,13.978452558182163,-4.428246182000026,85.67832603368574,73.31806451612904,81.56806451612903,-19.89032258064516,-60.825806451612905,528.9399999999999,8.14,10867.61,1648.72,2.2199999999999998,4145.65
CI,FR,CI-FR,10,2019-04-17,1,1,2243.2432432432433,12.09629764995842,NA,0,NA,NA,NA,NA,NA,NA,NA,NA,NA,NA,NA,NA,NA,NA
CI,FR,CI-FR,10,2019-05-18,2,31,2243.2432432432433,12.09629764995842,NA,0,NA,NA,NA,NA,NA,NA,NA,NA,NA,NA,NA,NA,NA,NA
CI,FR,CI-FR,10,2019-06-17,3,30,2235.294117647059,12.092747770476215,NA,0,NA,NA,NA,NA,NA,NA,NA,NA,NA,NA,NA,NA,NA,NA
CI,FR,CI-FR,10,2019-07-18,4,31,2242.4242424242425,12.095932486543735,NA,0,NA,NA,NA,NA,NA,NA,NA,NA,NA,NA,NA,NA,NA,NA
CI,FR,CI-FR,10,2019-08-18,5,31,2266.666666666667,12.106685278319997,NA,0,NA,NA,NA,NA,NA,NA,NA,NA,NA,NA,NA,NA,NA,NA
CI,FR,CI-FR,10,2019-10-18,6,61,2241.379310344827,12.095466394715208,NA,0,NA,NA,NA,NA,NA,NA,NA,NA,NA,NA,NA,NA,NA,NA
CI,FR,CI-FR,10,2019-11-17,7,30,2259.259259259259,12.103411952975028,NA,0,NA,NA,NA,NA,NA,NA,NA,NA,NA,NA,NA,NA,NA,NA
CI,FR,CI-FR,10,2019-12-18,8,31,2291.6666666666665,12.11765430969057,NA,0,NA,NA,NA,NA,NA,NA,NA,NA,NA,NA,NA,NA,NA,NA
CI,FR,CI-FR,10,2020-01-18,9,31,2291.6666666666665,12.128184277475833,NA,0,NA,NA,NA,NA,NA,NA,0,0,NA,NA,NA,NA,NA,NA
CI,FR,CI-FR,10,2020-02-16,10,29,2260.8695652173915,12.114654425243586,0,0,-0.9186002160000094,-6.100648022956907,NA,NA,0,2.5820689655172413,0.3142857142857143,0.5047619047619047,0,0,1.79,0.15,NA,NA
CI,FR,CI-FR,10,2020-03-18,11,31,2200,12.087362282955578,0,1,-2.0733691080000076,-3.3571007839634004,-0.9186002160000094,-6.100648022956907,4.032258064516129,33.81741935483871,2.9096774193548387,-4.516129032258064,2.2199999999999998,0,1351.04,21.95,0,0.15
CI,FR,CI-FR,10,2020-04-17,12,30,2307.6923076923076,12.135152946791926,0.9666666666666667,1,-4.428246182000026,31.781303991662657,-2.0733691080000076,-3.3571007839634004,74.44066666666667,89.58,-21.573333333333334,-68.99333333333333,252.12,2.2199999999999998,23498.55,2746.14,0,21.95
CI,FR,CI-FR,10,2020-05-18,13,31,2282.051282051282,12.123979646193801,1,1,-3.679440321000009,4.481575407596624,-4.428246182000026,31.781303991662657,73.31806451612904,86.3541935483871,-19.89032258064516,-54.806451612903224,528.9399999999999,8.14,5673.07,1420.62,2.2199999999999998,2746.14
CI,GA,CI-GA,11,2019-04-17,1,1,4214.285714285714,9.557249538977253,NA,0,NA,NA,NA,NA,NA,NA,NA,NA,NA,NA,NA,NA,NA,NA
CI,GA,CI-GA,11,2019-05-18,2,31,4214.285714285714,9.557249538977253,NA,0,NA,NA,NA,NA,NA,NA,NA,NA,NA,NA,NA,NA,NA,NA
CI,GA,CI-GA,11,2019-06-17,3,30,4000,9.505063785806684,NA,0,NA,NA,NA,NA,NA,NA,NA,NA,NA,NA,NA,NA,NA,NA
CI,GA,CI-GA,11,2019-07-18,4,31,NA,NA,NA,0,NA,NA,NA,NA,NA,NA,NA,NA,NA,NA,NA,NA,NA,NA
CI,GA,CI-GA,11,2019-08-18,5,31,4000,9.505063785806684,NA,0,NA,NA,NA,NA,NA,NA,NA,NA,NA,NA,NA,NA,NA,NA
CI,GA,CI-GA,11,2019-10-18,6,61,3933.333333333333,9.488256667490301,NA,0,NA,NA,NA,NA,NA,NA,NA,NA,NA,NA,NA,NA,NA,NA
CI,GA,CI-GA,11,2019-11-17,7,30,4133.333333333333,9.537853608629673,NA,0,NA,NA,NA,NA,NA,NA,NA,NA,NA,NA,NA,NA,NA,NA
CI,GA,CI-GA,11,2019-12-18,8,31,4307.692307692308,9.579171757960404,NA,0,NA,NA,NA,NA,NA,NA,NA,NA,NA,NA,NA,NA,NA,NA
CI,GA,CI-GA,11,2020-01-18,9,31,4200,9.56997108893363,NA,0,NA,NA,NA,NA,NA,NA,0,0,NA,NA,NA,NA,NA,NA
CI,GA,CI-GA,11,2020-02-16,10,29,4133.333333333333,9.553970747587188,0,0,-0.9186002160000094,0.3083846649999922,NA,NA,0,5.603448275862069,0.3142857142857143,-0.13333333333333333,0,0,0,0,NA,NA
CI,GA,CI-GA,11,2020-03-18,11,31,4200,9.56997108893363,0,1,-2.0733691080000076,-0.4672778570000087,-0.9186002160000094,0.3083846649999922,4.032258064516129,11.692580645161291,2.9096774193548387,-3.903225806451613,2.2199999999999998,0,4.39,0,0,0
CI,GA,CI-GA,11,2020-04-17,12,30,4187.5,9.566990460795491,0,1,-4.428246182000026,-2.4139460400000066,-2.0733691080000076,-0.4672778570000087,74.44066666666667,68.301,-21.573333333333334,-30.606666666666666,252.12,2.2199999999999998,469.54,4.39,0,0
CI,GA,CI-GA,11,2020-05-18,13,31,4062.5,9.536685111300162,0,1,-3.679440321000009,-1.2883015540000102,-4.428246182000026,-2.4139460400000066,73.31806451612904,78.42645161290322,-19.89032258064516,-31.07741935483871,528.9399999999999,8.14,5809.99,43.9,2.2199999999999998,4.39
CI,GB,CI-GB,12,2019-04-17,1,1,127.02702702702705,9.333375091251945,NA,0,NA,NA,NA,NA,NA,NA,NA,NA,NA,NA,NA,NA,NA,NA
CI,GB,CI-GB,12,2019-05-18,2,31,127.02702702702705,9.333375091251945,NA,0,NA,NA,NA,NA,NA,NA,NA,NA,NA,NA,NA,NA,NA,NA
CI,GB,CI-GB,12,2019-06-17,3,30,123.52941176470588,9.305454495853319,NA,0,NA,NA,NA,NA,NA,NA,NA,NA,NA,NA,NA,NA,NA,NA
CI,GB,CI-GB,12,2019-07-18,4,31,125,9.31728895350032,NA,0,NA,NA,NA,NA,NA,NA,NA,NA,NA,NA,NA,NA,NA,NA
CI,GB,CI-GB,12,2019-08-18,5,31,120,9.276466958980066,NA,0,NA,NA,NA,NA,NA,NA,NA,NA,NA,NA,NA,NA,NA,NA
CI,GB,CI-GB,12,2019-10-18,6,61,113.79310344827589,9.223357133666118,NA,0,NA,NA,NA,NA,NA,NA,NA,NA,NA,NA,NA,NA,NA,NA
CI,GB,CI-GB,12,2019-11-17,7,30,119.23076923076924,9.270036068649775,NA,0,NA,NA,NA,NA,NA,NA,NA,NA,NA,NA,NA,NA,NA,NA
CI,GB,CI-GB,12,2019-12-18,8,31,117.3913043478261,9.25448805226129,NA,0,NA,NA,NA,NA,NA,NA,NA,NA,NA,NA,NA,NA,NA,NA
CI,GB,CI-GB,12,2020-01-18,9,31,121.7391304347826,9.290855696432166,NA,0,NA,NA,NA,NA,NA,NA,0,0,NA,NA,NA,NA,NA,NA
CI,GB,CI-GB,12,2020-02-16,10,29,118.1818181818182,9.261199486849277,0,0,-0.9186002160000094,-5.585529643474672,NA,NA,0,9.483103448275862,0.3142857142857143,-1.1523809523809523,0,0,2.6599999999999997,0,NA,NA
CI,GB,CI-GB,12,2020-03-18,11,31,124.44444444444446,9.312834603150941,0,1,-2.0733691080000076,-3.277014686264463,-0.9186002160000094,-5.585529643474672,4.032258064516129,14.045483870967741,2.9096774193548387,0.16129032258064516,2.2199999999999998,0,796.55,17.02,0,0
CI,GB,CI-GB,12,2020-04-17,12,30,125,9.31728895350032,0,1,-4.428246182000026,37.84531918474078,-2.0733691080000076,-3.277014686264463,74.44066666666667,84.25066666666666,-21.573333333333334,-48.513333333333335,252.12,2.2199999999999998,16379.37,2469.7999999999997,0,17.02
CI,GB,CI-GB,12,2020-05-18,13,31,127.90697674418604,9.34027847172502,0,1,-3.679440321000009,48.87929599668614,-4.428246182000026,37.84531918474078,73.31806451612904,87.63225806451612,-19.89032258064516,-45.65806451612903,528.9399999999999,8.14,16989.56,2499.32,2.2199999999999998,2469.7999999999997
CI,GM,CI-GM,13,2019-04-17,1,1,1250,7.716999509248101,NA,0,NA,NA,NA,NA,NA,NA,NA,NA,NA,NA,NA,NA,NA,NA
CI,GM,CI-GM,13,2019-05-18,2,31,1250,7.716999509248101,NA,0,NA,NA,NA,NA,NA,NA,NA,NA,NA,NA,NA,NA,NA,NA
CI,GM,CI-GM,13,2019-06-17,3,30,1265.8227848101264,7.729578291454961,NA,0,NA,NA,NA,NA,NA,NA,NA,NA,NA,NA,NA,NA,NA,NA
CI,GM,CI-GM,13,2019-07-18,4,31,1282.051282051282,7.7423173172323905,NA,0,NA,NA,NA,NA,NA,NA,NA,NA,NA,NA,NA,NA,NA,NA
CI,GM,CI-GM,13,2019-08-18,5,31,1250,7.716999509248101,NA,0,NA,NA,NA,NA,NA,NA,NA,NA,NA,NA,NA,NA,NA,NA
CI,GM,CI-GM,13,2019-10-18,6,61,1176.470588235294,7.6563748874316655,NA,0,NA,NA,NA,NA,NA,NA,NA,NA,NA,NA,NA,NA,NA,NA
CI,GM,CI-GM,13,2019-11-17,7,30,1204.819277108434,7.680185536125385,NA,0,NA,NA,NA,NA,NA,NA,NA,NA,NA,NA,NA,NA,NA,NA
CI,GM,CI-GM,13,2019-12-18,8,31,1515.1515151515152,7.909371401895557,NA,0,NA,NA,NA,NA,NA,NA,NA,NA,NA,NA,NA,NA,NA,NA
CI,GM,CI-GM,13,2020-01-18,9,31,1190.4761904761904,7.68250110821687,NA,0,NA,NA,NA,NA,NA,NA,0,NA,NA,NA,NA,NA,NA,NA
CI,GM,CI-GM,13,2020-02-16,10,29,1162.7906976744189,7.658970610806676,0,0,-0.9186002160000094,0.5316599859999913,NA,NA,0,2.1551724137931036,0.3142857142857143,NA,0,0,0,0,NA,NA
CI,GM,CI-GM,13,2020-03-18,11,31,1111.111111111111,7.613508236729919,0,1,-2.0733691080000076,-0.5200771330000095,-0.9186002160000094,0.5316599859999913,4.032258064516129,11.727096774193548,2.9096774193548387,NA,2.2199999999999998,0,4.0200000000000005,0,0,0
CI,GM,CI-GM,13,2020-04-17,12,30,1000,7.508147721072093,0,1,-4.428246182000026,-1.9474679680000064,-2.0733691080000076,-0.5200771330000095,74.44066666666667,69.37333333333333,-21.573333333333334,NA,252.12,2.2199999999999998,32.17,4.0200000000000005,0,0
CI,GM,CI-GM,13,2020-05-18,13,31,1010.1010101010102,7.518198056925594,0.8709677419354839,1,-3.679440321000009,-0.7011654790000086,-4.428246182000026,-1.9474679680000064,73.31806451612904,76.00645161290323,-19.89032258064516,NA,528.9399999999999,8.14,60.31,0,2.2199999999999998,4.0200000000000005
CI,GN,CI-GN,14,2019-04-17,1,1,9166.666666666666,9.12090425167026,NA,0,NA,NA,NA,NA,NA,NA,NA,NA,NA,NA,NA,NA,NA,NA
CI,GN,CI-GN,14,2019-05-18,2,31,9166.666666666666,9.12090425167026,NA,0,NA,NA,NA,NA,NA,NA,NA,NA,NA,NA,NA,NA,NA,NA
CI,GN,CI-GN,14,2019-06-17,3,30,9166.666666666666,9.12090425167026,NA,0,NA,NA,NA,NA,NA,NA,NA,NA,NA,NA,NA,NA,NA,NA
CI,GN,CI-GN,14,2019-07-18,4,31,9166.666666666666,9.12090425167026,NA,0,NA,NA,NA,NA,NA,NA,NA,NA,NA,NA,NA,NA,NA,NA
CI,GN,CI-GN,14,2019-08-18,5,31,8461.538461538463,9.040861543996723,NA,0,NA,NA,NA,NA,NA,NA,NA,NA,NA,NA,NA,NA,NA,NA
CI,GN,CI-GN,14,2019-10-18,6,61,7692.307692307692,8.945551364192397,NA,0,NA,NA,NA,NA,NA,NA,NA,NA,NA,NA,NA,NA,NA,NA
CI,GN,CI-GN,14,2019-11-17,7,30,9230.76923076923,9.127872920986352,NA,0,NA,NA,NA,NA,NA,NA,NA,NA,NA,NA,NA,NA,NA,NA
CI,GN,CI-GN,14,2019-12-18,8,31,8250,9.015543736012432,NA,0,NA,NA,NA,NA,NA,NA,NA,NA,NA,NA,NA,NA,NA,NA
CI,GN,CI-GN,14,2020-01-18,9,31,8571.42857142857,9.09504044323963,NA,0,NA,NA,NA,NA,NA,NA,0,NA,NA,NA,NA,NA,NA,NA
CI,GN,CI-GN,14,2020-02-16,10,29,8571.42857142857,9.09504044323963,0,0,-0.9186002160000094,0.2922171439999935,NA,NA,0,8.620689655172415,0.3142857142857143,NA,0,0,0,0,NA,NA
CI,GN,CI-GN,14,2020-03-18,11,31,8000,9.02604757175268,0,1,-2.0733691080000076,-0.0568776500000086,-0.9186002160000094,0.2922171439999935,4.032258064516129,12.5,2.9096774193548387,NA,2.2199999999999998,0,0.74,0,0,0
CI,GN,CI-GN,14,2020-04-17,12,30,8235.29411764706,9.055035108625932,0.8666666666666667,1,-4.428246182000026,-0.8939751220000102,-2.0733691080000076,-0.0568776500000086,74.44066666666667,59.513000000000005,-21.573333333333334,NA,252.12,2.2199999999999998,352.67,2.2199999999999998,0,0
CI,GN,CI-GN,14,2020-05-18,13,31,8125,9.041551758288644,1,1,-3.679440321000009,0.5275490909999868,-4.428246182000026,-0.8939751220000102,73.31806451612904,76.04,-19.89032258064516,NA,528.9399999999999,8.14,1718.1399999999999,9.620000000000001,2.2199999999999998,2.2199999999999998
CI,IT,CI-IT,15,2019-04-17,1,1,629.6296296296297,10.515691746773937,NA,0,NA,NA,NA,NA,NA,NA,NA,NA,NA,NA,NA,NA,NA,NA
CI,IT,CI-IT,15,2019-05-18,2,31,629.6296296296297,10.515691746773937,NA,0,NA,NA,NA,NA,NA,NA,NA,NA,NA,NA,NA,NA,NA,NA
CI,IT,CI-IT,15,2019-06-17,3,30,615.3846153846154,10.49280745294035,NA,0,NA,NA,NA,NA,NA,NA,NA,NA,NA,NA,NA,NA,NA,NA
CI,IT,CI-IT,15,2019-07-18,4,31,600,10.467489644956059,NA,0,NA,NA,NA,NA,NA,NA,NA,NA,NA,NA,NA,NA,NA,NA
CI,IT,CI-IT,15,2019-08-18,5,31,608.695652173913,10.481878382408159,NA,0,NA,NA,NA,NA,NA,NA,NA,NA,NA,NA,NA,NA,NA,NA
CI,IT,CI-IT,15,2019-10-18,6,61,590.9090909090909,10.452222172825271,NA,0,NA,NA,NA,NA,NA,NA,NA,NA,NA,NA,NA,NA,NA,NA
CI,IT,CI-IT,15,2019-11-17,7,30,631.578947368421,10.518782939343609,NA,0,NA,NA,NA,NA,NA,NA,NA,NA,NA,NA,NA,NA,NA,NA
CI,IT,CI-IT,15,2019-12-18,8,31,647.0588235294118,10.542997197464205,NA,0,NA,NA,NA,NA,NA,NA,NA,NA,NA,NA,NA,NA,NA,NA
CI,IT,CI-IT,15,2020-01-18,9,31,687.5,10.618935249474937,NA,0,NA,NA,NA,NA,NA,NA,0,0,NA,NA,NA,NA,NA,NA
CI,IT,CI-IT,15,2020-02-16,10,29,666.6666666666667,10.588163590808183,0,0,-0.9186002160000094,-5.630728793373783,NA,NA,0,7.327586206896552,0.3142857142857143,0.8476190476190476,0,0,0.5,0,NA,NA
CI,IT,CI-IT,15,2020-03-18,11,31,548.3870967741935,10.392854838487418,0.2903225806451613,1,-2.0733691080000076,15.495833604066082,-0.9186002160000094,-5.630728793373783,4.032258064516129,62.53290322580645,2.9096774193548387,-20.53548387096774,2.2199999999999998,0,5915.46,493.32,0,0
CI,IT,CI-IT,15,2020-04-17,12,30,566.6666666666667,10.42564466131041,1,1,-4.428246182000026,57.76658851822467,-2.0733691080000076,15.495833604066082,74.44066666666667,88.74966666666666,-21.573333333333334,-72.58666666666667,252.12,2.2199999999999998,22648.13,3274.4300000000003,0,493.32
CI,IT,CI-IT,15,2020-05-18,13,31,566.6666666666667,10.42564466131041,1,1,-3.679440321000009,12.675393152902307,-4.428246182000026,57.76658851822467,73.31806451612904,85.75129032258064,-19.89032258064516,-56.54838709677419,528.9399999999999,8.14,8854.46,1534.26,2.2199999999999998,3274.4300000000003
CI,MA,CI-MA,16,2019-04-17,1,1,1764.7058823529412,7.303020089640959,NA,0,NA,NA,NA,NA,NA,NA,NA,NA,NA,NA,NA,NA,NA,NA
CI,MA,CI-MA,16,2019-05-18,2,31,1764.7058823529412,7.303020089640959,NA,0,NA,NA,NA,NA,NA,NA,NA,NA,NA,NA,NA,NA,NA,NA
CI,MA,CI-MA,16,2019-06-17,3,30,1882.3529411764705,7.36755861077853,NA,0,NA,NA,NA,NA,NA,NA,NA,NA,NA,NA,NA,NA,NA,NA
CI,MA,CI-MA,16,2019-07-18,4,31,2000,7.428183232594964,NA,0,NA,NA,NA,NA,NA,NA,NA,NA,NA,NA,NA,NA,NA,NA
CI,MA,CI-MA,16,2019-08-18,5,31,NA,NA,NA,0,NA,NA,NA,NA,NA,NA,NA,NA,NA,NA,NA,NA,NA,NA
CI,MA,CI-MA,16,2019-10-18,6,61,1860.4651162790697,7.355862571015338,NA,0,NA,NA,NA,NA,NA,NA,NA,NA,NA,NA,NA,NA,NA,NA
CI,MA,CI-MA,16,2019-11-17,7,30,2098.765432098766,7.476385334412842,NA,0,NA,NA,NA,NA,NA,NA,NA,NA,NA,NA,NA,NA,NA,NA
CI,MA,CI-MA,16,2019-12-18,8,31,2142.8571428571427,7.497176104081916,NA,0,NA,NA,NA,NA,NA,NA,NA,NA,NA,NA,NA,NA,NA,NA
CI,MA,CI-MA,16,2020-01-18,9,31,2207.792207792208,7.565403562276809,NA,0,NA,NA,NA,NA,NA,NA,0,0,NA,NA,NA,NA,NA,NA
CI,MA,CI-MA,16,2020-02-16,10,29,2077.9220779220777,7.5047789404603735,0,0,-0.9186002160000094,-0.05444071200000768,NA,NA,0,0,0.3142857142857143,-0.01904761904761905,0,0,0,0,NA,NA
CI,MA,CI-MA,16,2020-03-18,11,31,1978.021978021978,7.455507891453592,0,1,-2.0733691080000076,0.6620788799999926,-0.9186002160000094,-0.05444071200000768,4.032258064516129,10.180645161290322,2.9096774193548387,-2.535483870967742,2.2199999999999998,0,13.15,0.54,0,0
CI,MA,CI-MA,16,2020-04-17,12,30,2061.855670103093,7.497016935124885,0.6,1,-4.428246182000026,1.4841159270000017,-2.0733691080000076,0.6620788799999926,74.44066666666667,90.86866666666666,-21.573333333333334,-67.74666666666667,252.12,2.2199999999999998,673.4599999999999,35.620000000000005,0,0.54
CI,MA,CI-MA,16,2020-05-18,13,31,1958.7628865979384,7.445723640737334,1,1,-3.679440321000009,1.3949158309999907,-4.428246182000026,1.4841159270000017,73.31806451612904,92.71,-19.89032258064516,-65.34193548387097,528.9399999999999,8.14,1175.02,15.31,2.2199999999999998,35.620000000000005
CI,ML,CI-ML,17,2019-04-17,1,1,15000,11.034848894293612,NA,0,NA,NA,NA,NA,NA,NA,NA,NA,NA,NA,NA,NA,NA,NA
CI,ML,CI-ML,17,2019-05-18,2,31,15000,11.034848894293612,NA,0,NA,NA,NA,NA,NA,NA,NA,NA,NA,NA,NA,NA,NA,NA
CI,ML,CI-ML,17,2019-06-17,3,30,14117.64705882353,10.974224272477176,NA,0,NA,NA,NA,NA,NA,NA,NA,NA,NA,NA,NA,NA,NA,NA
CI,ML,CI-ML,17,2019-07-18,4,31,15000,11.034848894293612,NA,0,NA,NA,NA,NA,NA,NA,NA,NA,NA,NA,NA,NA,NA,NA
CI,ML,CI-ML,17,2019-08-18,5,31,13333.333333333334,10.917065858637228,NA,0,NA,NA,NA,NA,NA,NA,NA,NA,NA,NA,NA,NA,NA,NA
CI,ML,CI-ML,17,2019-10-18,6,61,12777.777777777776,10.874506244218432,NA,0,NA,NA,NA,NA,NA,NA,NA,NA,NA,NA,NA,NA,NA,NA
CI,ML,CI-ML,17,2019-11-17,7,30,13684.21052631579,10.943041345040488,NA,0,NA,NA,NA,NA,NA,NA,NA,NA,NA,NA,NA,NA,NA,NA
CI,ML,CI-ML,17,2019-12-18,8,31,14666.666666666666,11.012376038441552,NA,0,NA,NA,NA,NA,NA,NA,NA,NA,NA,NA,NA,NA,NA,NA
CI,ML,CI-ML,17,2020-01-18,9,31,14736.842105263157,11.053746836650447,NA,0,NA,NA,NA,NA,NA,NA,0,0,NA,NA,NA,NA,NA,NA
CI,ML,CI-ML,17,2020-02-16,10,29,13500,10.966085898092022,0,0,-0.9186002160000094,-0.8927444880000072,NA,NA,0,0,0.3142857142857143,0.028571428571428574,0,0,0,0,NA,NA
CI,ML,CI-ML,17,2020-03-18,11,31,14499.999999999998,11.037544862074167,0,1,-2.0733691080000076,-1.4036667590000127,-0.9186002160000094,-0.8927444880000072,4.032258064516129,0.4032258064516129,2.9096774193548387,1.3290322580645162,2.2199999999999998,0,0,0,0,0
CI,ML,CI-ML,17,2020-04-17,12,30,14166.666666666666,11.014287999909898,0,1,-4.428246182000026,0.09214125399998711,-2.0733691080000076,-1.4036667590000127,74.44066666666667,62.504,-21.573333333333334,-14.346666666666668,252.12,2.2199999999999998,82.02,6.24,0,0
CI,ML,CI-ML,17,2020-05-18,13,31,13333.333333333334,10.953663378093465,0.8387096774193549,1,-3.679440321000009,0.25461424899999074,-4.428246182000026,0.09214125399998711,73.31806451612904,64.01225806451613,-19.89032258064516,-17.93548387096774,528.9399999999999,8.14,337.09,18.72,2.2199999999999998,6.24
CI,MR,CI-MR,18,2019-04-17,1,1,2826.086956521739,8.125790429093641,NA,0,NA,NA,NA,NA,NA,NA,NA,NA,NA,NA,NA,NA,NA,NA
CI,MR,CI-MR,18,2019-05-18,2,31,2826.086956521739,8.125790429093641,NA,0,NA,NA,NA,NA,NA,NA,NA,NA,NA,NA,NA,NA,NA,NA
CI,MR,CI-MR,18,2019-06-17,3,30,2826.086956521739,8.125790429093641,NA,0,NA,NA,NA,NA,NA,NA,NA,NA,NA,NA,NA,NA,NA,NA
CI,MR,CI-MR,18,2019-07-18,4,31,2765.9574468085107,8.104284223872677,NA,0,NA,NA,NA,NA,NA,NA,NA,NA,NA,NA,NA,NA,NA,NA
CI,MR,CI-MR,18,2019-08-18,5,31,2525.252525252525,8.01323844285481,NA,0,NA,NA,NA,NA,NA,NA,NA,NA,NA,NA,NA,NA,NA,NA
CI,MR,CI-MR,18,2019-10-18,6,61,2500,8.003188107001307,NA,0,NA,NA,NA,NA,NA,NA,NA,NA,NA,NA,NA,NA,NA,NA
CI,MR,CI-MR,18,2019-11-17,7,30,3100,8.218299486618253,NA,0,NA,NA,NA,NA,NA,NA,NA,NA,NA,NA,NA,NA,NA,NA
CI,MR,CI-MR,18,2019-12-18,8,31,3095.2380952380954,8.216762207299366,NA,0,NA,NA,NA,NA,NA,NA,NA,NA,NA,NA,NA,NA,NA,NA
CI,MR,CI-MR,18,2020-01-18,9,31,3200,8.302280447888243,NA,0,NA,NA,NA,NA,NA,NA,0,NA,NA,NA,NA,NA,NA,NA
CI,MR,CI-MR,18,2020-02-16,10,29,3000,8.237741926750672,0,0,-0.9186002160000094,0.3371861369999939,NA,NA,0,0,0.3142857142857143,NA,0,0,0,0,NA,NA
CI,MR,CI-MR,18,2020-03-18,11,31,3200,8.302280447888243,0,1,-2.0733691080000076,-0.05986915600000909,-0.9186002160000094,0.3371861369999939,4.032258064516129,3.629032258064516,2.9096774193548387,NA,2.2199999999999998,0,2.09,0,0,0
CI,MR,CI-MR,18,2020-04-17,12,30,3000,8.237741926750672,0.7666666666666667,1,-4.428246182000026,-1.1127391570000085,-2.0733691080000076,-0.05986915600000909,74.44066666666667,69.72133333333333,-21.573333333333334,NA,252.12,2.2199999999999998,12.549999999999999,2.09,0,0
CI,MR,CI-MR,18,2020-05-18,13,31,2916.6666666666665,8.209571049783975,1,1,-3.679440321000009,-0.4618017970000102,-4.428246182000026,-1.1127391570000085,73.31806451612904,75,-19.89032258064516,NA,528.9399999999999,8.14,154.97,6.27,2.2199999999999998,2.09
CI,NL,CI-NL,19,2019-04-17,1,1,111.11111111111111,7.787543562010742,NA,0,NA,NA,NA,NA,NA,NA,NA,NA,NA,NA,NA,NA,NA,NA
CI,NL,CI-NL,19,2019-05-18,2,31,111.11111111111111,7.787543562010742,NA,0,NA,NA,NA,NA,NA,NA,NA,NA,NA,NA,NA,NA,NA,NA
CI,NL,CI-NL,19,2019-06-17,3,30,121.95121951219512,7.880633985076754,NA,0,NA,NA,NA,NA,NA,NA,NA,NA,NA,NA,NA,NA,NA,NA
CI,NL,CI-NL,19,2019-07-18,4,31,126.58227848101266,7.917905379873986,NA,0,NA,NA,NA,NA,NA,NA,NA,NA,NA,NA,NA,NA,NA,NA
CI,NL,CI-NL,19,2019-08-18,5,31,138.88888888888889,8.010687113324952,NA,0,NA,NA,NA,NA,NA,NA,NA,NA,NA,NA,NA,NA,NA,NA
CI,NL,CI-NL,19,2019-10-18,6,61,140.84507042253523,8.024673355299692,NA,0,NA,NA,NA,NA,NA,NA,NA,NA,NA,NA,NA,NA,NA,NA
CI,NL,CI-NL,19,2019-11-17,7,30,158.7301587301587,8.144218505949475,NA,0,NA,NA,NA,NA,NA,NA,NA,NA,NA,NA,NA,NA,NA,NA
CI,NL,CI-NL,19,2019-12-18,8,31,181.8181818181818,8.280020047108536,NA,0,NA,NA,NA,NA,NA,NA,NA,NA,NA,NA,NA,NA,NA,NA
CI,NL,CI-NL,19,2020-01-18,9,31,181.8181818181818,8.32666566277619,NA,0,NA,NA,NA,NA,NA,NA,0,0,NA,NA,NA,NA,NA,NA
CI,NL,CI-NL,19,2020-02-16,10,29,192.30769230769232,8.382755129427233,0,0,-0.9186002160000094,-5.932785653784101,NA,NA,0,0,0.3142857142857143,-0.3904761904761905,0,0,0,0,NA,NA
CI,NL,CI-NL,19,2020-03-18,11,31,100,7.728828662020569,0,1,-2.0733691080000076,-5.642131647497945,-0.9186002160000094,-5.932785653784101,4.032258064516129,17.07032258064516,2.9096774193548387,-1.8580645161290323,2.2199999999999998,0,1432.47,33.75,0,0
CI,NL,CI-NL,19,2020-04-17,12,30,101.010101010101,7.73887899787407,0.9666666666666667,1,-4.428246182000026,39.28221337734154,-2.0733691080000076,-5.642131647497945,74.44066666666667,76.53133333333334,-21.573333333333334,-29.14666666666667,252.12,2.2199999999999998,16995.19,1985.66,0,33.75
CI,NL,CI-NL,19,2020-05-18,13,31,101.010101010101,7.73887899787407,1,1,-3.679440321000009,12.212542647070057,-4.428246182000026,39.28221337734154,73.31806451612904,77.01774193548387,-19.89032258064516,-16.974193548387095,528.9399999999999,8.14,7383.64,1304.92,2.2199999999999998,1985.66
CI,TN,CI-TN,20,2019-04-17,1,1,2820.512820512821,7.258649320697489,NA,0,NA,NA,NA,NA,NA,NA,NA,NA,NA,NA,NA,NA,NA,NA
CI,TN,CI-TN,20,2019-05-18,2,31,2820.512820512821,7.258649320697489,NA,0,NA,NA,NA,NA,NA,NA,NA,NA,NA,NA,NA,NA,NA,NA
CI,TN,CI-TN,20,2019-06-17,3,30,2926.829268292683,7.295650277112458,NA,0,NA,NA,NA,NA,NA,NA,NA,NA,NA,NA,NA,NA,NA,NA
CI,TN,CI-TN,20,2019-07-18,4,31,2926.829268292683,7.295650277112458,NA,0,NA,NA,NA,NA,NA,NA,NA,NA,NA,NA,NA,NA,NA,NA
CI,TN,CI-TN,20,2019-08-18,5,31,2790.6976744186045,7.248022228123204,NA,0,NA,NA,NA,NA,NA,NA,NA,NA,NA,NA,NA,NA,NA,NA
CI,TN,CI-TN,20,2019-10-18,6,61,3250,7.400385597376365,NA,0,NA,NA,NA,NA,NA,NA,NA,NA,NA,NA,NA,NA,NA,NA
CI,TN,CI-TN,20,2019-11-17,7,30,3333.3333333333335,7.425703405360656,NA,0,NA,NA,NA,NA,NA,NA,NA,NA,NA,NA,NA,NA,NA,NA
CI,TN,CI-TN,20,2019-12-18,8,31,3428.571428571429,7.453874282327352,NA,0,NA,NA,NA,NA,NA,NA,NA,NA,NA,NA,NA,NA,NA,NA
CI,TN,CI-TN,20,2020-01-18,9,31,3589.7435897435894,7.531101994775295,NA,0,NA,NA,NA,NA,NA,NA,0,NA,NA,NA,NA,NA,NA,NA
CI,TN,CI-TN,20,2020-02-16,10,29,3684.210526315789,7.557077481178555,0,0,-0.9186002160000094,-0.5417943668847914,NA,NA,0,0,0.3142857142857143,NA,0,0,0,0,NA,NA
CI,TN,CI-TN,20,2020-03-18,11,31,3414.6341463414637,7.481091574200634,0,1,-2.0733691080000076,-1.9372825836442957,-0.9186002160000094,-0.5417943668847914,4.032258064516129,10.416774193548386,2.9096774193548387,NA,2.2199999999999998,0,24.31,0,0,0
CI,TN,CI-TN,20,2020-04-17,12,30,3809.52380952381,7.590525415246096,0.7333333333333333,1,-4.428246182000026,-4.033318850430007,-2.0733691080000076,-1.9372825836442957,74.44066666666667,87.011,-21.573333333333334,NA,252.12,2.2199999999999998,699.59,31.03,0,0
CI,TN,CI-TN,20,2020-05-18,13,31,3720.9302325581393,7.566994917835902,1,1,-3.679440321000009,-4.472265304994839,-4.428246182000026,-4.033318850430007,73.31806451612904,87.02903225806452,-19.89032258064516,NA,528.9399999999999,8.14,149.98,7.5600000000000005,2.2199999999999998,31.03
CI,TR,CI-TR,21,2019-04-17,1,1,40,7.6072155255827125,NA,0,NA,NA,NA,NA,NA,NA,NA,NA,NA,NA,NA,NA,NA,NA
CI,TR,CI-TR,21,2019-05-18,2,31,40,7.6072155255827125,NA,0,NA,NA,NA,NA,NA,NA,NA,NA,NA,NA,NA,NA,NA,NA
CI,TR,CI-TR,21,2019-06-17,3,30,41.66666666666667,7.648037520102968,NA,0,NA,NA,NA,NA,NA,NA,NA,NA,NA,NA,NA,NA,NA,NA
CI,TR,CI-TR,21,2019-07-18,4,31,41.66666666666667,7.648037520102968,NA,0,NA,NA,NA,NA,NA,NA,NA,NA,NA,NA,NA,NA,NA,NA
CI,TR,CI-TR,21,2019-08-18,5,31,41.66666666666667,7.648037520102968,NA,0,NA,NA,NA,NA,NA,NA,NA,NA,NA,NA,NA,NA,NA,NA
CI,TR,CI-TR,21,2019-10-18,6,61,41.66666666666667,7.648037520102968,NA,0,NA,NA,NA,NA,NA,NA,NA,NA,NA,NA,NA,NA,NA,NA
CI,TR,CI-TR,21,2019-11-17,7,30,43.47826086956522,7.690597134521764,NA,0,NA,NA,NA,NA,NA,NA,NA,NA,NA,NA,NA,NA,NA,NA
CI,TR,CI-TR,21,2019-12-18,8,31,50,7.830359076896923,NA,0,NA,NA,NA,NA,NA,NA,NA,NA,NA,NA,NA,NA,NA,NA
CI,TR,CI-TR,21,2020-01-18,9,31,45.45454545454545,7.758431448944216,NA,0,NA,NA,NA,NA,NA,NA,0,0,NA,NA,NA,NA,NA,NA
CI,TR,CI-TR,21,2020-02-16,10,29,47.61904761904762,7.804951464579109,0,0,-0.9186002160000094,-0.5831698620000091,NA,NA,0,4.310344827586207,0.3142857142857143,0.29523809523809524,0,0,0,0,NA,NA
CI,TR,CI-TR,21,2020-03-18,11,31,37.03703703703704,7.553637036298203,0,1,-2.0733691080000076,-0.1353087920000107,-0.9186002160000094,-0.5831698620000091,4.032258064516129,17.27225806451613,2.9096774193548387,4.612903225806451,2.2199999999999998,0,11.53,0.12,0,0
CI,TR,CI-TR,21,2020-04-17,12,30,35.714285714285715,7.517269392127329,0.8666666666666667,1,-4.428246182000026,3.5587061659999817,-2.0733691080000076,-0.1353087920000107,74.44066666666667,69.864,-21.573333333333334,-47.34,252.12,2.2199999999999998,9224.55,207.89,0,0.12
CI,TR,CI-TR,21,2020-05-18,13,31,35.714285714285715,7.517269392127329,1,1,-3.679440321000009,7.460813499999969,-4.428246182000026,3.5587061659999817,73.31806451612904,73.0541935483871,-19.89032258064516,-50.535483870967745,528.9399999999999,8.14,8471.87,282.45,2.2199999999999998,207.89
CI,US,CI-US,22,2019-04-17,1,1,78.26086956521739,10.493532231422183,NA,0,NA,NA,NA,NA,NA,NA,NA,NA,NA,NA,NA,NA,NA,NA
CI,US,CI-US,22,2019-05-18,2,31,78.26086956521739,10.493532231422183,NA,0,NA,NA,NA,NA,NA,NA,NA,NA,NA,NA,NA,NA,NA,NA
CI,US,CI-US,22,2019-06-17,3,30,73.91304347826087,10.436373817582234,NA,0,NA,NA,NA,NA,NA,NA,NA,NA,NA,NA,NA,NA,NA,NA
CI,US,CI-US,22,2019-07-18,4,31,72.72727272727272,10.420200958336634,NA,0,NA,NA,NA,NA,NA,NA,NA,NA,NA,NA,NA,NA,NA,NA
CI,US,CI-US,22,2019-08-18,5,31,72.72727272727272,10.420200958336634,NA,0,NA,NA,NA,NA,NA,NA,NA,NA,NA,NA,NA,NA,NA,NA
CI,US,CI-US,22,2019-10-18,6,61,76.19047619047619,10.466720973971526,NA,0,NA,NA,NA,NA,NA,NA,NA,NA,NA,NA,NA,NA,NA,NA
CI,US,CI-US,22,2019-11-17,7,30,75,10.450972617003387,NA,0,NA,NA,NA,NA,NA,NA,NA,NA,NA,NA,NA,NA,NA,NA
CI,US,CI-US,22,2019-12-18,8,31,73.6842105263158,10.433273039903987,NA,0,NA,NA,NA,NA,NA,NA,NA,NA,NA,NA,NA,NA,NA,NA
CI,US,CI-US,22,2020-01-18,9,31,70,10.381979745516436,NA,0,NA,NA,NA,NA,NA,NA,0,0,NA,NA,NA,NA,NA,NA
CI,US,CI-US,22,2020-02-16,10,29,73.6842105263158,10.433273039903987,0,0,-0.9186002160000094,-1.8416880525082926,NA,NA,0,0,0.3142857142857143,0.5142857142857142,0,0,0.39,0,NA,NA
CI,US,CI-US,22,2020-03-18,11,31,76.92307692307692,10.476290424987678,0,1,-2.0733691080000076,0.11790222683466853,-0.9186002160000094,-1.8416880525082926,4.032258064516129,12.263548387096774,2.9096774193548387,4.032258064516129,2.2199999999999998,0,274.99,5.82,0,0
CI,US,CI-US,22,2020-04-17,12,30,80.76923076923076,10.52508058915711,0,1,-4.428246182000026,17.653923182995147,-2.0733691080000076,0.11790222683466853,74.44066666666667,71.98333333333333,-21.573333333333334,-32.61333333333334,252.12,2.2199999999999998,21085.48,1165.9,0,5.82
CI,US,CI-US,22,2020-05-18,13,31,77.77777777777777,10.487340261174262,0,1,-3.679440321000009,19.075100731030798,-4.428246182000026,17.653923182995147,73.31806451612904,72.4,-19.89032258064516,-24.406451612903226,528.9399999999999,8.14,24015.12,1655.11,2.2199999999999998,1165.9
DZ,AE,DZ-AE,23,2019-04-17,1,1,132.75862068965515,9.213116533499807,NA,0,NA,NA,NA,NA,NA,NA,NA,NA,NA,NA,NA,NA,NA,NA
DZ,AE,DZ-AE,23,2019-05-18,2,31,132.75862068965515,9.213116533499807,NA,0,NA,NA,NA,NA,NA,NA,NA,NA,NA,NA,NA,NA,NA,NA
DZ,AE,DZ-AE,23,2019-06-17,3,30,127.27272727272728,9.170916179009431,NA,0,NA,NA,NA,NA,NA,NA,NA,NA,NA,NA,NA,NA,NA,NA
DZ,AE,DZ-AE,23,2019-07-18,4,31,120.37037037037038,9.115157345523906,NA,0,NA,NA,NA,NA,NA,NA,NA,NA,NA,NA,NA,NA,NA,NA
DZ,AE,DZ-AE,23,2019-08-18,5,31,107.54716981132076,9.00251347647497,NA,0,NA,NA,NA,NA,NA,NA,NA,NA,NA,NA,NA,NA,NA,NA
DZ,AE,DZ-AE,23,2019-10-18,6,61,121.15384615384616,9.121645130002648,NA,0,NA,NA,NA,NA,NA,NA,NA,NA,NA,NA,NA,NA,NA,NA
DZ,AE,DZ-AE,23,2019-11-17,7,30,125,9.152897673506752,NA,0,NA,NA,NA,NA,NA,NA,NA,NA,NA,NA,NA,NA,NA,NA
DZ,AE,DZ-AE,23,2019-12-18,8,31,125,9.152897673506752,NA,0,NA,NA,NA,NA,NA,NA,NA,NA,NA,NA,NA,NA,NA,NA
DZ,AE,DZ-AE,23,2020-01-18,9,31,128.57142857142856,9.195823960503612,NA,0,NA,NA,NA,NA,NA,NA,NA,0,NA,NA,NA,NA,NA,NA
DZ,AE,DZ-AE,23,2020-02-16,10,29,127.6595744680851,9.188706492734747,0,0,-0.25971176300000764,-0.37264827700000874,NA,NA,0,0,NA,0.21904761904761905,0,0,9,0,NA,NA
DZ,AE,DZ-AE,23,2020-03-18,11,31,140.32258064516128,9.283283265832196,0.03225806451612903,1,-0.15990853300000904,-0.5732535720000097,-0.25971176300000764,-0.37264827700000874,9.274193548387096,11.894516129032258,NA,-1.5870967741935484,16.59,1.5499999999999998,104.09,0,0,0
DZ,AE,DZ-AE,23,2020-04-17,12,30,128.125,9.192345696127287,0.9333333333333333,1,1.657896004999996,-0.33997143500000676,-0.15990853300000904,-0.5732535720000097,75.542,77.29133333333334,NA,-51.2,525.38,80.03,6194.55,37,1.5499999999999998,0
DZ,AE,DZ-AE,23,2020-05-18,13,31,121.875,9.142335275552625,1,1,0.4254319259999927,6.093402917999994,1.657896004999996,-0.33997143500000676,78.09354838709677,77.82451612903226,NA,-53.49032258064516,1072.01,42.77,17903.97,187.18,80.03,37
DZ,BE,DZ-BE,24,2019-04-17,1,1,1294.1176470588236,10.082045626748776,NA,0,NA,NA,NA,NA,NA,NA,NA,NA,NA,NA,NA,NA,NA,NA
DZ,BE,DZ-BE,24,2019-05-18,2,31,1294.1176470588236,10.082045626748776,NA,0,NA,NA,NA,NA,NA,NA,NA,NA,NA,NA,NA,NA,NA,NA
DZ,BE,DZ-BE,24,2019-06-17,3,30,1283.7837837837835,10.074028315843046,NA,0,NA,NA,NA,NA,NA,NA,NA,NA,NA,NA,NA,NA,NA,NA
DZ,BE,DZ-BE,24,2019-07-18,4,31,1257.142857142857,10.053058089875524,NA,0,NA,NA,NA,NA,NA,NA,NA,NA,NA,NA,NA,NA,NA,NA
DZ,BE,DZ-BE,24,2019-08-18,5,31,1234.375,10.034781286554026,NA,0,NA,NA,NA,NA,NA,NA,NA,NA,NA,NA,NA,NA,NA,NA
DZ,BE,DZ-BE,24,2019-10-18,6,61,1301.5873015873017,10.087801038319396,NA,0,NA,NA,NA,NA,NA,NA,NA,NA,NA,NA,NA,NA,NA,NA
DZ,BE,DZ-BE,24,2019-11-17,7,30,1344.8275862068965,10.120482333589848,NA,0,NA,NA,NA,NA,NA,NA,NA,NA,NA,NA,NA,NA,NA,NA
DZ,BE,DZ-BE,24,2019-12-18,8,31,1313.7254901960785,10.097083504113316,NA,0,NA,NA,NA,NA,NA,NA,NA,NA,NA,NA,NA,NA,NA,NA
DZ,BE,DZ-BE,24,2020-01-18,9,31,1372.549019607843,10.170911803320202,NA,0,NA,NA,NA,NA,NA,NA,NA,0,NA,NA,NA,NA,NA,NA
DZ,BE,DZ-BE,24,2020-02-16,10,29,1340,10.146911807957988,0,0,-0.25971176300000764,-7.761247963773097,NA,NA,0,7.974137931034483,NA,-0.01904761904761898,0,0,0.8599999999999999,0,NA,NA
DZ,BE,DZ-BE,24,2020-03-18,11,31,1170.212765957447,10.01142777751758,0,1,-0.15990853300000904,-6.121483689957917,-0.25971176300000764,-7.761247963773097,9.274193548387096,20.968387096774194,NA,-3.9483870967741934,16.59,1.5499999999999998,1276.6200000000001,12.04,0,0
DZ,BE,DZ-BE,24,2020-04-17,12,30,1182.7956989247311,10.022123066634329,0.8666666666666667,1,1.657896004999996,55.04852741873276,-0.15990853300000904,-6.121483689957917,75.542,79.17,NA,-51.586666666666666,525.38,80.03,29789.4,4426.47,1.5499999999999998,12.04
DZ,BE,DZ-BE,24,2020-05-18,13,31,1208.7912087912089,10.043863053270735,1,1,0.4254319259999927,20.242221871748686,1.657896004999996,55.04852741873276,78.09354838709677,78.09387096774194,NA,-38.825806451612905,1072.01,42.77,16695.68,3367.3,80.03,4426.47
DZ,BF,DZ-BF,25,2019-04-17,1,1,909.090909090909,8.64185411417523,NA,0,NA,NA,NA,NA,NA,NA,NA,NA,NA,NA,NA,NA,NA,NA
DZ,BF,DZ-BF,25,2019-05-18,2,31,909.090909090909,8.64185411417523,NA,0,NA,NA,NA,NA,NA,NA,NA,NA,NA,NA,NA,NA,NA,NA
DZ,BF,DZ-BF,25,2019-06-17,3,30,909.090909090909,8.64185411417523,NA,0,NA,NA,NA,NA,NA,NA,NA,NA,NA,NA,NA,NA,NA,NA
DZ,BF,DZ-BF,25,2019-07-18,4,31,909.090909090909,8.64185411417523,NA,0,NA,NA,NA,NA,NA,NA,NA,NA,NA,NA,NA,NA,NA,NA
DZ,BF,DZ-BF,25,2019-08-18,5,31,833.3333333333334,8.554842737185599,NA,0,NA,NA,NA,NA,NA,NA,NA,NA,NA,NA,NA,NA,NA,NA
DZ,BF,DZ-BF,25,2019-10-18,6,61,833.3333333333334,8.554842737185599,NA,0,NA,NA,NA,NA,NA,NA,NA,NA,NA,NA,NA,NA,NA,NA
DZ,BF,DZ-BF,25,2019-11-17,7,30,769.2307692307693,8.474800029512062,NA,0,NA,NA,NA,NA,NA,NA,NA,NA,NA,NA,NA,NA,NA,NA
DZ,BF,DZ-BF,25,2019-12-18,8,31,909.090909090909,8.64185411417523,NA,0,NA,NA,NA,NA,NA,NA,NA,NA,NA,NA,NA,NA,NA,NA
DZ,BF,DZ-BF,25,2020-01-18,9,31,769.2307692307693,8.483972480600006,NA,0,NA,NA,NA,NA,NA,NA,NA,0,NA,NA,NA,NA,NA,NA
DZ,BF,DZ-BF,25,2020-02-16,10,29,714.2857142857142,8.409864508446285,0,0,-0.25971176300000764,-0.9341182490000108,NA,NA,0,0,NA,0.10476190476190475,0,0,0,0,NA,NA
DZ,BF,DZ-BF,25,2020-03-18,11,31,714.2857142857142,8.409864508446285,0,1,-0.15990853300000904,-0.6225084270000064,-0.25971176300000764,-0.9341182490000108,9.274193548387096,5.241935483870968,NA,-0.40645161290322573,16.59,1.5499999999999998,9.32,0.47,0,0
DZ,BF,DZ-BF,25,2020-04-17,12,30,666.6666666666667,8.340871636959333,0.7666666666666667,1,1.657896004999996,2.2656755039999914,-0.15990853300000904,-0.6225084270000064,75.542,78.47066666666667,NA,-24.586666666666666,525.38,80.03,249.81,15.86,1.5499999999999998,0.47
DZ,BF,DZ-BF,25,2020-05-18,13,31,625,8.276333115821762,1,1,0.4254319259999927,1.8566848839999914,1.657896004999996,2.2656755039999914,78.09354838709677,72.68032258064517,NA,-16.90967741935484,1072.01,42.77,111.22,7.49,80.03,15.86
DZ,BJ,DZ-BJ,26,2019-04-17,1,1,NA,NA,NA,0,NA,NA,NA,NA,NA,NA,NA,NA,NA,NA,NA,NA,NA,NA
DZ,BJ,DZ-BJ,26,2019-05-18,2,31,625,7.6422250224005825,NA,0,NA,NA,NA,NA,NA,NA,NA,NA,NA,NA,NA,NA,NA,NA
DZ,BJ,DZ-BJ,26,2019-06-17,3,30,625,7.6422250224005825,NA,0,NA,NA,NA,NA,NA,NA,NA,NA,NA,NA,NA,NA,NA,NA
DZ,BJ,DZ-BJ,26,2019-07-18,4,31,666.6666666666667,7.706763543538154,NA,0,NA,NA,NA,NA,NA,NA,NA,NA,NA,NA,NA,NA,NA,NA
DZ,BJ,DZ-BJ,26,2019-08-18,5,31,625,7.6422250224005825,NA,0,NA,NA,NA,NA,NA,NA,NA,NA,NA,NA,NA,NA,NA,NA
DZ,BJ,DZ-BJ,26,2019-10-18,6,61,666.6666666666667,7.706763543538154,NA,0,NA,NA,NA,NA,NA,NA,NA,NA,NA,NA,NA,NA,NA,NA
DZ,BJ,DZ-BJ,26,2019-11-17,7,30,666.6666666666667,7.706763543538154,NA,0,NA,NA,NA,NA,NA,NA,NA,NA,NA,NA,NA,NA,NA,NA
DZ,BJ,DZ-BJ,26,2019-12-18,8,31,769.2307692307693,7.849864387178827,NA,0,NA,NA,NA,NA,NA,NA,NA,NA,NA,NA,NA,NA,NA,NA
DZ,BJ,DZ-BJ,26,2020-01-18,9,31,666.6666666666667,7.733050440948875,NA,0,NA,NA,NA,NA,NA,NA,NA,0,NA,NA,NA,NA,NA,NA
DZ,BJ,DZ-BJ,26,2020-02-16,10,29,625,7.668511919811304,0,0,-0.25971176300000764,-0.9191544600000094,NA,NA,0,0,NA,0.047619047619047616,0,0,0,0,NA,NA
DZ,BJ,DZ-BJ,26,2020-03-18,11,31,588.2352941176471,7.6078872979948695,0.12903225806451613,1,-0.15990853300000904,-2.090541572000008,-0.25971176300000764,-0.9191544600000094,9.274193548387096,9.67741935483871,NA,1.335483870967742,16.59,1.5499999999999998,1.6,0,0,0
DZ,BJ,DZ-BJ,26,2020-04-17,12,30,555.5555555555555,7.550728884154921,0.5,1,1.657896004999996,-3.6908663490000198,-0.15990853300000904,-2.090541572000008,75.542,55.678666666666665,NA,-9.06,525.38,80.03,26.5,0.8,1.5499999999999998,0
DZ,BJ,DZ-BJ,26,2020-05-18,13,31,500,7.445368368497094,0.5,1,0.4254319259999927,-4.131021556000024,1.657896004999996,-3.6908663490000198,78.09354838709677,69.54064516129031,NA,-10.858064516129032,1072.01,42.77,244.16,0.8,80.03,0.8
DZ,CA,DZ-CA,27,2019-04-17,1,1,1027.7777777777778,11.263041917156082,NA,0,NA,NA,NA,NA,NA,NA,NA,NA,NA,NA,NA,NA,NA,NA
DZ,CA,DZ-CA,27,2019-05-18,2,31,1027.7777777777778,11.263041917156082,NA,0,NA,NA,NA,NA,NA,NA,NA,NA,NA,NA,NA,NA,NA,NA
DZ,CA,DZ-CA,27,2019-06-17,3,30,1029.4117647058824,11.26463047984122,NA,0,NA,NA,NA,NA,NA,NA,NA,NA,NA,NA,NA,NA,NA,NA
DZ,CA,DZ-CA,27,2019-07-18,4,31,1000,11.235642942967967,NA,0,NA,NA,NA,NA,NA,NA,NA,NA,NA,NA,NA,NA,NA,NA
DZ,CA,DZ-CA,27,2019-08-18,5,31,969.6969696969696,11.204871284301213,NA,0,NA,NA,NA,NA,NA,NA,NA,NA,NA,NA,NA,NA,NA,NA
DZ,CA,DZ-CA,27,2019-10-18,6,61,1093.75,11.325255101657653,NA,0,NA,NA,NA,NA,NA,NA,NA,NA,NA,NA,NA,NA,NA,NA
DZ,CA,DZ-CA,27,2019-11-17,7,30,1100,11.330953122772291,NA,0,NA,NA,NA,NA,NA,NA,NA,NA,NA,NA,NA,NA,NA,NA
DZ,CA,DZ-CA,27,2019-12-18,8,31,1111.111111111111,11.341003458625794,NA,0,NA,NA,NA,NA,NA,NA,NA,NA,NA,NA,NA,NA,NA,NA
DZ,CA,DZ-CA,27,2020-01-18,9,31,1107.142857142857,11.346525930376638,NA,0,NA,NA,NA,NA,NA,NA,NA,0,NA,NA,NA,NA,NA,NA
DZ,CA,DZ-CA,27,2020-02-16,10,29,1111.111111111111,11.350103751724522,0,0,-0.25971176300000764,-2.39680669049098,NA,NA,0,0,NA,0.819047619047619,0,0,2.3600000000000003,0,NA,NA
DZ,CA,DZ-CA,27,2020-03-18,11,31,1023.809523809524,11.268273733476889,0.03225806451612903,1,-0.15990853300000904,-2.296684874739521,-0.25971176300000764,-2.39680669049098,9.274193548387096,8.199032258064516,NA,1.5225806451612902,16.59,1.5499999999999998,285.79,4.99,0,0
DZ,CA,DZ-CA,27,2020-04-17,12,30,1000,11.244743236066695,1,1,1.657896004999996,6.374697466904178,-0.15990853300000904,-2.296684874739521,75.542,70.969,NA,-41.48,525.38,80.03,9192.55,693.76,1.5499999999999998,4.99
DZ,CA,DZ-CA,27,2020-05-18,13,31,1000,11.244743236066695,1,1,0.4254319259999927,12.362079618826794,1.657896004999996,6.374697466904178,78.09354838709677,70.81322580645161,NA,-31.038709677419355,1072.01,42.77,11476.59,1219.16,80.03,693.76
DZ,CI,DZ-CI,28,2019-04-17,1,1,250,8.681124772156908,NA,0,NA,NA,NA,NA,NA,NA,NA,NA,NA,NA,NA,NA,NA,NA
DZ,CI,DZ-CI,28,2019-05-18,2,31,250,8.681124772156908,NA,0,NA,NA,NA,NA,NA,NA,NA,NA,NA,NA,NA,NA,NA,NA
DZ,CI,DZ-CI,28,2019-06-17,3,30,280,8.794453457463911,NA,0,NA,NA,NA,NA,NA,NA,NA,NA,NA,NA,NA,NA,NA,NA
DZ,CI,DZ-CI,28,2019-07-18,4,31,NA,NA,NA,0,NA,NA,NA,NA,NA,NA,NA,NA,NA,NA,NA,NA,NA,NA
DZ,CI,DZ-CI,28,2019-08-18,5,31,250,8.681124772156908,NA,0,NA,NA,NA,NA,NA,NA,NA,NA,NA,NA,NA,NA,NA,NA
DZ,CI,DZ-CI,28,2019-10-18,6,61,360,9.045767885744818,NA,0,NA,NA,NA,NA,NA,NA,NA,NA,NA,NA,NA,NA,NA,NA
DZ,CI,DZ-CI,28,2019-11-17,7,30,339.62264150943395,8.987498977620842,NA,0,NA,NA,NA,NA,NA,NA,NA,NA,NA,NA,NA,NA,NA,NA
DZ,CI,DZ-CI,28,2019-12-18,8,31,333.33333333333337,8.96880684460869,NA,0,NA,NA,NA,NA,NA,NA,NA,NA,NA,NA,NA,NA,NA,NA
DZ,CI,DZ-CI,28,2020-01-18,9,31,333.33333333333337,8.976049073308868,NA,0,NA,NA,NA,NA,NA,NA,NA,0,NA,NA,NA,NA,NA,NA
DZ,CI,DZ-CI,28,2020-02-16,10,29,339.2857142857143,8.99374865040827,0,0,-0.25971176300000764,-0.9186002160000094,NA,NA,0,0,NA,0.3142857142857143,0,0,0,0,NA,NA
DZ,CI,DZ-CI,28,2020-03-18,11,31,339.2857142857143,8.99374865040827,0,1,-0.15990853300000904,-2.0733691080000076,-0.25971176300000764,-0.9186002160000094,9.274193548387096,4.032258064516129,NA,2.9096774193548387,16.59,1.5499999999999998,2.2199999999999998,0,0,0
DZ,CI,DZ-CI,28,2020-04-17,12,30,258.6206896551724,8.722268552532768,0.8666666666666667,1,1.657896004999996,-4.428246182000026,-0.15990853300000904,-2.0733691080000076,75.542,74.44066666666667,NA,-21.573333333333334,525.38,80.03,252.12,2.2199999999999998,1.5499999999999998,0
DZ,CI,DZ-CI,28,2020-05-18,13,31,229.50819672131144,8.602844827418924,1,1,0.4254319259999927,-3.679440321000009,1.657896004999996,-4.428246182000026,78.09354838709677,73.31806451612904,NA,-19.89032258064516,1072.01,42.77,528.9399999999999,8.14,80.03,2.2199999999999998
DZ,DE,DZ-DE,29,2019-04-17,1,1,250,10.473373000311634,NA,0,NA,NA,NA,NA,NA,NA,NA,NA,NA,NA,NA,NA,NA,NA
DZ,DE,DZ-DE,29,2019-05-18,2,31,250,10.473373000311634,NA,0,NA,NA,NA,NA,NA,NA,NA,NA,NA,NA,NA,NA,NA,NA
DZ,DE,DZ-DE,29,2019-06-17,3,30,255.55555555555557,10.49535190703041,NA,0,NA,NA,NA,NA,NA,NA,NA,NA,NA,NA,NA,NA,NA,NA
DZ,DE,DZ-DE,29,2019-07-18,4,31,245.7142857142857,10.456081503201574,NA,0,NA,NA,NA,NA,NA,NA,NA,NA,NA,NA,NA,NA,NA,NA
DZ,DE,DZ-DE,29,2019-08-18,5,31,237.5,10.422079705924084,NA,0,NA,NA,NA,NA,NA,NA,NA,NA,NA,NA,NA,NA,NA,NA
DZ,DE,DZ-DE,29,2019-10-18,6,61,256.6666666666667,10.499690308629008,NA,0,NA,NA,NA,NA,NA,NA,NA,NA,NA,NA,NA,NA,NA,NA
DZ,DE,DZ-DE,29,2019-11-17,7,30,250,10.473373000311634,NA,0,NA,NA,NA,NA,NA,NA,NA,NA,NA,NA,NA,NA,NA,NA
DZ,DE,DZ-DE,29,2019-12-18,8,31,250,10.473373000311634,NA,0,NA,NA,NA,NA,NA,NA,NA,NA,NA,NA,NA,NA,NA,NA
DZ,DE,DZ-DE,29,2020-01-18,9,31,265.2173913043478,10.544740066698393,NA,0,NA,NA,NA,NA,NA,NA,NA,0,NA,NA,NA,NA,NA,NA
DZ,DE,DZ-DE,29,2020-02-16,10,29,263.6363636363636,10.538760975642335,0,0,-0.25971176300000764,-7.367794497499651,NA,NA,0,6.25,NA,0.8857142857142858,0,0,1.92,0,NA,NA
DZ,DE,DZ-DE,29,2020-03-18,11,31,238.09523809523813,10.436860986158955,0.016129032258064516,1,-0.15990853300000904,-10.984256402020506,-0.25971176300000764,-7.367794497499651,9.274193548387096,24.14225806451613,NA,0.8838709677419354,16.59,1.5499999999999998,975.22,1.44,0,0
DZ,DE,DZ-DE,29,2020-04-17,12,30,226.19047619047615,10.385567691771403,1,1,1.657896004999996,5.806642015156264,-0.15990853300000904,-10.984256402020506,75.542,72.10199999999999,NA,-29.986666666666665,525.38,80.03,14973.95,459.6,1.5499999999999998,1.44
DZ,DE,DZ-DE,29,2020-05-18,13,31,223.80952380952385,10.374985582440868,1,1,0.4254319259999927,1.5126255965833602,1.657896004999996,5.806642015156264,78.09354838709677,67.71096774193548,NA,-15.95483870967742,1072.01,42.77,4870.87,484.75,80.03,459.6
DZ,EG,DZ-EG,30,2019-04-17,1,1,1272.7272727272727,8.664322923472229,NA,0,NA,NA,NA,NA,NA,NA,NA,NA,NA,NA,NA,NA,NA,NA
DZ,EG,DZ-EG,30,2019-05-18,2,31,1272.7272727272727,8.664322923472229,NA,0,NA,NA,NA,NA,NA,NA,NA,NA,NA,NA,NA,NA,NA,NA
DZ,EG,DZ-EG,30,2019-06-17,3,30,1250,8.64630441796955,NA,0,NA,NA,NA,NA,NA,NA,NA,NA,NA,NA,NA,NA,NA,NA
DZ,EG,DZ-EG,30,2019-07-18,4,31,NA,NA,NA,0,NA,NA,NA,NA,NA,NA,NA,NA,NA,NA,NA,NA,NA,NA
DZ,EG,DZ-EG,30,2019-08-18,5,31,1166.6666666666667,8.577311546482598,NA,0,NA,NA,NA,NA,NA,NA,NA,NA,NA,NA,NA,NA,NA,NA
DZ,EG,DZ-EG,30,2019-10-18,6,61,1250,8.64630441796955,NA,0,NA,NA,NA,NA,NA,NA,NA,NA,NA,NA,NA,NA,NA,NA
DZ,EG,DZ-EG,30,2019-11-17,7,30,1272.7272727272727,8.664322923472229,NA,0,NA,NA,NA,NA,NA,NA,NA,NA,NA,NA,NA,NA,NA,NA
DZ,EG,DZ-EG,30,2019-12-18,8,31,1181.8181818181818,8.590214951318506,NA,0,NA,NA,NA,NA,NA,NA,NA,NA,NA,NA,NA,NA,NA,NA
DZ,EG,DZ-EG,30,2020-01-18,9,31,1272.7272727272727,8.71717146974826,NA,0,NA,NA,NA,NA,NA,NA,NA,0,NA,NA,NA,NA,NA,NA
DZ,EG,DZ-EG,30,2020-02-16,10,29,1363.6363636363635,8.786164341235212,0,0,-0.25971176300000764,0.2850492140671087,NA,NA,0,0,NA,0.5619047619047619,0,0,0.1,0,NA,NA
DZ,EG,DZ-EG,30,2020-03-18,11,31,1230.7692307692307,8.683648777709616,0,1,-0.15990853300000904,2.3774626470532505,-0.25971176300000764,0.2850492140671087,9.274193548387096,2.419032258064516,NA,-0.8322580645161292,16.59,1.5499999999999998,18.72,0.5800000000000001,0,0
DZ,EG,DZ-EG,30,2020-04-17,12,30,1153.8461538461538,8.619110256572045,1,1,1.657896004999996,1.0601522401633328,-0.15990853300000904,2.3774626470532505,75.542,72.08133333333333,NA,-40.29333333333334,525.38,80.03,253.98999999999998,19.11,1.5499999999999998,0.5800000000000001
DZ,EG,DZ-EG,30,2020-05-18,13,31,1076.923076923077,8.550117385085093,1,1,0.4254319259999927,7.266435707409011,1.657896004999996,1.0601522401633328,78.09354838709677,82.29,NA,-35.58064516129032,1072.01,42.77,951.48,42.21,80.03,19.11
DZ,ES,DZ-ES,31,2019-04-17,1,1,586.2068965517242,10.50787823091691,NA,0,NA,NA,NA,NA,NA,NA,NA,NA,NA,NA,NA,NA,NA,NA
DZ,ES,DZ-ES,31,2019-05-18,2,31,586.2068965517242,10.50787823091691,NA,0,NA,NA,NA,NA,NA,NA,NA,NA,NA,NA,NA,NA,NA,NA
DZ,ES,DZ-ES,31,2019-06-17,3,30,592.5925925925926,10.518712573082622,NA,0,NA,NA,NA,NA,NA,NA,NA,NA,NA,NA,NA,NA,NA,NA
DZ,ES,DZ-ES,31,2019-07-18,4,31,555.5555555555555,10.45417405194505,NA,0,NA,NA,NA,NA,NA,NA,NA,NA,NA,NA,NA,NA,NA,NA
DZ,ES,DZ-ES,31,2019-08-18,5,31,560,10.462142221594227,NA,0,NA,NA,NA,NA,NA,NA,NA,NA,NA,NA,NA,NA,NA,NA
DZ,ES,DZ-ES,31,2019-10-18,6,61,666.6666666666667,10.636495608739004,NA,0,NA,NA,NA,NA,NA,NA,NA,NA,NA,NA,NA,NA,NA,NA
DZ,ES,DZ-ES,31,2019-11-17,7,30,652.1739130434783,10.614516702020229,NA,0,NA,NA,NA,NA,NA,NA,NA,NA,NA,NA,NA,NA,NA,NA
DZ,ES,DZ-ES,31,2019-12-18,8,31,650,10.611177800754716,NA,0,NA,NA,NA,NA,NA,NA,NA,NA,NA,NA,NA,NA,NA,NA
DZ,ES,DZ-ES,31,2020-01-18,9,31,700,10.749871932426904,NA,0,NA,NA,NA,NA,NA,NA,NA,0,NA,NA,NA,NA,NA,NA
DZ,ES,DZ-ES,31,2020-02-16,10,29,684.2105263157895,10.727057254660732,0,0,-0.25971176300000764,-3.7313524404212677,NA,NA,0,7.327586206896552,NA,0.5428571428571429,0,0,0.42,0,NA,NA
DZ,ES,DZ-ES,31,2020-03-18,11,31,531.25,10.474024317622126,0,1,-0.15990853300000904,1.450599322967469,-0.25971176300000764,-3.7313524404212677,9.274193548387096,25.68935483870968,NA,-6.793548387096774,16.59,1.5499999999999998,2975.28,133.26,0,0
DZ,ES,DZ-ES,31,2020-04-17,12,30,500,10.41339969580569,0.8333333333333334,1,1.657896004999996,85.67832603368574,-0.15990853300000904,1.450599322967469,75.542,77.79333333333334,NA,-76.07333333333334,525.38,80.03,37849.67,4145.65,1.5499999999999998,133.26
DZ,ES,DZ-ES,31,2020-05-18,13,31,516.1290322580645,10.44514839412027,1,1,0.4254319259999927,13.978452558182163,1.657896004999996,85.67832603368574,78.09354838709677,81.56806451612903,NA,-60.825806451612905,1072.01,42.77,10867.61,1648.72,80.03,4145.65
DZ,FR,DZ-FR,32,2019-04-17,1,1,10000,13.590960047800092,NA,0,NA,NA,NA,NA,NA,NA,NA,NA,NA,NA,NA,NA,NA,NA
DZ,FR,DZ-FR,32,2019-05-18,2,31,10000,13.590960047800092,NA,0,NA,NA,NA,NA,NA,NA,NA,NA,NA,NA,NA,NA,NA,NA
DZ,FR,DZ-FR,32,2019-06-17,3,30,10000,13.590960047800092,NA,0,NA,NA,NA,NA,NA,NA,NA,NA,NA,NA,NA,NA,NA,NA
DZ,FR,DZ-FR,32,2019-07-18,4,31,9696.969696969696,13.560188389133337,NA,0,NA,NA,NA,NA,NA,NA,NA,NA,NA,NA,NA,NA,NA,NA
DZ,FR,DZ-FR,32,2019-08-18,5,31,9000,13.485599532142265,NA,0,NA,NA,NA,NA,NA,NA,NA,NA,NA,NA,NA,NA,NA,NA
DZ,FR,DZ-FR,32,2019-10-18,6,61,10344.827586206897,13.624861599475771,NA,0,NA,NA,NA,NA,NA,NA,NA,NA,NA,NA,NA,NA,NA,NA
DZ,FR,DZ-FR,32,2019-11-17,7,30,10370.37037037037,13.627327691970965,NA,0,NA,NA,NA,NA,NA,NA,NA,NA,NA,NA,NA,NA,NA,NA
DZ,FR,DZ-FR,32,2019-12-18,8,31,10416.666666666668,13.631782042320346,NA,0,NA,NA,NA,NA,NA,NA,NA,NA,NA,NA,NA,NA,NA,NA
DZ,FR,DZ-FR,32,2020-01-18,9,31,10416.666666666668,13.64231201010561,NA,0,NA,NA,NA,NA,NA,NA,NA,0,NA,NA,NA,NA,NA,NA
DZ,FR,DZ-FR,32,2020-02-16,10,29,10434.782608695652,13.64404963000415,0,0,-0.25971176300000764,-6.100648022956907,NA,NA,0,2.5820689655172413,NA,0.5047619047619047,0,0,1.79,0.15,NA,NA
DZ,FR,DZ-FR,32,2020-03-18,11,31,9500,13.550196721197803,0,1,-0.15990853300000904,-3.3571007839634004,-0.25971176300000764,-6.100648022956907,9.274193548387096,33.81741935483871,NA,-4.516129032258064,16.59,1.5499999999999998,1351.04,21.95,0,0.15
DZ,FR,DZ-FR,32,2020-04-17,12,30,9487.179487179486,13.548846282099932,0.9666666666666667,1,1.657896004999996,31.781303991662657,-0.15990853300000904,-3.3571007839634004,75.542,89.58,NA,-68.99333333333333,525.38,80.03,23498.55,2746.14,1.5499999999999998,21.95
DZ,FR,DZ-FR,32,2020-05-18,13,31,9230.76923076923,13.521447307911817,1,1,0.4254319259999927,4.481575407596624,1.657896004999996,31.781303991662657,78.09354838709677,86.3541935483871,NA,-54.806451612903224,1072.01,42.77,5673.07,1420.62,80.03,2746.14
DZ,GA,DZ-GA,33,2019-04-17,1,1,714.2857142857142,7.782297188065579,NA,0,NA,NA,NA,NA,NA,NA,NA,NA,NA,NA,NA,NA,NA,NA
DZ,GA,DZ-GA,33,2019-05-18,2,31,714.2857142857142,7.782297188065579,NA,0,NA,NA,NA,NA,NA,NA,NA,NA,NA,NA,NA,NA,NA,NA
DZ,GA,DZ-GA,33,2019-06-17,3,30,666.6666666666667,7.713304316578628,NA,0,NA,NA,NA,NA,NA,NA,NA,NA,NA,NA,NA,NA,NA,NA
DZ,GA,DZ-GA,33,2019-07-18,4,31,NA,NA,NA,0,NA,NA,NA,NA,NA,NA,NA,NA,NA,NA,NA,NA,NA,NA
DZ,GA,DZ-GA,33,2019-08-18,5,31,666.6666666666667,7.713304316578628,NA,0,NA,NA,NA,NA,NA,NA,NA,NA,NA,NA,NA,NA,NA,NA
DZ,GA,DZ-GA,33,2019-10-18,6,61,666.6666666666667,7.713304316578628,NA,0,NA,NA,NA,NA,NA,NA,NA,NA,NA,NA,NA,NA,NA,NA
DZ,GA,DZ-GA,33,2019-11-17,7,30,666.6666666666667,7.713304316578628,NA,0,NA,NA,NA,NA,NA,NA,NA,NA,NA,NA,NA,NA,NA,NA
DZ,GA,DZ-GA,33,2019-12-18,8,31,769.2307692307693,7.856405160219301,NA,0,NA,NA,NA,NA,NA,NA,NA,NA,NA,NA,NA,NA,NA,NA
DZ,GA,DZ-GA,33,2020-01-18,9,31,666.6666666666667,7.7294214555361425,NA,0,NA,NA,NA,NA,NA,NA,NA,0,NA,NA,NA,NA,NA,NA
DZ,GA,DZ-GA,33,2020-02-16,10,29,666.6666666666667,7.7294214555361425,0,0,-0.25971176300000764,0.3083846649999922,NA,NA,0,5.603448275862069,NA,-0.13333333333333333,0,0,0,0,NA,NA
DZ,GA,DZ-GA,33,2020-03-18,11,31,666.6666666666667,7.7294214555361425,0,1,-0.15990853300000904,-0.4672778570000087,-0.25971176300000764,0.3083846649999922,9.274193548387096,11.692580645161291,NA,-3.903225806451613,16.59,1.5499999999999998,4.39,0,0,0
DZ,GA,DZ-GA,33,2020-04-17,12,30,625,7.664882934398571,0,1,1.657896004999996,-2.4139460400000066,-0.15990853300000904,-0.4672778570000087,75.542,68.301,NA,-30.606666666666666,525.38,80.03,469.54,4.39,1.5499999999999998,0
DZ,GA,DZ-GA,33,2020-05-18,13,31,625,7.664882934398571,0,1,0.4254319259999927,-1.2883015540000102,1.657896004999996,-2.4139460400000066,78.09354838709677,78.42645161290322,NA,-31.07741935483871,1072.01,42.77,5809.99,43.9,80.03,4.39
DZ,GB,DZ-GB,34,2019-04-17,1,1,378.3783783783784,10.424869912151191,NA,0,NA,NA,NA,NA,NA,NA,NA,NA,NA,NA,NA,NA,NA,NA
DZ,GB,DZ-GB,34,2019-05-18,2,31,378.3783783783784,10.424869912151191,NA,0,NA,NA,NA,NA,NA,NA,NA,NA,NA,NA,NA,NA,NA,NA
DZ,GB,DZ-GB,34,2019-06-17,3,30,382.3529411764706,10.435319328025532,NA,0,NA,NA,NA,NA,NA,NA,NA,NA,NA,NA,NA,NA,NA,NA
DZ,GB,DZ-GB,34,2019-07-18,4,31,375,10.415901242168431,NA,0,NA,NA,NA,NA,NA,NA,NA,NA,NA,NA,NA,NA,NA,NA
DZ,GB,DZ-GB,34,2019-08-18,5,31,333.33333333333337,10.298118206512047,NA,0,NA,NA,NA,NA,NA,NA,NA,NA,NA,NA,NA,NA,NA,NA
DZ,GB,DZ-GB,34,2019-10-18,6,61,379.3103448275862,10.427329937992052,NA,0,NA,NA,NA,NA,NA,NA,NA,NA,NA,NA,NA,NA,NA,NA
DZ,GB,DZ-GB,34,2019-11-17,7,30,384.61538461538464,10.44121905015272,NA,0,NA,NA,NA,NA,NA,NA,NA,NA,NA,NA,NA,NA,NA,NA
DZ,GB,DZ-GB,34,2019-12-18,8,31,382.60869565217394,10.435988000735168,NA,0,NA,NA,NA,NA,NA,NA,NA,NA,NA,NA,NA,NA,NA,NA
DZ,GB,DZ-GB,34,2020-01-18,9,31,395.6521739130435,10.469510692773811,NA,0,NA,NA,NA,NA,NA,NA,NA,0,NA,NA,NA,NA,NA,NA
DZ,GB,DZ-GB,34,2020-02-16,10,29,395.45454545454544,10.469011067482379,0,0,-0.25971176300000764,-5.585529643474672,NA,NA,0,9.483103448275862,NA,-1.1523809523809523,0,0,2.6599999999999997,0,NA,NA
DZ,GB,DZ-GB,34,2020-03-18,11,31,355.5555555555556,10.362656727649618,0,1,-0.15990853300000904,-3.277014686264463,-0.25971176300000764,-5.585529643474672,9.274193548387096,14.045483870967741,NA,0.16129032258064516,16.59,1.5499999999999998,796.55,17.02,0,0
DZ,GB,DZ-GB,34,2020-04-17,12,30,340.9090909090909,10.320591062364105,0,1,1.657896004999996,37.84531918474078,-0.15990853300000904,-3.277014686264463,75.542,84.25066666666666,NA,-48.513333333333335,525.38,80.03,16379.37,2469.7999999999997,1.5499999999999998,17.02
DZ,GB,DZ-GB,34,2020-05-18,13,31,348.83720930232556,10.343580580588805,0,1,0.4254319259999927,48.87929599668614,1.657896004999996,37.84531918474078,78.09354838709677,87.63225806451612,NA,-45.65806451612903,1072.01,42.77,16989.56,2499.32,80.03,2469.7999999999997
DZ,GM,DZ-GM,35,2019-04-17,1,1,1250,7.716999509248101,NA,0,NA,NA,NA,NA,NA,NA,NA,NA,NA,NA,NA,NA,NA,NA
DZ,GM,DZ-GM,35,2019-05-18,2,31,1250,7.716999509248101,NA,0,NA,NA,NA,NA,NA,NA,NA,NA,NA,NA,NA,NA,NA,NA
DZ,GM,DZ-GM,35,2019-06-17,3,30,1265.8227848101264,7.729578291454961,NA,0,NA,NA,NA,NA,NA,NA,NA,NA,NA,NA,NA,NA,NA,NA
DZ,GM,DZ-GM,35,2019-07-18,4,31,1282.051282051282,7.7423173172323905,NA,0,NA,NA,NA,NA,NA,NA,NA,NA,NA,NA,NA,NA,NA,NA
DZ,GM,DZ-GM,35,2019-08-18,5,31,1250,7.716999509248101,NA,0,NA,NA,NA,NA,NA,NA,NA,NA,NA,NA,NA,NA,NA,NA
DZ,GM,DZ-GM,35,2019-10-18,6,61,1176.470588235294,7.6563748874316655,NA,0,NA,NA,NA,NA,NA,NA,NA,NA,NA,NA,NA,NA,NA,NA
DZ,GM,DZ-GM,35,2019-11-17,7,30,1204.819277108434,7.680185536125385,NA,0,NA,NA,NA,NA,NA,NA,NA,NA,NA,NA,NA,NA,NA,NA
DZ,GM,DZ-GM,35,2019-12-18,8,31,1515.1515151515152,7.909371401895557,NA,0,NA,NA,NA,NA,NA,NA,NA,NA,NA,NA,NA,NA,NA,NA
DZ,GM,DZ-GM,35,2020-01-18,9,31,1190.4761904761904,7.68250110821687,NA,0,NA,NA,NA,NA,NA,NA,NA,NA,NA,NA,NA,NA,NA,NA
DZ,GM,DZ-GM,35,2020-02-16,10,29,1162.7906976744189,7.658970610806676,0,0,-0.25971176300000764,0.5316599859999913,NA,NA,0,2.1551724137931036,NA,NA,0,0,0,0,NA,NA
DZ,GM,DZ-GM,35,2020-03-18,11,31,1111.111111111111,7.613508236729919,0,1,-0.15990853300000904,-0.5200771330000095,-0.25971176300000764,0.5316599859999913,9.274193548387096,11.727096774193548,NA,NA,16.59,1.5499999999999998,4.0200000000000005,0,0,0
DZ,GM,DZ-GM,35,2020-04-17,12,30,1000,7.508147721072093,0,1,1.657896004999996,-1.9474679680000064,-0.15990853300000904,-0.5200771330000095,75.542,69.37333333333333,NA,NA,525.38,80.03,32.17,4.0200000000000005,1.5499999999999998,0
DZ,GM,DZ-GM,35,2020-05-18,13,31,1010.1010101010102,7.518198056925594,0.8709677419354839,1,0.4254319259999927,-0.7011654790000086,1.657896004999996,-1.9474679680000064,78.09354838709677,76.00645161290323,NA,NA,1072.01,42.77,60.31,0,80.03,4.0200000000000005
DZ,GN,DZ-GN,36,2019-04-17,1,1,833.3333333333334,6.723008978871888,NA,0,NA,NA,NA,NA,NA,NA,NA,NA,NA,NA,NA,NA,NA,NA
DZ,GN,DZ-GN,36,2019-05-18,2,31,833.3333333333334,6.723008978871888,NA,0,NA,NA,NA,NA,NA,NA,NA,NA,NA,NA,NA,NA,NA,NA
DZ,GN,DZ-GN,36,2019-06-17,3,30,833.3333333333334,6.723008978871888,NA,0,NA,NA,NA,NA,NA,NA,NA,NA,NA,NA,NA,NA,NA,NA
DZ,GN,DZ-GN,36,2019-07-18,4,31,833.3333333333334,6.723008978871888,NA,0,NA,NA,NA,NA,NA,NA,NA,NA,NA,NA,NA,NA,NA,NA
DZ,GN,DZ-GN,36,2019-08-18,5,31,769.2307692307693,6.642966271198351,NA,0,NA,NA,NA,NA,NA,NA,NA,NA,NA,NA,NA,NA,NA,NA
DZ,GN,DZ-GN,36,2019-10-18,6,61,769.2307692307693,6.642966271198351,NA,0,NA,NA,NA,NA,NA,NA,NA,NA,NA,NA,NA,NA,NA,NA
DZ,GN,DZ-GN,36,2019-11-17,7,30,769.2307692307693,6.642966271198351,NA,0,NA,NA,NA,NA,NA,NA,NA,NA,NA,NA,NA,NA,NA,NA
DZ,GN,DZ-GN,36,2019-12-18,8,31,833.3333333333334,6.723008978871888,NA,0,NA,NA,NA,NA,NA,NA,NA,NA,NA,NA,NA,NA,NA,NA
DZ,GN,DZ-GN,36,2020-01-18,9,31,714.2857142857142,6.61013379345163,NA,0,NA,NA,NA,NA,NA,NA,NA,NA,NA,NA,NA,NA,NA,NA
DZ,GN,DZ-GN,36,2020-02-16,10,29,714.2857142857142,6.61013379345163,0,0,-0.25971176300000764,0.2922171439999935,NA,NA,0,8.620689655172415,NA,NA,0,0,0,0,NA,NA
DZ,GN,DZ-GN,36,2020-03-18,11,31,666.6666666666667,6.541140921964679,0,1,-0.15990853300000904,-0.0568776500000086,-0.25971176300000764,0.2922171439999935,9.274193548387096,12.5,NA,NA,16.59,1.5499999999999998,0.74,0,0,0
DZ,GN,DZ-GN,36,2020-04-17,12,30,588.2352941176471,6.415977779010673,0.8666666666666667,1,1.657896004999996,-0.8939751220000102,-0.15990853300000904,-0.0568776500000086,75.542,59.513000000000005,NA,NA,525.38,80.03,352.67,2.2199999999999998,1.5499999999999998,0
DZ,GN,DZ-GN,36,2020-05-18,13,31,625,6.476602400827108,1,1,0.4254319259999927,0.5275490909999868,1.657896004999996,-0.8939751220000102,78.09354838709677,76.04,NA,NA,1072.01,42.77,1718.1399999999999,9.620000000000001,80.03,2.2199999999999998
DZ,IT,DZ-IT,37,2019-04-17,1,1,248.14814814814815,9.584585929114642,NA,0,NA,NA,NA,NA,NA,NA,NA,NA,NA,NA,NA,NA,NA,NA
DZ,IT,DZ-IT,37,2019-05-18,2,31,248.14814814814815,9.584585929114642,NA,0,NA,NA,NA,NA,NA,NA,NA,NA,NA,NA,NA,NA,NA,NA
DZ,IT,DZ-IT,37,2019-06-17,3,30,246.15384615384616,9.576516721066193,NA,0,NA,NA,NA,NA,NA,NA,NA,NA,NA,NA,NA,NA,NA,NA
DZ,IT,DZ-IT,37,2019-07-18,4,31,244,9.567728215033114,NA,0,NA,NA,NA,NA,NA,NA,NA,NA,NA,NA,NA,NA,NA,NA
DZ,IT,DZ-IT,37,2019-08-18,5,31,221.7391304347826,9.47206159252318,NA,0,NA,NA,NA,NA,NA,NA,NA,NA,NA,NA,NA,NA,NA,NA
DZ,IT,DZ-IT,37,2019-10-18,6,61,259.09090909090907,9.627738990204238,NA,0,NA,NA,NA,NA,NA,NA,NA,NA,NA,NA,NA,NA,NA,NA
DZ,IT,DZ-IT,37,2019-11-17,7,30,278.9473684210526,9.701583110113685,NA,0,NA,NA,NA,NA,NA,NA,NA,NA,NA,NA,NA,NA,NA,NA
DZ,IT,DZ-IT,37,2019-12-18,8,31,258.82352941176475,9.626706465590049,NA,0,NA,NA,NA,NA,NA,NA,NA,NA,NA,NA,NA,NA,NA,NA
DZ,IT,DZ-IT,37,2020-01-18,9,31,281.25,9.725117373452841,NA,0,NA,NA,NA,NA,NA,NA,NA,0,NA,NA,NA,NA,NA,NA
DZ,IT,DZ-IT,37,2020-02-16,10,29,286.6666666666667,9.744193520513655,0,0,-0.25971176300000764,-5.630728793373783,NA,NA,0,7.327586206896552,NA,0.8476190476190476,0,0,0.5,0,NA,NA
DZ,IT,DZ-IT,37,2020-03-18,11,31,248.38709677419357,9.60086182329084,0.2903225806451613,1,-0.15990853300000904,15.495833604066082,-0.25971176300000764,-5.630728793373783,9.274193548387096,62.53290322580645,NA,-20.53548387096774,16.59,1.5499999999999998,5915.46,493.32,0,0
DZ,IT,DZ-IT,37,2020-04-17,12,30,243.33333333333337,9.580305665408538,1,1,1.657896004999996,57.76658851822467,-0.15990853300000904,15.495833604066082,75.542,88.74966666666666,NA,-72.58666666666667,525.38,80.03,22648.13,3274.4300000000003,1.5499999999999998,493.32
DZ,IT,DZ-IT,37,2020-05-18,13,31,236.66666666666663,9.552526101301462,1,1,0.4254319259999927,12.675393152902307,1.657896004999996,57.76658851822467,78.09354838709677,85.75129032258064,NA,-56.54838709677419,1072.01,42.77,8854.46,1534.26,80.03,3274.4300000000003
DZ,MA,DZ-MA,38,2019-04-17,1,1,4588.235294117647,8.258531534668395,NA,0,NA,NA,NA,NA,NA,NA,NA,NA,NA,NA,NA,NA,NA,NA
DZ,MA,DZ-MA,38,2019-05-18,2,31,4588.235294117647,8.258531534668395,NA,0,NA,NA,NA,NA,NA,NA,NA,NA,NA,NA,NA,NA,NA,NA
DZ,MA,DZ-MA,38,2019-06-17,3,30,4941.176470588235,8.332639506822117,NA,0,NA,NA,NA,NA,NA,NA,NA,NA,NA,NA,NA,NA,NA,NA
DZ,MA,DZ-MA,38,2019-07-18,4,31,4705.882352941177,8.283849342652685,NA,0,NA,NA,NA,NA,NA,NA,NA,NA,NA,NA,NA,NA,NA,NA
DZ,MA,DZ-MA,38,2019-08-18,5,31,NA,NA,NA,0,NA,NA,NA,NA,NA,NA,NA,NA,NA,NA,NA,NA,NA,NA
DZ,MA,DZ-MA,38,2019-10-18,6,61,5465.116279069768,8.433421450485616,NA,0,NA,NA,NA,NA,NA,NA,NA,NA,NA,NA,NA,NA,NA,NA
DZ,MA,DZ-MA,38,2019-11-17,7,30,5555.555555555556,8.449834480126945,NA,0,NA,NA,NA,NA,NA,NA,NA,NA,NA,NA,NA,NA,NA,NA
DZ,MA,DZ-MA,38,2019-12-18,8,31,5428.571428571428,8.426712062706091,NA,0,NA,NA,NA,NA,NA,NA,NA,NA,NA,NA,NA,NA,NA,NA
DZ,MA,DZ-MA,38,2020-01-18,9,31,5844.155844155844,8.538852707990912,NA,0,NA,NA,NA,NA,NA,NA,NA,0,NA,NA,NA,NA,NA,NA
DZ,MA,DZ-MA,38,2020-02-16,10,29,5714.285714285714,8.516379852138854,0,0,-0.25971176300000764,-0.05444071200000768,NA,NA,0,0,NA,-0.01904761904761905,0,0,0,0,NA,NA
DZ,MA,DZ-MA,38,2020-03-18,11,31,5384.615384615385,8.456956431668054,0,1,-0.15990853300000904,0.6620788799999926,-0.25971176300000764,-0.05444071200000768,9.274193548387096,10.180645161290322,NA,-2.535483870967742,16.59,1.5499999999999998,13.15,0.54,0,0
DZ,MA,DZ-MA,38,2020-04-17,12,30,4639.1752577319585,8.307947151341214,0.6,1,1.657896004999996,1.4841159270000017,-0.15990853300000904,0.6620788799999926,75.542,90.86866666666666,NA,-67.74666666666667,525.38,80.03,673.4599999999999,35.620000000000005,1.5499999999999998,0.54
DZ,MA,DZ-MA,38,2020-05-18,13,31,4329.896907216495,8.238954279854262,1,1,0.4254319259999927,1.3949158309999907,1.657896004999996,1.4841159270000017,78.09354838709677,92.71,NA,-65.34193548387097,1072.01,42.77,1175.02,15.31,80.03,35.620000000000005
DZ,ML,DZ-ML,39,2019-04-17,1,1,1000,8.326798693191401,NA,0,NA,NA,NA,NA,NA,NA,NA,NA,NA,NA,NA,NA,NA,NA
DZ,ML,DZ-ML,39,2019-05-18,2,31,1000,8.326798693191401,NA,0,NA,NA,NA,NA,NA,NA,NA,NA,NA,NA,NA,NA,NA,NA
DZ,ML,DZ-ML,39,2019-06-17,3,30,1058.8235294117646,8.38395710703135,NA,0,NA,NA,NA,NA,NA,NA,NA,NA,NA,NA,NA,NA,NA,NA
DZ,ML,DZ-ML,39,2019-07-18,4,31,1062.5,8.387423315007837,NA,0,NA,NA,NA,NA,NA,NA,NA,NA,NA,NA,NA,NA,NA,NA
DZ,ML,DZ-ML,39,2019-08-18,5,31,1000,8.326798693191401,NA,0,NA,NA,NA,NA,NA,NA,NA,NA,NA,NA,NA,NA,NA,NA
DZ,ML,DZ-ML,39,2019-10-18,6,61,1222.2222222222224,8.527469388653552,NA,0,NA,NA,NA,NA,NA,NA,NA,NA,NA,NA,NA,NA,NA,NA
DZ,ML,DZ-ML,39,2019-11-17,7,30,1263.157894736842,8.560413544372906,NA,0,NA,NA,NA,NA,NA,NA,NA,NA,NA,NA,NA,NA,NA,NA
DZ,ML,DZ-ML,39,2019-12-18,8,31,1266.6666666666667,8.563187471255631,NA,0,NA,NA,NA,NA,NA,NA,NA,NA,NA,NA,NA,NA,NA,NA
DZ,ML,DZ-ML,39,2020-01-18,9,31,1368.421052631579,8.67705377150268,NA,0,NA,NA,NA,NA,NA,NA,NA,0,NA,NA,NA,NA,NA,NA
DZ,ML,DZ-ML,39,2020-02-16,10,29,1350,8.663500805097977,0,0,-0.25971176300000764,-0.8927444880000072,NA,NA,0,0,NA,0.028571428571428574,0,0,0,0,NA,NA
DZ,ML,DZ-ML,39,2020-03-18,11,31,1400,8.69986844926885,0,1,-0.15990853300000904,-1.4036667590000127,-0.25971176300000764,-0.8927444880000072,9.274193548387096,0.4032258064516129,NA,1.3290322580645162,16.59,1.5499999999999998,0,0,0,0
DZ,ML,DZ-ML,39,2020-04-17,12,30,1000,8.363396212647638,0,1,1.657896004999996,0.09214125399998711,-0.15990853300000904,-1.4036667590000127,75.542,62.504,NA,-14.346666666666668,525.38,80.03,82.02,6.24,1.5499999999999998,0
DZ,ML,DZ-ML,39,2020-05-18,13,31,916.6666666666666,8.276384835658009,0.8387096774193549,1,0.4254319259999927,0.25461424899999074,1.657896004999996,0.09214125399998711,78.09354838709677,64.01225806451613,NA,-17.93548387096774,1072.01,42.77,337.09,18.72,80.03,6.24
DZ,MR,DZ-MR,40,2019-04-17,1,1,1304.3478260869565,7.352600540860158,NA,0,NA,NA,NA,NA,NA,NA,NA,NA,NA,NA,NA,NA,NA,NA
DZ,MR,DZ-MR,40,2019-05-18,2,31,1304.3478260869565,7.352600540860158,NA,0,NA,NA,NA,NA,NA,NA,NA,NA,NA,NA,NA,NA,NA,NA
DZ,MR,DZ-MR,40,2019-06-17,3,30,1739.1304347826087,7.640282613311939,NA,0,NA,NA,NA,NA,NA,NA,NA,NA,NA,NA,NA,NA,NA,NA
DZ,MR,DZ-MR,40,2019-07-18,4,31,1702.1276595744682,7.618776408090976,NA,0,NA,NA,NA,NA,NA,NA,NA,NA,NA,NA,NA,NA,NA,NA
DZ,MR,DZ-MR,40,2019-08-18,5,31,2020.2020202020203,7.790094891540599,NA,0,NA,NA,NA,NA,NA,NA,NA,NA,NA,NA,NA,NA,NA,NA
DZ,MR,DZ-MR,40,2019-10-18,6,61,2500,8.003188107001307,NA,0,NA,NA,NA,NA,NA,NA,NA,NA,NA,NA,NA,NA,NA,NA
DZ,MR,DZ-MR,40,2019-11-17,7,30,2900,8.15160811211958,NA,0,NA,NA,NA,NA,NA,NA,NA,NA,NA,NA,NA,NA,NA,NA
DZ,MR,DZ-MR,40,2019-12-18,8,31,2738.095238095238,8.094159885207034,NA,0,NA,NA,NA,NA,NA,NA,NA,NA,NA,NA,NA,NA,NA,NA
DZ,MR,DZ-MR,40,2020-01-18,9,31,3200,8.302280447888243,NA,0,NA,NA,NA,NA,NA,NA,NA,NA,NA,NA,NA,NA,NA,NA
DZ,MR,DZ-MR,40,2020-02-16,10,29,3200,8.302280447888243,0,0,-0.25971176300000764,0.3371861369999939,NA,NA,0,0,NA,NA,0,0,0,0,NA,NA
DZ,MR,DZ-MR,40,2020-03-18,11,31,3200,8.302280447888243,0,1,-0.15990853300000904,-0.05986915600000909,-0.25971176300000764,0.3371861369999939,9.274193548387096,3.629032258064516,NA,NA,16.59,1.5499999999999998,2.09,0,0,0
DZ,MR,DZ-MR,40,2020-04-17,12,30,2416.6666666666665,8.021518818281036,0.7666666666666667,1,1.657896004999996,-1.1127391570000085,-0.15990853300000904,-0.05986915600000909,75.542,69.72133333333333,NA,NA,525.38,80.03,12.549999999999999,2.09,1.5499999999999998,0
DZ,MR,DZ-MR,40,2020-05-18,13,31,2416.6666666666665,8.021518818281036,1,1,0.4254319259999927,-0.4618017970000102,1.657896004999996,-1.1127391570000085,78.09354838709677,75,NA,NA,1072.01,42.77,154.97,6.27,80.03,2.09
DZ,NL,DZ-NL,41,2019-04-17,1,1,177.7777777777778,8.257547191256478,NA,0,NA,NA,NA,NA,NA,NA,NA,NA,NA,NA,NA,NA,NA,NA
DZ,NL,DZ-NL,41,2019-05-18,2,31,177.7777777777778,8.257547191256478,NA,0,NA,NA,NA,NA,NA,NA,NA,NA,NA,NA,NA,NA,NA,NA
DZ,NL,DZ-NL,41,2019-06-17,3,30,170.73170731707316,8.217106221697966,NA,0,NA,NA,NA,NA,NA,NA,NA,NA,NA,NA,NA,NA,NA,NA
DZ,NL,DZ-NL,41,2019-07-18,4,31,164.5569620253165,8.180269644341477,NA,0,NA,NA,NA,NA,NA,NA,NA,NA,NA,NA,NA,NA,NA,NA
DZ,NL,DZ-NL,41,2019-08-18,5,31,166.66666666666669,8.193008670118907,NA,0,NA,NA,NA,NA,NA,NA,NA,NA,NA,NA,NA,NA,NA,NA
DZ,NL,DZ-NL,41,2019-10-18,6,61,183.09859154929575,8.287037619767183,NA,0,NA,NA,NA,NA,NA,NA,NA,NA,NA,NA,NA,NA,NA,NA
DZ,NL,DZ-NL,41,2019-11-17,7,30,190.47619047619048,8.32654006274343,NA,0,NA,NA,NA,NA,NA,NA,NA,NA,NA,NA,NA,NA,NA,NA
DZ,NL,DZ-NL,41,2019-12-18,8,31,181.8181818181818,8.280020047108536,NA,0,NA,NA,NA,NA,NA,NA,NA,NA,NA,NA,NA,NA,NA,NA
DZ,NL,DZ-NL,41,2020-01-18,9,31,200,8.421975842580515,NA,0,NA,NA,NA,NA,NA,NA,NA,0,NA,NA,NA,NA,NA,NA
DZ,NL,DZ-NL,41,2020-02-16,10,29,192.30769230769232,8.382755129427233,0,0,-0.25971176300000764,-5.932785653784101,NA,NA,0,0,NA,-0.3904761904761905,0,0,0,0,NA,NA
DZ,NL,DZ-NL,41,2020-03-18,11,31,160,8.198832291266305,0,1,-0.15990853300000904,-5.642131647497945,-0.25971176300000764,-5.932785653784101,9.274193548387096,17.07032258064516,NA,-1.8580645161290323,16.59,1.5499999999999998,1432.47,33.75,0,0
DZ,NL,DZ-NL,41,2020-04-17,12,30,151.5151515151515,8.144344105982235,0.9666666666666667,1,1.657896004999996,39.28221337734154,-0.15990853300000904,-5.642131647497945,75.542,76.53133333333334,NA,-29.14666666666667,525.38,80.03,16995.19,1985.66,1.5499999999999998,33.75
DZ,NL,DZ-NL,41,2020-05-18,13,31,151.5151515151515,8.144344105982235,1,1,0.4254319259999927,12.212542647070057,1.657896004999996,39.28221337734154,78.09354838709677,77.01774193548387,NA,-16.974193548387095,1072.01,42.77,7383.64,1304.92,80.03,1985.66
DZ,TN,DZ-TN,42,2019-04-17,1,1,7435.897435897436,8.228049877885592,NA,0,NA,NA,NA,NA,NA,NA,NA,NA,NA,NA,NA,NA,NA,NA
DZ,TN,DZ-TN,42,2019-05-18,2,31,7435.897435897436,8.228049877885592,NA,0,NA,NA,NA,NA,NA,NA,NA,NA,NA,NA,NA,NA,NA,NA
DZ,TN,DZ-TN,42,2019-06-17,3,30,7317.073170731707,8.211941008986614,NA,0,NA,NA,NA,NA,NA,NA,NA,NA,NA,NA,NA,NA,NA,NA
DZ,TN,DZ-TN,42,2019-07-18,4,31,7073.170731707316,8.17803945731093,NA,0,NA,NA,NA,NA,NA,NA,NA,NA,NA,NA,NA,NA,NA,NA
DZ,TN,DZ-TN,42,2019-08-18,5,31,6744.186046511629,8.130411408321677,NA,0,NA,NA,NA,NA,NA,NA,NA,NA,NA,NA,NA,NA,NA,NA
DZ,TN,DZ-TN,42,2019-10-18,6,61,7750,8.269423444399974,NA,0,NA,NA,NA,NA,NA,NA,NA,NA,NA,NA,NA,NA,NA,NA
DZ,TN,DZ-TN,42,2019-11-17,7,30,7948.717948717948,8.294741252384265,NA,0,NA,NA,NA,NA,NA,NA,NA,NA,NA,NA,NA,NA,NA,NA
DZ,TN,DZ-TN,42,2019-12-18,8,31,7714.285714285714,8.26480449854368,NA,0,NA,NA,NA,NA,NA,NA,NA,NA,NA,NA,NA,NA,NA,NA
DZ,TN,DZ-TN,42,2020-01-18,9,31,8205.128205128205,8.357780567959763,NA,0,NA,NA,NA,NA,NA,NA,NA,NA,NA,NA,NA,NA,NA,NA
DZ,TN,DZ-TN,42,2020-02-16,10,29,8157.894736842106,8.352007356048443,0,0,-0.25971176300000764,-0.5417943668847914,NA,NA,0,0,NA,NA,0,0,0,0,NA,NA
DZ,TN,DZ-TN,42,2020-03-18,11,31,7804.878048780488,8.307770147385101,0,1,-0.15990853300000904,-1.9372825836442957,-0.25971176300000764,-0.5417943668847914,9.274193548387096,10.416774193548386,NA,NA,16.59,1.5499999999999998,24.31,0,0,0
DZ,TN,DZ-TN,42,2020-04-17,12,30,7142.857142857142,8.21913407466847,0.7333333333333333,1,1.657896004999996,-4.033318850430007,-0.15990853300000904,-1.9372825836442957,75.542,87.011,NA,NA,525.38,80.03,699.59,31.03,1.5499999999999998,0
DZ,TN,DZ-TN,42,2020-05-18,13,31,6744.186046511629,8.161702025582594,1,1,0.4254319259999927,-4.472265304994839,1.657896004999996,-4.033318850430007,78.09354838709677,87.02903225806452,NA,NA,1072.01,42.77,149.98,7.5600000000000005,80.03,31.03
DZ,TR,DZ-TR,43,2019-04-17,1,1,344,9.758977728842176,NA,0,NA,NA,NA,NA,NA,NA,NA,NA,NA,NA,NA,NA,NA,NA
DZ,TR,DZ-TR,43,2019-05-18,2,31,344,9.758977728842176,NA,0,NA,NA,NA,NA,NA,NA,NA,NA,NA,NA,NA,NA,NA,NA
DZ,TR,DZ-TR,43,2019-06-17,3,30,354.16666666666663,9.788103683599239,NA,0,NA,NA,NA,NA,NA,NA,NA,NA,NA,NA,NA,NA,NA,NA
DZ,TR,DZ-TR,43,2019-07-18,4,31,333.33333333333337,9.727479061782804,NA,0,NA,NA,NA,NA,NA,NA,NA,NA,NA,NA,NA,NA,NA,NA
DZ,TR,DZ-TR,43,2019-08-18,5,31,337.5,9.73990158178136,NA,0,NA,NA,NA,NA,NA,NA,NA,NA,NA,NA,NA,NA,NA,NA
DZ,TR,DZ-TR,43,2019-10-18,6,61,404.16666666666663,9.920163405612305,NA,0,NA,NA,NA,NA,NA,NA,NA,NA,NA,NA,NA,NA,NA,NA
DZ,TR,DZ-TR,43,2019-11-17,7,30,426.0869565217392,9.97297952019829,NA,0,NA,NA,NA,NA,NA,NA,NA,NA,NA,NA,NA,NA,NA,NA
DZ,TR,DZ-TR,43,2019-12-18,8,31,395.00000000000006,9.897221836369898,NA,0,NA,NA,NA,NA,NA,NA,NA,NA,NA,NA,NA,NA,NA,NA
DZ,TR,DZ-TR,43,2020-01-18,9,31,454.5454545454545,10.061016541938262,NA,0,NA,NA,NA,NA,NA,NA,NA,0,NA,NA,NA,NA,NA,NA
DZ,TR,DZ-TR,43,2020-02-16,10,29,452.3809523809523,10.056243263185603,0,0,-0.25971176300000764,-0.5831698620000091,NA,NA,0,4.310344827586207,NA,0.29523809523809524,0,0,0,0,NA,NA
DZ,TR,DZ-TR,43,2020-03-18,11,31,407.4074074074074,9.951532309096573,0,1,-0.15990853300000904,-0.1353087920000107,-0.25971176300000764,-0.5831698620000091,9.274193548387096,17.27225806451613,NA,4.612903225806451,16.59,1.5499999999999998,11.53,0.12,0,0
DZ,TR,DZ-TR,43,2020-04-17,12,30,357.1428571428571,9.819854485121374,0.8666666666666667,1,1.657896004999996,3.5587061659999817,-0.15990853300000904,-0.1353087920000107,75.542,69.864,NA,-47.34,525.38,80.03,9224.55,207.89,1.5499999999999998,0.12
DZ,TR,DZ-TR,43,2020-05-18,13,31,346.42857142857144,9.789395277636665,1,1,0.4254319259999927,7.460813499999969,1.657896004999996,3.5587061659999817,78.09354838709677,73.0541935483871,NA,-50.535483870967745,1072.01,42.77,8471.87,282.45,80.03,207.89
DZ,US,DZ-US,44,2019-04-17,1,1,82.60869565217392,10.54759945269246,NA,0,NA,NA,NA,NA,NA,NA,NA,NA,NA,NA,NA,NA,NA,NA
DZ,US,DZ-US,44,2019-05-18,2,31,82.60869565217392,10.54759945269246,NA,0,NA,NA,NA,NA,NA,NA,NA,NA,NA,NA,NA,NA,NA,NA
DZ,US,DZ-US,44,2019-06-17,3,30,78.26086956521739,10.493532231422183,NA,0,NA,NA,NA,NA,NA,NA,NA,NA,NA,NA,NA,NA,NA,NA
DZ,US,DZ-US,44,2019-07-18,4,31,77.27272727272727,10.480825580153068,NA,0,NA,NA,NA,NA,NA,NA,NA,NA,NA,NA,NA,NA,NA,NA
DZ,US,DZ-US,44,2019-08-18,5,31,72.72727272727272,10.420200958336634,NA,0,NA,NA,NA,NA,NA,NA,NA,NA,NA,NA,NA,NA,NA,NA
DZ,US,DZ-US,44,2019-10-18,6,61,80.95238095238096,10.527345595787962,NA,0,NA,NA,NA,NA,NA,NA,NA,NA,NA,NA,NA,NA,NA,NA
DZ,US,DZ-US,44,2019-11-17,7,30,85,10.576135759957394,NA,0,NA,NA,NA,NA,NA,NA,NA,NA,NA,NA,NA,NA,NA,NA
DZ,US,DZ-US,44,2019-12-18,8,31,78.94736842105263,10.502265911390937,NA,0,NA,NA,NA,NA,NA,NA,NA,NA,NA,NA,NA,NA,NA,NA
DZ,US,DZ-US,44,2020-01-18,9,31,80,10.515511138140958,NA,0,NA,NA,NA,NA,NA,NA,NA,0,NA,NA,NA,NA,NA,NA
DZ,US,DZ-US,44,2020-02-16,10,29,84.21052631578948,10.56680443252851,0,0,-0.25971176300000764,-1.8416880525082926,NA,NA,0,0,NA,0.5142857142857142,0,0,0.39,0,NA,NA
DZ,US,DZ-US,44,2020-03-18,11,31,80.76923076923076,10.52508058915711,0,1,-0.15990853300000904,0.11790222683466853,-0.25971176300000764,-1.8416880525082926,9.274193548387096,12.263548387096774,NA,4.032258064516129,16.59,1.5499999999999998,274.99,5.82,0,0
DZ,US,DZ-US,44,2020-04-17,12,30,80.76923076923076,10.52508058915711,0,1,1.657896004999996,17.653923182995147,-0.15990853300000904,0.11790222683466853,75.542,71.98333333333333,NA,-32.61333333333334,525.38,80.03,21085.48,1165.9,1.5499999999999998,5.82
DZ,US,DZ-US,44,2020-05-18,13,31,77.77777777777777,10.487340261174262,0,1,0.4254319259999927,19.075100731030798,1.657896004999996,17.653923182995147,78.09354838709677,72.4,NA,-24.406451612903226,1072.01,42.77,24015.12,1655.11,80.03,1165.9
MA,AE,MA-AE,45,2019-04-17,1,1,724.1379310344828,10.909565822923538,NA,0,NA,NA,NA,NA,NA,NA,NA,NA,NA,NA,NA,NA,NA,NA
MA,AE,MA-AE,45,2019-05-18,2,31,724.1379310344828,10.909565822923538,NA,0,NA,NA,NA,NA,NA,NA,NA,NA,NA,NA,NA,NA,NA,NA
MA,AE,MA-AE,45,2019-06-17,3,30,709.0909090909091,10.888567676083763,NA,0,NA,NA,NA,NA,NA,NA,NA,NA,NA,NA,NA,NA,NA,NA
MA,AE,MA-AE,45,2019-07-18,4,31,703.7037037037037,10.8809413283487,NA,0,NA,NA,NA,NA,NA,NA,NA,NA,NA,NA,NA,NA,NA,NA
MA,AE,MA-AE,45,2019-08-18,5,31,641.5094339622641,10.788407826250628,NA,0,NA,NA,NA,NA,NA,NA,NA,NA,NA,NA,NA,NA,NA,NA
MA,AE,MA-AE,45,2019-10-18,6,61,673.0769230769231,10.836443558094574,NA,0,NA,NA,NA,NA,NA,NA,NA,NA,NA,NA,NA,NA,NA,NA
MA,AE,MA-AE,45,2019-11-17,7,30,673.0769230769231,10.836443558094574,NA,0,NA,NA,NA,NA,NA,NA,NA,NA,NA,NA,NA,NA,NA,NA
MA,AE,MA-AE,45,2019-12-18,8,31,681.8181818181818,10.849346962930483,NA,0,NA,NA,NA,NA,NA,NA,NA,NA,NA,NA,NA,NA,NA,NA
MA,AE,MA-AE,45,2020-01-18,9,31,673.469387755102,10.851781888572605,NA,0,NA,NA,NA,NA,NA,NA,0,0,NA,NA,NA,NA,NA,NA
MA,AE,MA-AE,45,2020-02-16,10,29,680.8510638297872,10.862682926306418,0,0,-0.05444071200000768,-0.37264827700000874,NA,NA,0,0,-0.01904761904761905,0.21904761904761905,0,0,9,0,NA,NA
MA,AE,MA-AE,45,2020-03-18,11,31,741.9354838709678,10.948601636660754,0.03225806451612903,1,0.6620788799999926,-0.5732535720000097,-0.05444071200000768,-0.37264827700000874,10.180645161290322,11.894516129032258,-2.535483870967742,-1.5870967741935484,13.15,0.54,104.09,0,0,0
MA,AE,MA-AE,45,2020-04-17,12,30,750,10.95941255276497,0.9333333333333333,1,1.4841159270000017,-0.33997143500000676,0.6620788799999926,-0.5732535720000097,90.86866666666666,77.29133333333334,-67.74666666666667,-51.2,673.4599999999999,35.620000000000005,6194.55,37,0.54,0
MA,AE,MA-AE,45,2020-05-18,13,31,765.625,10.980031839967705,1,1,1.3949158309999907,6.093402917999994,1.4841159270000017,-0.33997143500000676,92.71,77.82451612903226,-65.34193548387097,-53.49032258064516,1175.02,15.31,17903.97,187.18,35.620000000000005,37
MA,BE,MA-BE,46,2019-04-17,1,1,9294.117647058823,12.053598206417426,NA,0,NA,NA,NA,NA,NA,NA,NA,NA,NA,NA,NA,NA,NA,NA
MA,BE,MA-BE,46,2019-05-18,2,31,9294.117647058823,12.053598206417426,NA,0,NA,NA,NA,NA,NA,NA,NA,NA,NA,NA,NA,NA,NA,NA
MA,BE,MA-BE,46,2019-06-17,3,30,9594.594594594597,12.085416394277868,NA,0,NA,NA,NA,NA,NA,NA,NA,NA,NA,NA,NA,NA,NA,NA
MA,BE,MA-BE,46,2019-07-18,4,31,9428.57142857143,12.067961110417787,NA,0,NA,NA,NA,NA,NA,NA,NA,NA,NA,NA,NA,NA,NA,NA
MA,BE,MA-BE,46,2019-08-18,5,31,8437.5,11.956902573645324,NA,0,NA,NA,NA,NA,NA,NA,NA,NA,NA,NA,NA,NA,NA,NA
MA,BE,MA-BE,46,2019-10-18,6,61,9365.079365079366,12.061204327954908,NA,0,NA,NA,NA,NA,NA,NA,NA,NA,NA,NA,NA,NA,NA,NA
MA,BE,MA-BE,46,2019-11-17,7,30,9655.172413793103,12.09171029062945,NA,0,NA,NA,NA,NA,NA,NA,NA,NA,NA,NA,NA,NA,NA,NA
MA,BE,MA-BE,46,2019-12-18,8,31,9607.843137254902,12.086796275827021,NA,0,NA,NA,NA,NA,NA,NA,NA,NA,NA,NA,NA,NA,NA,NA
MA,BE,MA-BE,46,2020-01-18,9,31,9803.921568627453,12.137024659693035,NA,0,NA,NA,NA,NA,NA,NA,0,0,NA,NA,NA,NA,NA,NA
MA,BE,MA-BE,46,2020-02-16,10,29,9600,12.116005292468959,0,0,-0.05444071200000768,-7.761247963773097,NA,NA,0,7.974137931034483,-0.01904761904761905,-0.01904761904761898,0,0,0.8599999999999999,0,NA,NA
MA,BE,MA-BE,46,2020-03-18,11,31,9574.468085106382,12.113342175049475,0,1,0.6620788799999926,-6.121483689957917,-0.05444071200000768,-7.761247963773097,10.180645161290322,20.968387096774194,-2.535483870967742,-3.9483870967741934,13.15,0.54,1276.6200000000001,12.04,0,0
MA,BE,MA-BE,46,2020-04-17,12,30,9569.89247311828,12.112864163568098,0.8666666666666667,1,1.4841159270000017,55.04852741873276,0.6620788799999926,-6.121483689957917,90.86866666666666,79.17,-67.74666666666667,-51.586666666666666,673.4599999999999,35.620000000000005,29789.4,4426.47,0.54,12.04
MA,BE,MA-BE,46,2020-05-18,13,31,9780.21978021978,12.134604150204504,1,1,1.3949158309999907,20.242221871748686,1.4841159270000017,55.04852741873276,92.71,78.09387096774194,-65.34193548387097,-38.825806451612905,1175.02,15.31,16695.68,3367.3,35.620000000000005,4426.47
MA,BF,MA-BF,47,2019-04-17,1,1,909.090909090909,8.64185411417523,NA,0,NA,NA,NA,NA,NA,NA,NA,NA,NA,NA,NA,NA,NA,NA
MA,BF,MA-BF,47,2019-05-18,2,31,909.090909090909,8.64185411417523,NA,0,NA,NA,NA,NA,NA,NA,NA,NA,NA,NA,NA,NA,NA,NA
MA,BF,MA-BF,47,2019-06-17,3,30,909.090909090909,8.64185411417523,NA,0,NA,NA,NA,NA,NA,NA,NA,NA,NA,NA,NA,NA,NA,NA
MA,BF,MA-BF,47,2019-07-18,4,31,909.090909090909,8.64185411417523,NA,0,NA,NA,NA,NA,NA,NA,NA,NA,NA,NA,NA,NA,NA,NA
MA,BF,MA-BF,47,2019-08-18,5,31,833.3333333333334,8.554842737185599,NA,0,NA,NA,NA,NA,NA,NA,NA,NA,NA,NA,NA,NA,NA,NA
MA,BF,MA-BF,47,2019-10-18,6,61,833.3333333333334,8.554842737185599,NA,0,NA,NA,NA,NA,NA,NA,NA,NA,NA,NA,NA,NA,NA,NA
MA,BF,MA-BF,47,2019-11-17,7,30,769.2307692307693,8.474800029512062,NA,0,NA,NA,NA,NA,NA,NA,NA,NA,NA,NA,NA,NA,NA,NA
MA,BF,MA-BF,47,2019-12-18,8,31,909.090909090909,8.64185411417523,NA,0,NA,NA,NA,NA,NA,NA,NA,NA,NA,NA,NA,NA,NA,NA
MA,BF,MA-BF,47,2020-01-18,9,31,769.2307692307693,8.483972480600006,NA,0,NA,NA,NA,NA,NA,NA,0,0,NA,NA,NA,NA,NA,NA
MA,BF,MA-BF,47,2020-02-16,10,29,714.2857142857142,8.409864508446285,0,0,-0.05444071200000768,-0.9341182490000108,NA,NA,0,0,-0.01904761904761905,0.10476190476190475,0,0,0,0,NA,NA
MA,BF,MA-BF,47,2020-03-18,11,31,714.2857142857142,8.409864508446285,0,1,0.6620788799999926,-0.6225084270000064,-0.05444071200000768,-0.9341182490000108,10.180645161290322,5.241935483870968,-2.535483870967742,-0.40645161290322573,13.15,0.54,9.32,0.47,0,0
MA,BF,MA-BF,47,2020-04-17,12,30,666.6666666666667,8.340871636959333,0.7666666666666667,1,1.4841159270000017,2.2656755039999914,0.6620788799999926,-0.6225084270000064,90.86866666666666,78.47066666666667,-67.74666666666667,-24.586666666666666,673.4599999999999,35.620000000000005,249.81,15.86,0.54,0.47
MA,BF,MA-BF,47,2020-05-18,13,31,625,8.276333115821762,1,1,1.3949158309999907,1.8566848839999914,1.4841159270000017,2.2656755039999914,92.71,72.68032258064517,-65.34193548387097,-16.90967741935484,1175.02,15.31,111.22,7.49,35.620000000000005,15.86
MA,BJ,MA-BJ,48,2019-04-17,1,1,NA,NA,NA,0,NA,NA,NA,NA,NA,NA,NA,NA,NA,NA,NA,NA,NA,NA
MA,BJ,MA-BJ,48,2019-05-18,2,31,625,7.6422250224005825,NA,0,NA,NA,NA,NA,NA,NA,NA,NA,NA,NA,NA,NA,NA,NA
MA,BJ,MA-BJ,48,2019-06-17,3,30,625,7.6422250224005825,NA,0,NA,NA,NA,NA,NA,NA,NA,NA,NA,NA,NA,NA,NA,NA
MA,BJ,MA-BJ,48,2019-07-18,4,31,666.6666666666667,7.706763543538154,NA,0,NA,NA,NA,NA,NA,NA,NA,NA,NA,NA,NA,NA,NA,NA
MA,BJ,MA-BJ,48,2019-08-18,5,31,625,7.6422250224005825,NA,0,NA,NA,NA,NA,NA,NA,NA,NA,NA,NA,NA,NA,NA,NA
MA,BJ,MA-BJ,48,2019-10-18,6,61,666.6666666666667,7.706763543538154,NA,0,NA,NA,NA,NA,NA,NA,NA,NA,NA,NA,NA,NA,NA,NA
MA,BJ,MA-BJ,48,2019-11-17,7,30,666.6666666666667,7.706763543538154,NA,0,NA,NA,NA,NA,NA,NA,NA,NA,NA,NA,NA,NA,NA,NA
MA,BJ,MA-BJ,48,2019-12-18,8,31,769.2307692307693,7.849864387178827,NA,0,NA,NA,NA,NA,NA,NA,NA,NA,NA,NA,NA,NA,NA,NA
MA,BJ,MA-BJ,48,2020-01-18,9,31,666.6666666666667,7.733050440948875,NA,0,NA,NA,NA,NA,NA,NA,0,0,NA,NA,NA,NA,NA,NA
MA,BJ,MA-BJ,48,2020-02-16,10,29,625,7.668511919811304,0,0,-0.05444071200000768,-0.9191544600000094,NA,NA,0,0,-0.01904761904761905,0.047619047619047616,0,0,0,0,NA,NA
MA,BJ,MA-BJ,48,2020-03-18,11,31,588.2352941176471,7.6078872979948695,0.12903225806451613,1,0.6620788799999926,-2.090541572000008,-0.05444071200000768,-0.9191544600000094,10.180645161290322,9.67741935483871,-2.535483870967742,1.335483870967742,13.15,0.54,1.6,0,0,0
MA,BJ,MA-BJ,48,2020-04-17,12,30,555.5555555555555,7.550728884154921,0.5,1,1.4841159270000017,-3.6908663490000198,0.6620788799999926,-2.090541572000008,90.86866666666666,55.678666666666665,-67.74666666666667,-9.06,673.4599999999999,35.620000000000005,26.5,0.8,0.54,0
MA,BJ,MA-BJ,48,2020-05-18,13,31,500,7.445368368497094,0.5,1,1.3949158309999907,-4.131021556000024,1.4841159270000017,-3.6908663490000198,92.71,69.54064516129031,-65.34193548387097,-10.858064516129032,1175.02,15.31,244.16,0.8,35.620000000000005,0.8
MA,CA,MA-CA,49,2019-04-17,1,1,1083.3333333333333,11.315685650641504,NA,0,NA,NA,NA,NA,NA,NA,NA,NA,NA,NA,NA,NA,NA,NA
MA,CA,MA-CA,49,2019-05-18,2,31,1083.3333333333333,11.315685650641504,NA,0,NA,NA,NA,NA,NA,NA,NA,NA,NA,NA,NA,NA,NA,NA
MA,CA,MA-CA,49,2019-06-17,3,30,1088.235294117647,11.32020033099603,NA,0,NA,NA,NA,NA,NA,NA,NA,NA,NA,NA,NA,NA,NA,NA
MA,CA,MA-CA,49,2019-07-18,4,31,1029.4117647058824,11.26463047984122,NA,0,NA,NA,NA,NA,NA,NA,NA,NA,NA,NA,NA,NA,NA,NA
MA,CA,MA-CA,49,2019-08-18,5,31,1030.3030303030305,11.265495906117648,NA,0,NA,NA,NA,NA,NA,NA,NA,NA,NA,NA,NA,NA,NA,NA
MA,CA,MA-CA,49,2019-10-18,6,61,1093.75,11.325255101657653,NA,0,NA,NA,NA,NA,NA,NA,NA,NA,NA,NA,NA,NA,NA,NA
MA,CA,MA-CA,49,2019-11-17,7,30,1100,11.330953122772291,NA,0,NA,NA,NA,NA,NA,NA,NA,NA,NA,NA,NA,NA,NA,NA
MA,CA,MA-CA,49,2019-12-18,8,31,1111.111111111111,11.341003458625794,NA,0,NA,NA,NA,NA,NA,NA,NA,NA,NA,NA,NA,NA,NA,NA
MA,CA,MA-CA,49,2020-01-18,9,31,1107.142857142857,11.346525930376638,NA,0,NA,NA,NA,NA,NA,NA,0,0,NA,NA,NA,NA,NA,NA
MA,CA,MA-CA,49,2020-02-16,10,29,1111.111111111111,11.350103751724522,0,0,-0.05444071200000768,-2.39680669049098,NA,NA,0,0,-0.01904761904761905,0.819047619047619,0,0,2.3600000000000003,0,NA,NA
MA,CA,MA-CA,49,2020-03-18,11,31,1095.2380952380954,11.335715014272422,0.03225806451612903,1,0.6620788799999926,-2.296684874739521,-0.05444071200000768,-2.39680669049098,10.180645161290322,8.199032258064516,-2.535483870967742,1.5225806451612902,13.15,0.54,285.79,4.99,0,0
MA,CA,MA-CA,49,2020-04-17,12,30,1093.0232558139537,11.33369072208319,1,1,1.4841159270000017,6.374697466904178,0.6620788799999926,-2.296684874739521,90.86866666666666,70.969,-67.74666666666667,-41.48,673.4599999999999,35.620000000000005,9192.55,693.76,0.54,4.99
MA,CA,MA-CA,49,2020-05-18,13,31,1119.047619047619,11.357221219493384,1,1,1.3949158309999907,12.362079618826794,1.4841159270000017,6.374697466904178,92.71,70.81322580645161,-65.34193548387097,-31.038709677419355,1175.02,15.31,11476.59,1219.16,35.620000000000005,693.76
MA,CI,MA-CI,50,2019-04-17,1,1,770.8333333333334,9.807136035013132,NA,0,NA,NA,NA,NA,NA,NA,NA,NA,NA,NA,NA,NA,NA,NA
MA,CI,MA-CI,50,2019-05-18,2,31,770.8333333333334,9.807136035013132,NA,0,NA,NA,NA,NA,NA,NA,NA,NA,NA,NA,NA,NA,NA,NA
MA,CI,MA-CI,50,2019-06-17,3,30,820.0000000000001,9.868968194552961,NA,0,NA,NA,NA,NA,NA,NA,NA,NA,NA,NA,NA,NA,NA,NA
MA,CI,MA-CI,50,2019-07-18,4,31,NA,NA,NA,0,NA,NA,NA,NA,NA,NA,NA,NA,NA,NA,NA,NA,NA,NA
MA,CI,MA-CI,50,2019-08-18,5,31,846.1538461538461,9.900365048613633,NA,0,NA,NA,NA,NA,NA,NA,NA,NA,NA,NA,NA,NA,NA,NA
MA,CI,MA-CI,50,2019-10-18,6,61,980,10.047216425959279,NA,0,NA,NA,NA,NA,NA,NA,NA,NA,NA,NA,NA,NA,NA,NA
MA,CI,MA-CI,50,2019-11-17,7,30,981.1320754716982,10.048370938306105,NA,0,NA,NA,NA,NA,NA,NA,NA,NA,NA,NA,NA,NA,NA,NA
MA,CI,MA-CI,50,2019-12-18,8,31,928.5714285714286,9.993311161123076,NA,0,NA,NA,NA,NA,NA,NA,NA,NA,NA,NA,NA,NA,NA,NA
MA,CI,MA-CI,50,2020-01-18,9,31,962.962962962963,10.03692103399413,NA,0,NA,NA,NA,NA,NA,NA,0,0,NA,NA,NA,NA,NA,NA
MA,CI,MA-CI,50,2020-02-16,10,29,946.4285714285714,10.01960158479395,0,0,-0.05444071200000768,-0.9186002160000094,NA,NA,0,0,-0.01904761904761905,0.3142857142857143,0,0,0,0,NA,NA
MA,CI,MA-CI,50,2020-03-18,11,31,946.4285714285714,10.01960158479395,0,1,0.6620788799999926,-2.0733691080000076,-0.05444071200000768,-0.9186002160000094,10.180645161290322,4.032258064516129,-2.535483870967742,2.9096774193548387,13.15,0.54,2.2199999999999998,0,0,0
MA,CI,MA-CI,50,2020-04-17,12,30,931.0344827586206,10.003202397994832,0.8666666666666667,1,1.4841159270000017,-4.428246182000026,0.6620788799999926,-2.0733691080000076,90.86866666666666,74.44066666666667,-67.74666666666667,-21.573333333333334,673.4599999999999,35.620000000000005,252.12,2.2199999999999998,0.54,0
MA,CI,MA-CI,50,2020-05-18,13,31,868.8524590163935,9.934079411355787,1,1,1.3949158309999907,-3.679440321000009,1.4841159270000017,-4.428246182000026,92.71,73.31806451612904,-65.34193548387097,-19.89032258064516,1175.02,15.31,528.9399999999999,8.14,35.620000000000005,2.2199999999999998
MA,DE,MA-DE,51,2019-04-17,1,1,1050,11.908457525600957,NA,0,NA,NA,NA,NA,NA,NA,NA,NA,NA,NA,NA,NA,NA,NA
MA,DE,MA-DE,51,2019-05-18,2,31,1050,11.908457525600957,NA,0,NA,NA,NA,NA,NA,NA,NA,NA,NA,NA,NA,NA,NA,NA
MA,DE,MA-DE,51,2019-06-17,3,30,1027.7777777777778,11.88706633561964,NA,0,NA,NA,NA,NA,NA,NA,NA,NA,NA,NA,NA,NA,NA,NA
MA,DE,MA-DE,51,2019-07-18,4,31,1000,11.859667361431525,NA,0,NA,NA,NA,NA,NA,NA,NA,NA,NA,NA,NA,NA,NA,NA
MA,DE,MA-DE,51,2019-08-18,5,31,968.75,11.827918663116945,NA,0,NA,NA,NA,NA,NA,NA,NA,NA,NA,NA,NA,NA,NA,NA
MA,DE,MA-DE,51,2019-10-18,6,61,1033.3333333333333,11.892457184254516,NA,0,NA,NA,NA,NA,NA,NA,NA,NA,NA,NA,NA,NA,NA,NA
MA,DE,MA-DE,51,2019-11-17,7,30,1000,11.859667361431525,NA,0,NA,NA,NA,NA,NA,NA,NA,NA,NA,NA,NA,NA,NA,NA
MA,DE,MA-DE,51,2019-12-18,8,31,1000,11.859667361431525,NA,0,NA,NA,NA,NA,NA,NA,NA,NA,NA,NA,NA,NA,NA,NA
MA,DE,MA-DE,51,2020-01-18,9,31,1043.4782608695652,11.914505125867073,NA,0,NA,NA,NA,NA,NA,NA,0,0,NA,NA,NA,NA,NA,NA
MA,DE,MA-DE,51,2020-02-16,10,29,1045.4545454545455,11.916397274019111,0,0,-0.05444071200000768,-7.367794497499651,NA,NA,0,6.25,-0.01904761904761905,0.8857142857142858,0,0,1.92,0,NA,NA
MA,DE,MA-DE,51,2020-03-18,11,31,1023.809523809524,11.895476008858472,0.016129032258064516,1,0.6620788799999926,-10.984256402020506,-0.05444071200000768,-7.367794497499651,10.180645161290322,24.14225806451613,-2.535483870967742,0.8838709677419354,13.15,0.54,975.22,1.44,0,0
MA,DE,MA-DE,51,2020-04-17,12,30,1000,11.871945511448276,1,1,1.4841159270000017,5.806642015156264,0.6620788799999926,-10.984256402020506,90.86866666666666,72.10199999999999,-67.74666666666667,-29.986666666666665,673.4599999999999,35.620000000000005,14973.95,459.6,0.54,1.44
MA,DE,MA-DE,51,2020-05-18,13,31,976.190476190476,11.847847959869217,1,1,1.3949158309999907,1.5126255965833602,1.4841159270000017,5.806642015156264,92.71,67.71096774193548,-65.34193548387097,-15.95483870967742,1175.02,15.31,4870.87,484.75,35.620000000000005,459.6
MA,DZ,MA-DZ,52,2019-04-17,1,1,6285.714285714286,9.558839300689737,NA,0,NA,NA,NA,NA,NA,NA,NA,NA,NA,NA,NA,NA,NA,NA
MA,DZ,MA-DZ,52,2019-05-18,2,31,6285.714285714286,9.558839300689737,NA,0,NA,NA,NA,NA,NA,NA,NA,NA,NA,NA,NA,NA,NA,NA
MA,DZ,MA-DZ,52,2019-06-17,3,30,6000,9.512319285054845,NA,0,NA,NA,NA,NA,NA,NA,NA,NA,NA,NA,NA,NA,NA,NA
MA,DZ,MA-DZ,52,2019-07-18,4,31,6285.714285714286,9.558839300689737,NA,0,NA,NA,NA,NA,NA,NA,NA,NA,NA,NA,NA,NA,NA,NA
MA,DZ,MA-DZ,52,2019-08-18,5,31,5857.142857142857,9.488221733475784,NA,0,NA,NA,NA,NA,NA,NA,NA,NA,NA,NA,NA,NA,NA,NA
MA,DZ,MA-DZ,52,2019-10-18,6,61,6538.461538461539,9.59826171485557,NA,0,NA,NA,NA,NA,NA,NA,NA,NA,NA,NA,NA,NA,NA,NA
MA,DZ,MA-DZ,52,2019-11-17,7,30,6615.384615384616,9.609957754618762,NA,0,NA,NA,NA,NA,NA,NA,NA,NA,NA,NA,NA,NA,NA,NA
MA,DZ,MA-DZ,52,2019-12-18,8,31,6083.333333333334,9.52611260718718,NA,0,NA,NA,NA,NA,NA,NA,NA,NA,NA,NA,NA,NA,NA,NA
MA,DZ,MA-DZ,52,2020-01-18,9,31,6615.384615384616,9.621021826472155,NA,0,NA,NA,NA,NA,NA,NA,0,NA,NA,NA,NA,NA,NA,NA
MA,DZ,MA-DZ,52,2020-02-16,10,29,6846.153846153847,9.655310899950788,0,0,-0.05444071200000768,-0.25971176300000764,NA,NA,0,0,-0.01904761904761905,NA,0,0,0,0,NA,NA
MA,DZ,MA-DZ,52,2020-03-18,11,31,6642.857142857143,9.625166051218182,0,1,0.6620788799999926,-0.15990853300000904,-0.05444071200000768,-0.25971176300000764,10.180645161290322,9.274193548387096,-2.535483870967742,NA,13.15,0.54,16.59,1.5499999999999998,0,0
MA,DZ,MA-DZ,52,2020-04-17,12,30,6466.666666666666,9.598284665081357,0.03333333333333333,1,1.4841159270000017,1.657896004999996,0.6620788799999926,-0.15990853300000904,90.86866666666666,75.542,-67.74666666666667,NA,673.4599999999999,35.620000000000005,525.38,80.03,0.54,1.5499999999999998
MA,DZ,MA-DZ,52,2020-05-18,13,31,6466.666666666666,9.598284665081357,1,1,1.3949158309999907,0.4254319259999927,1.4841159270000017,1.657896004999996,92.71,78.09354838709677,-65.34193548387097,NA,1175.02,15.31,1072.01,42.77,35.620000000000005,80.03
MA,EG,MA-EG,53,2019-04-17,1,1,2363.6363636363635,9.283362131878452,NA,0,NA,NA,NA,NA,NA,NA,NA,NA,NA,NA,NA,NA,NA,NA
MA,EG,MA-EG,53,2019-05-18,2,31,2363.6363636363635,9.283362131878452,NA,0,NA,NA,NA,NA,NA,NA,NA,NA,NA,NA,NA,NA,NA,NA
MA,EG,MA-EG,53,2019-06-17,3,30,2166.6666666666665,9.196350754888822,NA,0,NA,NA,NA,NA,NA,NA,NA,NA,NA,NA,NA,NA,NA,NA
MA,EG,MA-EG,53,2019-07-18,4,31,NA,NA,NA,0,NA,NA,NA,NA,NA,NA,NA,NA,NA,NA,NA,NA,NA,NA
MA,EG,MA-EG,53,2019-08-18,5,31,2166.6666666666665,9.196350754888822,NA,0,NA,NA,NA,NA,NA,NA,NA,NA,NA,NA,NA,NA,NA,NA
MA,EG,MA-EG,53,2019-10-18,6,61,2083.333333333333,9.15713004173554,NA,0,NA,NA,NA,NA,NA,NA,NA,NA,NA,NA,NA,NA,NA,NA
MA,EG,MA-EG,53,2019-11-17,7,30,2272.727272727273,9.244141418725171,NA,0,NA,NA,NA,NA,NA,NA,NA,NA,NA,NA,NA,NA,NA,NA
MA,EG,MA-EG,53,2019-12-18,8,31,2000,9.116308047215286,NA,0,NA,NA,NA,NA,NA,NA,NA,NA,NA,NA,NA,NA,NA,NA
MA,EG,MA-EG,53,2020-01-18,9,31,2181.818181818182,9.256167970480947,NA,0,NA,NA,NA,NA,NA,NA,0,0,NA,NA,NA,NA,NA,NA
MA,EG,MA-EG,53,2020-02-16,10,29,2181.818181818182,9.256167970480947,0,0,-0.05444071200000768,0.2850492140671087,NA,NA,0,0,-0.01904761904761905,0.5619047619047619,0,0,0.1,0,NA,NA
MA,EG,MA-EG,53,2020-03-18,11,31,2076.9230769230767,9.206896921474165,0,1,0.6620788799999926,2.3774626470532505,-0.05444071200000768,0.2850492140671087,10.180645161290322,2.419032258064516,-2.535483870967742,-0.8322580645161292,13.15,0.54,18.72,0.5800000000000001,0,0
MA,EG,MA-EG,53,2020-04-17,12,30,2230.7692307692305,9.278355885456309,1,1,1.4841159270000017,1.0601522401633328,0.6620788799999926,2.3774626470532505,90.86866666666666,72.08133333333333,-67.74666666666667,-40.29333333333334,673.4599999999999,35.620000000000005,253.98999999999998,19.11,0.54,0.5800000000000001
MA,EG,MA-EG,53,2020-05-18,13,31,2153.846153846154,9.243264565645038,1,1,1.3949158309999907,7.266435707409011,1.4841159270000017,1.0601522401633328,92.71,82.29,-65.34193548387097,-35.58064516129032,1175.02,15.31,951.48,42.21,35.620000000000005,19.11
MA,ES,MA-ES,54,2019-04-17,1,1,7931.034482758621,13.11274419578389,NA,0,NA,NA,NA,NA,NA,NA,NA,NA,NA,NA,NA,NA,NA,NA
MA,ES,MA-ES,54,2019-05-18,2,31,7931.034482758621,13.11274419578389,NA,0,NA,NA,NA,NA,NA,NA,NA,NA,NA,NA,NA,NA,NA,NA
MA,ES,MA-ES,54,2019-06-17,3,30,8148.148148148149,13.139751397195202,NA,0,NA,NA,NA,NA,NA,NA,NA,NA,NA,NA,NA,NA,NA,NA
MA,ES,MA-ES,54,2019-07-18,4,31,7777.777777777778,13.093231381560308,NA,0,NA,NA,NA,NA,NA,NA,NA,NA,NA,NA,NA,NA,NA,NA
MA,ES,MA-ES,54,2019-08-18,5,31,7199.999999999999,13.016041742869179,NA,0,NA,NA,NA,NA,NA,NA,NA,NA,NA,NA,NA,NA,NA,NA
MA,ES,MA-ES,54,2019-10-18,6,61,8750,13.211014417216692,NA,0,NA,NA,NA,NA,NA,NA,NA,NA,NA,NA,NA,NA,NA,NA
MA,ES,MA-ES,54,2019-11-17,7,30,8695.652173913044,13.204783867466055,NA,0,NA,NA,NA,NA,NA,NA,NA,NA,NA,NA,NA,NA,NA,NA
MA,ES,MA-ES,54,2019-12-18,8,31,8500,13.18202688034344,NA,0,NA,NA,NA,NA,NA,NA,NA,NA,NA,NA,NA,NA,NA,NA
MA,ES,MA-ES,54,2020-01-18,9,31,9000,13.303771453701856,NA,0,NA,NA,NA,NA,NA,NA,0,0,NA,NA,NA,NA,NA,NA
MA,ES,MA-ES,54,2020-02-16,10,29,8947.368421052632,13.297906334249458,0,0,-0.05444071200000768,-3.7313524404212677,NA,NA,0,7.327586206896552,-0.01904761904761905,0.5428571428571429,0,0,0.42,0,NA,NA
MA,ES,MA-ES,54,2020-03-18,11,31,7500,13.121449896907901,0,1,0.6620788799999926,1.450599322967469,-0.05444071200000768,-3.7313524404212677,10.180645161290322,25.68935483870968,-2.535483870967742,-6.793548387096774,13.15,0.54,2975.28,133.26,0,0
MA,ES,MA-ES,54,2020-04-17,12,30,7500,13.121449896907901,0.8333333333333334,1,1.4841159270000017,85.67832603368574,0.6620788799999926,1.450599322967469,90.86866666666666,77.79333333333334,-67.74666666666667,-76.07333333333334,673.4599999999999,35.620000000000005,37849.67,4145.65,0.54,133.26
MA,ES,MA-ES,54,2020-05-18,13,31,7741.935483870968,13.15319859522248,1,1,1.3949158309999907,13.978452558182163,1.4841159270000017,85.67832603368574,92.71,81.56806451612903,-65.34193548387097,-60.825806451612905,1175.02,15.31,10867.61,1648.72,35.620000000000005,4145.65
MA,FR,MA-FR,55,2019-04-17,1,1,8108.108108108108,13.381239516818022,NA,0,NA,NA,NA,NA,NA,NA,NA,NA,NA,NA,NA,NA,NA,NA
MA,FR,MA-FR,55,2019-05-18,2,31,8108.108108108108,13.381239516818022,NA,0,NA,NA,NA,NA,NA,NA,NA,NA,NA,NA,NA,NA,NA,NA
MA,FR,MA-FR,55,2019-06-17,3,30,8235.29411764706,13.396804033359134,NA,0,NA,NA,NA,NA,NA,NA,NA,NA,NA,NA,NA,NA,NA,NA
MA,FR,MA-FR,55,2019-07-18,4,31,8181.818181818182,13.39028935233794,NA,0,NA,NA,NA,NA,NA,NA,NA,NA,NA,NA,NA,NA,NA,NA
MA,FR,MA-FR,55,2019-08-18,5,31,7333.333333333333,13.280805119496252,NA,0,NA,NA,NA,NA,NA,NA,NA,NA,NA,NA,NA,NA,NA,NA
MA,FR,MA-FR,55,2019-10-18,6,61,8620.689655172415,13.442540042681818,NA,0,NA,NA,NA,NA,NA,NA,NA,NA,NA,NA,NA,NA,NA,NA
MA,FR,MA-FR,55,2019-11-17,7,30,8518.518518518518,13.43061739772491,NA,0,NA,NA,NA,NA,NA,NA,NA,NA,NA,NA,NA,NA,NA,NA
MA,FR,MA-FR,55,2019-12-18,8,31,8333.333333333332,13.408638491006137,NA,0,NA,NA,NA,NA,NA,NA,NA,NA,NA,NA,NA,NA,NA,NA
MA,FR,MA-FR,55,2020-01-18,9,31,8750,13.46795862296083,NA,0,NA,NA,NA,NA,NA,NA,0,0,NA,NA,NA,NA,NA,NA
MA,FR,MA-FR,55,2020-02-16,10,29,8260.86956521739,13.410434778822644,0,0,-0.05444071200000768,-6.100648022956907,NA,NA,0,2.5820689655172413,-0.01904761904761905,0.5047619047619047,0,0,1.79,0.15,NA,NA
MA,FR,MA-FR,55,2020-03-18,11,31,8000,13.378346464271143,0,1,0.6620788799999926,-3.3571007839634004,-0.05444071200000768,-6.100648022956907,10.180645161290322,33.81741935483871,-2.535483870967742,-4.516129032258064,13.15,0.54,1351.04,21.95,0,0.15
MA,FR,MA-FR,55,2020-04-17,12,30,8205.128205128205,13.403664272255433,0.9666666666666667,1,1.4841159270000017,31.781303991662657,0.6620788799999926,-3.3571007839634004,90.86866666666666,89.58,-67.74666666666667,-68.99333333333333,673.4599999999999,35.620000000000005,23498.55,2746.14,0.54,21.95
MA,FR,MA-FR,55,2020-05-18,13,31,8205.128205128205,13.403664272255433,1,1,1.3949158309999907,4.481575407596624,1.4841159270000017,31.781303991662657,92.71,86.3541935483871,-65.34193548387097,-54.806451612903224,1175.02,15.31,5673.07,1420.62,35.620000000000005,2746.14
MA,GA,MA-GA,56,2019-04-17,1,1,714.2857142857142,7.782297188065579,NA,0,NA,NA,NA,NA,NA,NA,NA,NA,NA,NA,NA,NA,NA,NA
MA,GA,MA-GA,56,2019-05-18,2,31,714.2857142857142,7.782297188065579,NA,0,NA,NA,NA,NA,NA,NA,NA,NA,NA,NA,NA,NA,NA,NA
MA,GA,MA-GA,56,2019-06-17,3,30,666.6666666666667,7.713304316578628,NA,0,NA,NA,NA,NA,NA,NA,NA,NA,NA,NA,NA,NA,NA,NA
MA,GA,MA-GA,56,2019-07-18,4,31,NA,NA,NA,0,NA,NA,NA,NA,NA,NA,NA,NA,NA,NA,NA,NA,NA,NA
MA,GA,MA-GA,56,2019-08-18,5,31,666.6666666666667,7.713304316578628,NA,0,NA,NA,NA,NA,NA,NA,NA,NA,NA,NA,NA,NA,NA,NA
MA,GA,MA-GA,56,2019-10-18,6,61,666.6666666666667,7.713304316578628,NA,0,NA,NA,NA,NA,NA,NA,NA,NA,NA,NA,NA,NA,NA,NA
MA,GA,MA-GA,56,2019-11-17,7,30,666.6666666666667,7.713304316578628,NA,0,NA,NA,NA,NA,NA,NA,NA,NA,NA,NA,NA,NA,NA,NA
MA,GA,MA-GA,56,2019-12-18,8,31,769.2307692307693,7.856405160219301,NA,0,NA,NA,NA,NA,NA,NA,NA,NA,NA,NA,NA,NA,NA,NA
MA,GA,MA-GA,56,2020-01-18,9,31,666.6666666666667,7.7294214555361425,NA,0,NA,NA,NA,NA,NA,NA,0,0,NA,NA,NA,NA,NA,NA
MA,GA,MA-GA,56,2020-02-16,10,29,666.6666666666667,7.7294214555361425,0,0,-0.05444071200000768,0.3083846649999922,NA,NA,0,5.603448275862069,-0.01904761904761905,-0.13333333333333333,0,0,0,0,NA,NA
MA,GA,MA-GA,56,2020-03-18,11,31,666.6666666666667,7.7294214555361425,0,1,0.6620788799999926,-0.4672778570000087,-0.05444071200000768,0.3083846649999922,10.180645161290322,11.692580645161291,-2.535483870967742,-3.903225806451613,13.15,0.54,4.39,0,0,0
MA,GA,MA-GA,56,2020-04-17,12,30,625,7.664882934398571,0,1,1.4841159270000017,-2.4139460400000066,0.6620788799999926,-0.4672778570000087,90.86866666666666,68.301,-67.74666666666667,-30.606666666666666,673.4599999999999,35.620000000000005,469.54,4.39,0.54,0
MA,GA,MA-GA,56,2020-05-18,13,31,625,7.664882934398571,0,1,1.3949158309999907,-1.2883015540000102,1.4841159270000017,-2.4139460400000066,92.71,78.42645161290322,-65.34193548387097,-31.07741935483871,1175.02,15.31,5809.99,43.9,35.620000000000005,4.39
MA,GB,MA-GB,57,2019-04-17,1,1,351.35135135135135,10.350761939997469,NA,0,NA,NA,NA,NA,NA,NA,NA,NA,NA,NA,NA,NA,NA,NA
MA,GB,MA-GB,57,2019-05-18,2,31,351.35135135135135,10.350761939997469,NA,0,NA,NA,NA,NA,NA,NA,NA,NA,NA,NA,NA,NA,NA,NA
MA,GB,MA-GB,57,2019-06-17,3,30,352.94117647058823,10.355276620351995,NA,0,NA,NA,NA,NA,NA,NA,NA,NA,NA,NA,NA,NA,NA,NA
MA,GB,MA-GB,57,2019-07-18,4,31,343.75,10.3288898651788,NA,0,NA,NA,NA,NA,NA,NA,NA,NA,NA,NA,NA,NA,NA,NA
MA,GB,MA-GB,57,2019-08-18,5,31,333.33333333333337,10.298118206512047,NA,0,NA,NA,NA,NA,NA,NA,NA,NA,NA,NA,NA,NA,NA,NA
MA,GB,MA-GB,57,2019-10-18,6,61,379.3103448275862,10.427329937992052,NA,0,NA,NA,NA,NA,NA,NA,NA,NA,NA,NA,NA,NA,NA,NA
MA,GB,MA-GB,57,2019-11-17,7,30,373.07692307692304,10.410759842668012,NA,0,NA,NA,NA,NA,NA,NA,NA,NA,NA,NA,NA,NA,NA,NA
MA,GB,MA-GB,57,2019-12-18,8,31,373.9130434782609,10.412998482510469,NA,0,NA,NA,NA,NA,NA,NA,NA,NA,NA,NA,NA,NA,NA,NA
MA,GB,MA-GB,57,2020-01-18,9,31,378.26086956521743,10.424559304911545,NA,0,NA,NA,NA,NA,NA,NA,0,0,NA,NA,NA,NA,NA,NA
MA,GB,MA-GB,57,2020-02-16,10,29,377.27272727272725,10.421943556624393,0,0,-0.05444071200000768,-5.585529643474672,NA,NA,0,9.483103448275862,-0.01904761904761905,-1.1523809523809523,0,0,2.6599999999999997,0,NA,NA
MA,GB,MA-GB,57,2020-03-18,11,31,355.5555555555556,10.362656727649618,0,1,0.6620788799999926,-3.277014686264463,-0.05444071200000768,-5.585529643474672,10.180645161290322,14.045483870967741,-2.535483870967742,0.16129032258064516,13.15,0.54,796.55,17.02,0,0
MA,GB,MA-GB,57,2020-04-17,12,30,363.6363636363636,10.385129583501676,0,1,1.4841159270000017,37.84531918474078,0.6620788799999926,-3.277014686264463,90.86866666666666,84.25066666666666,-67.74666666666667,-48.513333333333335,673.4599999999999,35.620000000000005,16379.37,2469.7999999999997,0.54,17.02
MA,GB,MA-GB,57,2020-05-18,13,31,372.093023255814,10.408119101726376,0,1,1.3949158309999907,48.87929599668614,1.4841159270000017,37.84531918474078,92.71,87.63225806451612,-65.34193548387097,-45.65806451612903,1175.02,15.31,16989.56,2499.32,35.620000000000005,2469.7999999999997
MA,GM,MA-GM,58,2019-04-17,1,1,1250,7.716999509248101,NA,0,NA,NA,NA,NA,NA,NA,NA,NA,NA,NA,NA,NA,NA,NA
MA,GM,MA-GM,58,2019-05-18,2,31,1250,7.716999509248101,NA,0,NA,NA,NA,NA,NA,NA,NA,NA,NA,NA,NA,NA,NA,NA
MA,GM,MA-GM,58,2019-06-17,3,30,1265.8227848101264,7.729578291454961,NA,0,NA,NA,NA,NA,NA,NA,NA,NA,NA,NA,NA,NA,NA,NA
MA,GM,MA-GM,58,2019-07-18,4,31,1282.051282051282,7.7423173172323905,NA,0,NA,NA,NA,NA,NA,NA,NA,NA,NA,NA,NA,NA,NA,NA
MA,GM,MA-GM,58,2019-08-18,5,31,1250,7.716999509248101,NA,0,NA,NA,NA,NA,NA,NA,NA,NA,NA,NA,NA,NA,NA,NA
MA,GM,MA-GM,58,2019-10-18,6,61,1176.470588235294,7.6563748874316655,NA,0,NA,NA,NA,NA,NA,NA,NA,NA,NA,NA,NA,NA,NA,NA
MA,GM,MA-GM,58,2019-11-17,7,30,1204.819277108434,7.680185536125385,NA,0,NA,NA,NA,NA,NA,NA,NA,NA,NA,NA,NA,NA,NA,NA
MA,GM,MA-GM,58,2019-12-18,8,31,1515.1515151515152,7.909371401895557,NA,0,NA,NA,NA,NA,NA,NA,NA,NA,NA,NA,NA,NA,NA,NA
MA,GM,MA-GM,58,2020-01-18,9,31,1190.4761904761904,7.68250110821687,NA,0,NA,NA,NA,NA,NA,NA,0,NA,NA,NA,NA,NA,NA,NA
MA,GM,MA-GM,58,2020-02-16,10,29,1162.7906976744189,7.658970610806676,0,0,-0.05444071200000768,0.5316599859999913,NA,NA,0,2.1551724137931036,-0.01904761904761905,NA,0,0,0,0,NA,NA
MA,GM,MA-GM,58,2020-03-18,11,31,1111.111111111111,7.613508236729919,0,1,0.6620788799999926,-0.5200771330000095,-0.05444071200000768,0.5316599859999913,10.180645161290322,11.727096774193548,-2.535483870967742,NA,13.15,0.54,4.0200000000000005,0,0,0
MA,GM,MA-GM,58,2020-04-17,12,30,1000,7.508147721072093,0,1,1.4841159270000017,-1.9474679680000064,0.6620788799999926,-0.5200771330000095,90.86866666666666,69.37333333333333,-67.74666666666667,NA,673.4599999999999,35.620000000000005,32.17,4.0200000000000005,0.54,0
MA,GM,MA-GM,58,2020-05-18,13,31,1010.1010101010102,7.518198056925594,0.8709677419354839,1,1.3949158309999907,-0.7011654790000086,1.4841159270000017,-1.9474679680000064,92.71,76.00645161290323,-65.34193548387097,NA,1175.02,15.31,60.31,0,35.620000000000005,4.0200000000000005
MA,GN,MA-GN,59,2019-04-17,1,1,916.6666666666666,6.818319158676212,NA,0,NA,NA,NA,NA,NA,NA,NA,NA,NA,NA,NA,NA,NA,NA
MA,GN,MA-GN,59,2019-05-18,2,31,916.6666666666666,6.818319158676212,NA,0,NA,NA,NA,NA,NA,NA,NA,NA,NA,NA,NA,NA,NA,NA
MA,GN,MA-GN,59,2019-06-17,3,30,916.6666666666666,6.818319158676212,NA,0,NA,NA,NA,NA,NA,NA,NA,NA,NA,NA,NA,NA,NA,NA
MA,GN,MA-GN,59,2019-07-18,4,31,916.6666666666666,6.818319158676212,NA,0,NA,NA,NA,NA,NA,NA,NA,NA,NA,NA,NA,NA,NA,NA
MA,GN,MA-GN,59,2019-08-18,5,31,846.1538461538461,6.738276451002676,NA,0,NA,NA,NA,NA,NA,NA,NA,NA,NA,NA,NA,NA,NA,NA
MA,GN,MA-GN,59,2019-10-18,6,61,1000,6.9053305356658425,NA,0,NA,NA,NA,NA,NA,NA,NA,NA,NA,NA,NA,NA,NA,NA
MA,GN,MA-GN,59,2019-11-17,7,30,1076.923076923077,6.979438507819564,NA,0,NA,NA,NA,NA,NA,NA,NA,NA,NA,NA,NA,NA,NA,NA
MA,GN,MA-GN,59,2019-12-18,8,31,833.3333333333334,6.723008978871888,NA,0,NA,NA,NA,NA,NA,NA,NA,NA,NA,NA,NA,NA,NA,NA
MA,GN,MA-GN,59,2020-01-18,9,31,1000,6.946606030072843,NA,0,NA,NA,NA,NA,NA,NA,0,NA,NA,NA,NA,NA,NA,NA
MA,GN,MA-GN,59,2020-02-16,10,29,1000,6.946606030072843,0,0,-0.05444071200000768,0.2922171439999935,NA,NA,0,8.620689655172415,-0.01904761904761905,NA,0,0,0,0,NA,NA
MA,GN,MA-GN,59,2020-03-18,11,31,1000,6.946606030072843,0,1,0.6620788799999926,-0.0568776500000086,-0.05444071200000768,0.2922171439999935,10.180645161290322,12.5,-2.535483870967742,NA,13.15,0.54,0.74,0,0,0
MA,GN,MA-GN,59,2020-04-17,12,30,941.1764705882352,6.885981408256408,0.8666666666666667,1,1.4841159270000017,-0.8939751220000102,0.6620788799999926,-0.0568776500000086,90.86866666666666,59.513000000000005,-67.74666666666667,NA,673.4599999999999,35.620000000000005,352.67,2.2199999999999998,0.54,0
MA,GN,MA-GN,59,2020-05-18,13,31,1000,6.946606030072843,1,1,1.3949158309999907,0.5275490909999868,1.4841159270000017,-0.8939751220000102,92.71,76.04,-65.34193548387097,NA,1175.02,15.31,1718.1399999999999,9.620000000000001,35.620000000000005,2.2199999999999998
MA,IT,MA-IT,60,2019-04-17,1,1,4814.814814814815,12.550012853173303,NA,0,NA,NA,NA,NA,NA,NA,NA,NA,NA,NA,NA,NA,NA,NA
MA,IT,MA-IT,60,2019-05-18,2,31,4814.814814814815,12.550012853173303,NA,0,NA,NA,NA,NA,NA,NA,NA,NA,NA,NA,NA,NA,NA,NA
MA,IT,MA-IT,60,2019-06-17,3,30,4615.384615384615,12.507710473482614,NA,0,NA,NA,NA,NA,NA,NA,NA,NA,NA,NA,NA,NA,NA,NA
MA,IT,MA-IT,60,2019-07-18,4,31,4800,12.546931186635895,NA,0,NA,NA,NA,NA,NA,NA,NA,NA,NA,NA,NA,NA,NA,NA
MA,IT,MA-IT,60,2019-08-18,5,31,4347.826086956522,12.447991238780991,NA,0,NA,NA,NA,NA,NA,NA,NA,NA,NA,NA,NA,NA,NA,NA
MA,IT,MA-IT,60,2019-10-18,6,61,4545.454545454546,12.492443001351825,NA,0,NA,NA,NA,NA,NA,NA,NA,NA,NA,NA,NA,NA,NA,NA
MA,IT,MA-IT,60,2019-11-17,7,30,5000,12.58775318115615,NA,0,NA,NA,NA,NA,NA,NA,NA,NA,NA,NA,NA,NA,NA,NA
MA,IT,MA-IT,60,2019-12-18,8,31,4588.235294117647,12.501810751355425,NA,0,NA,NA,NA,NA,NA,NA,NA,NA,NA,NA,NA,NA,NA,NA
MA,IT,MA-IT,60,2020-01-18,9,31,5062.5,12.615489131349005,NA,0,NA,NA,NA,NA,NA,NA,0,0,NA,NA,NA,NA,NA,NA
MA,IT,MA-IT,60,2020-02-16,10,29,5000,12.603066611350448,0,0,-0.05444071200000768,-5.630728793373783,NA,NA,0,7.327586206896552,-0.01904761904761905,0.8476190476190476,0,0,0.5,0,NA,NA
MA,IT,MA-IT,60,2020-03-18,11,31,4838.709677419355,12.570276788527456,0.2903225806451613,1,0.6620788799999926,15.495833604066082,-0.05444071200000768,-5.630728793373783,10.180645161290322,62.53290322580645,-2.535483870967742,-20.53548387096774,13.15,0.54,5915.46,493.32,0,0
MA,IT,MA-IT,60,2020-04-17,12,30,5000,12.603066611350448,1,1,1.4841159270000017,57.76658851822467,0.6620788799999926,15.495833604066082,90.86866666666666,88.74966666666666,-67.74666666666667,-72.58666666666667,673.4599999999999,35.620000000000005,22648.13,3274.4300000000003,0.54,493.32
MA,IT,MA-IT,60,2020-05-18,13,31,4666.666666666667,12.534073739863496,1,1,1.3949158309999907,12.675393152902307,1.4841159270000017,57.76658851822467,92.71,85.75129032258064,-65.34193548387097,-56.54838709677419,1175.02,15.31,8854.46,1534.26,35.620000000000005,3274.4300000000003
MA,ML,MA-ML,61,2019-04-17,1,1,625,7.856795063945666,NA,0,NA,NA,NA,NA,NA,NA,NA,NA,NA,NA,NA,NA,NA,NA
MA,ML,MA-ML,61,2019-05-18,2,31,625,7.856795063945666,NA,0,NA,NA,NA,NA,NA,NA,NA,NA,NA,NA,NA,NA,NA,NA
MA,ML,MA-ML,61,2019-06-17,3,30,588.2352941176471,7.796170442129231,NA,0,NA,NA,NA,NA,NA,NA,NA,NA,NA,NA,NA,NA,NA,NA
MA,ML,MA-ML,61,2019-07-18,4,31,625,7.856795063945666,NA,0,NA,NA,NA,NA,NA,NA,NA,NA,NA,NA,NA,NA,NA,NA
MA,ML,MA-ML,61,2019-08-18,5,31,555.5555555555555,7.739012028289282,NA,0,NA,NA,NA,NA,NA,NA,NA,NA,NA,NA,NA,NA,NA,NA
MA,ML,MA-ML,61,2019-10-18,6,61,611.1111111111112,7.8343222080936075,NA,0,NA,NA,NA,NA,NA,NA,NA,NA,NA,NA,NA,NA,NA,NA
MA,ML,MA-ML,61,2019-11-17,7,30,631.578947368421,7.867266363812961,NA,0,NA,NA,NA,NA,NA,NA,NA,NA,NA,NA,NA,NA,NA,NA
MA,ML,MA-ML,61,2019-12-18,8,31,666.6666666666667,7.921333585083237,NA,0,NA,NA,NA,NA,NA,NA,NA,NA,NA,NA,NA,NA,NA,NA
MA,ML,MA-ML,61,2020-01-18,9,31,631.578947368421,7.903863883269198,NA,0,NA,NA,NA,NA,NA,NA,0,0,NA,NA,NA,NA,NA,NA
MA,ML,MA-ML,61,2020-02-16,10,29,600,7.8525705888816475,0,0,-0.05444071200000768,-0.8927444880000072,NA,NA,0,0,-0.01904761904761905,0.028571428571428574,0,0,0,0,NA,NA
MA,ML,MA-ML,61,2020-03-18,11,31,650,7.932613296555184,0,1,0.6620788799999926,-1.4036667590000127,-0.05444071200000768,-0.8927444880000072,10.180645161290322,0.4032258064516129,-2.535483870967742,1.3290322580645162,13.15,0.54,0,0,0,0
MA,ML,MA-ML,61,2020-04-17,12,30,583.3333333333334,7.824399711914951,0,1,1.4841159270000017,0.09214125399998711,0.6620788799999926,-1.4036667590000127,90.86866666666666,62.504,-67.74666666666667,-14.346666666666668,673.4599999999999,35.620000000000005,82.02,6.24,0.54,0
MA,ML,MA-ML,61,2020-05-18,13,31,583.3333333333334,7.824399711914951,0.8387096774193549,1,1.3949158309999907,0.25461424899999074,1.4841159270000017,0.09214125399998711,92.71,64.01225806451613,-65.34193548387097,-17.93548387096774,1175.02,15.31,337.09,18.72,35.620000000000005,6.24
MA,MR,MA-MR,62,2019-04-17,1,1,5108.695652173913,8.717841492782217,NA,0,NA,NA,NA,NA,NA,NA,NA,NA,NA,NA,NA,NA,NA,NA
MA,MR,MA-MR,62,2019-05-18,2,31,5108.695652173913,8.717841492782217,NA,0,NA,NA,NA,NA,NA,NA,NA,NA,NA,NA,NA,NA,NA,NA
MA,MR,MA-MR,62,2019-06-17,3,30,5652.173913043478,8.818937609653586,NA,0,NA,NA,NA,NA,NA,NA,NA,NA,NA,NA,NA,NA,NA,NA
MA,MR,MA-MR,62,2019-07-18,4,31,5744.680851063829,8.83517173241547,NA,0,NA,NA,NA,NA,NA,NA,NA,NA,NA,NA,NA,NA,NA,NA
MA,MR,MA-MR,62,2019-08-18,5,31,5757.575757575758,8.837413885821158,NA,0,NA,NA,NA,NA,NA,NA,NA,NA,NA,NA,NA,NA,NA,NA
MA,MR,MA-MR,62,2019-10-18,6,61,6300,8.92744700852464,NA,0,NA,NA,NA,NA,NA,NA,NA,NA,NA,NA,NA,NA,NA,NA
MA,MR,MA-MR,62,2019-11-17,7,30,7000.000000000001,9.032807524182466,NA,0,NA,NA,NA,NA,NA,NA,NA,NA,NA,NA,NA,NA,NA,NA
MA,MR,MA-MR,62,2019-12-18,8,31,6547.619047619048,8.965998854510357,NA,0,NA,NA,NA,NA,NA,NA,NA,NA,NA,NA,NA,NA,NA,NA
MA,MR,MA-MR,62,2020-01-18,9,31,7299.999999999999,9.127003986236907,NA,0,NA,NA,NA,NA,NA,NA,0,NA,NA,NA,NA,NA,NA,NA
MA,MR,MA-MR,62,2020-02-16,10,29,7299.999999999999,9.127003986236907,0,0,-0.05444071200000768,0.3371861369999939,NA,NA,0,0,-0.01904761904761905,NA,0,0,0,0,NA,NA
MA,MR,MA-MR,62,2020-03-18,11,31,7400,9.140609638292686,0,1,0.6620788799999926,-0.05986915600000909,-0.05444071200000768,0.3371861369999939,10.180645161290322,3.629032258064516,-2.535483870967742,NA,13.15,0.54,2.09,0,0,0
MA,MR,MA-MR,62,2020-04-17,12,30,6666.666666666667,9.036249622968443,0.7666666666666667,1,1.4841159270000017,-1.1127391570000085,0.6620788799999926,-0.05986915600000909,90.86866666666666,69.72133333333333,-67.74666666666667,NA,673.4599999999999,35.620000000000005,12.549999999999999,2.09,0.54,0
MA,MR,MA-MR,62,2020-05-18,13,31,6833.333333333333,9.060942235558814,1,1,1.3949158309999907,-0.4618017970000102,1.4841159270000017,-1.1127391570000085,92.71,75,-65.34193548387097,NA,1175.02,15.31,154.97,6.27,35.620000000000005,2.09
MA,NL,MA-NL,63,2019-04-17,1,1,4333.333333333333,11.451105208140389,NA,0,NA,NA,NA,NA,NA,NA,NA,NA,NA,NA,NA,NA,NA,NA
MA,NL,MA-NL,63,2019-05-18,2,31,4333.333333333333,11.451105208140389,NA,0,NA,NA,NA,NA,NA,NA,NA,NA,NA,NA,NA,NA,NA,NA
MA,NL,MA-NL,63,2019-06-17,3,30,4512.195121951219,11.491551897720978,NA,0,NA,NA,NA,NA,NA,NA,NA,NA,NA,NA,NA,NA,NA,NA
MA,NL,MA-NL,63,2019-07-18,4,31,4430.379746835443,11.473253441363399,NA,0,NA,NA,NA,NA,NA,NA,NA,NA,NA,NA,NA,NA,NA,NA
MA,NL,MA-NL,63,2019-08-18,5,31,4027.777777777778,11.377982943311427,NA,0,NA,NA,NA,NA,NA,NA,NA,NA,NA,NA,NA,NA,NA,NA
MA,NL,MA-NL,63,2019-10-18,6,61,4507.042253521127,11.490409258099419,NA,0,NA,NA,NA,NA,NA,NA,NA,NA,NA,NA,NA,NA,NA,NA
MA,NL,MA-NL,63,2019-11-17,7,30,4761.9047619047615,11.545415887611629,NA,0,NA,NA,NA,NA,NA,NA,NA,NA,NA,NA,NA,NA,NA,NA
MA,NL,MA-NL,63,2019-12-18,8,31,4727.272727272727,11.538116585130018,NA,0,NA,NA,NA,NA,NA,NA,NA,NA,NA,NA,NA,NA,NA,NA
MA,NL,MA-NL,63,2020-01-18,9,31,4909.090909090909,11.622502528780519,NA,0,NA,NA,NA,NA,NA,NA,0,0,NA,NA,NA,NA,NA,NA
MA,NL,MA-NL,63,2020-02-16,10,29,4807.692307692308,11.601630954295434,0,0,-0.05444071200000768,-5.932785653784101,NA,NA,0,0,-0.01904761904761905,-0.3904761904761905,0,0,0,0,NA,NA
MA,NL,MA-NL,63,2020-03-18,11,31,4200,11.466498280303938,0,1,0.6620788799999926,-5.642131647497945,-0.05444071200000768,-5.932785653784101,10.180645161290322,17.07032258064516,-2.535483870967742,-1.8580645161290323,13.15,0.54,1432.47,33.75,0,0
MA,NL,MA-NL,63,2020-04-17,12,30,4242.424242424243,11.476548616157439,0.9666666666666667,1,1.4841159270000017,39.28221337734154,0.6620788799999926,-5.642131647497945,90.86866666666666,76.53133333333334,-67.74666666666667,-29.14666666666667,673.4599999999999,35.620000000000005,16995.19,1985.66,0.54,33.75
MA,NL,MA-NL,63,2020-05-18,13,31,4141.414141414141,11.452451064578378,1,1,1.3949158309999907,12.212542647070057,1.4841159270000017,39.28221337734154,92.71,77.01774193548387,-65.34193548387097,-16.974193548387095,1175.02,15.31,7383.64,1304.92,35.620000000000005,1985.66
MA,TN,MA-TN,64,2019-04-17,1,1,5128.205128205128,7.85648632145311,NA,0,NA,NA,NA,NA,NA,NA,NA,NA,NA,NA,NA,NA,NA,NA
MA,TN,MA-TN,64,2019-05-18,2,31,5128.205128205128,7.85648632145311,NA,0,NA,NA,NA,NA,NA,NA,NA,NA,NA,NA,NA,NA,NA,NA
MA,TN,MA-TN,64,2019-06-17,3,30,5121.951219512195,7.85526606504788,NA,0,NA,NA,NA,NA,NA,NA,NA,NA,NA,NA,NA,NA,NA,NA
MA,TN,MA-TN,64,2019-07-18,4,31,4634.1463414634145,7.755182606490898,NA,0,NA,NA,NA,NA,NA,NA,NA,NA,NA,NA,NA,NA,NA,NA
MA,TN,MA-TN,64,2019-08-18,5,31,4651.162790697675,7.758847851889194,NA,0,NA,NA,NA,NA,NA,NA,NA,NA,NA,NA,NA,NA,NA,NA
MA,TN,MA-TN,64,2019-10-18,6,61,5000,7.83116851346882,NA,0,NA,NA,NA,NA,NA,NA,NA,NA,NA,NA,NA,NA,NA,NA
MA,TN,MA-TN,64,2019-11-17,7,30,5128.205128205128,7.85648632145311,NA,0,NA,NA,NA,NA,NA,NA,NA,NA,NA,NA,NA,NA,NA,NA
MA,TN,MA-TN,64,2019-12-18,8,31,4857.142857142857,7.802180976595568,NA,0,NA,NA,NA,NA,NA,NA,NA,NA,NA,NA,NA,NA,NA,NA
MA,TN,MA-TN,64,2020-01-18,9,31,5128.205128205128,7.887776938714027,NA,0,NA,NA,NA,NA,NA,NA,0,NA,NA,NA,NA,NA,NA,NA
MA,TN,MA-TN,64,2020-02-16,10,29,5263.157894736842,7.913752425117288,0,0,-0.05444071200000768,-0.5417943668847914,NA,NA,0,0,-0.01904761904761905,NA,0,0,0,0,NA,NA
MA,TN,MA-TN,64,2020-03-18,11,31,5365.8536585365855,7.93307669794369,0,1,0.6620788799999926,-1.9372825836442957,-0.05444071200000768,-0.5417943668847914,10.180645161290322,10.416774193548386,-2.535483870967742,NA,13.15,0.54,24.31,0,0,0
MA,TN,MA-TN,64,2020-04-17,12,30,5714.285714285714,7.995990523354259,0.7333333333333333,1,1.4841159270000017,-4.033318850430007,0.6620788799999926,-1.9372825836442957,90.86866666666666,87.011,-67.74666666666667,NA,673.4599999999999,35.620000000000005,699.59,31.03,0.54,0
MA,TN,MA-TN,64,2020-05-18,13,31,5813.953488372093,8.01328202046432,1,1,1.3949158309999907,-4.472265304994839,1.4841159270000017,-4.033318850430007,92.71,87.02903225806452,-65.34193548387097,NA,1175.02,15.31,149.98,7.5600000000000005,35.620000000000005,31.03
MA,TR,MA-TR,65,2019-04-17,1,1,520,10.17216488304425,NA,0,NA,NA,NA,NA,NA,NA,NA,NA,NA,NA,NA,NA,NA,NA
MA,TR,MA-TR,65,2019-05-18,2,31,520,10.17216488304425,NA,0,NA,NA,NA,NA,NA,NA,NA,NA,NA,NA,NA,NA,NA,NA
MA,TR,MA-TR,65,2019-06-17,3,30,541.6666666666666,10.212986877564505,NA,0,NA,NA,NA,NA,NA,NA,NA,NA,NA,NA,NA,NA,NA,NA
MA,TR,MA-TR,65,2019-07-18,4,31,541.6666666666666,10.212986877564505,NA,0,NA,NA,NA,NA,NA,NA,NA,NA,NA,NA,NA,NA,NA,NA
MA,TR,MA-TR,65,2019-08-18,5,31,541.6666666666666,10.212986877564505,NA,0,NA,NA,NA,NA,NA,NA,NA,NA,NA,NA,NA,NA,NA,NA
MA,TR,MA-TR,65,2019-10-18,6,61,583.3333333333334,10.287094849718226,NA,0,NA,NA,NA,NA,NA,NA,NA,NA,NA,NA,NA,NA,NA,NA
MA,TR,MA-TR,65,2019-11-17,7,30,652.1739130434783,10.398647335623973,NA,0,NA,NA,NA,NA,NA,NA,NA,NA,NA,NA,NA,NA,NA,NA
MA,TR,MA-TR,65,2019-12-18,8,31,550,10.228254349695293,NA,0,NA,NA,NA,NA,NA,NA,NA,NA,NA,NA,NA,NA,NA,NA
MA,TR,MA-TR,65,2020-01-18,9,31,636.3636363636364,10.397488778559476,NA,0,NA,NA,NA,NA,NA,NA,0,0,NA,NA,NA,NA,NA,NA
MA,TR,MA-TR,65,2020-02-16,10,29,666.6666666666667,10.444008794194367,0,0,-0.05444071200000768,-0.5831698620000091,NA,NA,0,4.310344827586207,-0.01904761904761905,0.29523809523809524,0,0,0,0,NA,NA
MA,TR,MA-TR,65,2020-03-18,11,31,666.6666666666667,10.444008794194367,0,1,0.6620788799999926,-0.1353087920000107,-0.05444071200000768,-0.5831698620000091,10.180645161290322,17.27225806451613,-2.535483870967742,4.612903225806451,13.15,0.54,11.53,0.12,0,0
MA,TR,MA-TR,65,2020-04-17,12,30,785.7142857142858,10.608311845485645,0.8666666666666667,1,1.4841159270000017,3.5587061659999817,0.6620788799999926,-0.1353087920000107,90.86866666666666,69.864,-67.74666666666667,-47.34,673.4599999999999,35.620000000000005,9224.55,207.89,0.54,0.12
MA,TR,MA-TR,65,2020-05-18,13,31,785.7142857142858,10.608311845485645,1,1,1.3949158309999907,7.460813499999969,1.4841159270000017,3.5587061659999817,92.71,73.0541935483871,-65.34193548387097,-50.535483870967745,1175.02,15.31,8471.87,282.45,35.620000000000005,207.89
MA,US,MA-US,66,2019-04-17,1,1,221.7391304347826,11.534986106250345,NA,0,NA,NA,NA,NA,NA,NA,NA,NA,NA,NA,NA,NA,NA,NA
MA,US,MA-US,66,2019-05-18,2,31,221.7391304347826,11.534986106250345,NA,0,NA,NA,NA,NA,NA,NA,NA,NA,NA,NA,NA,NA,NA,NA
MA,US,MA-US,66,2019-06-17,3,30,204.3478260869565,11.453308075236077,NA,0,NA,NA,NA,NA,NA,NA,NA,NA,NA,NA,NA,NA,NA,NA
MA,US,MA-US,66,2019-07-18,4,31,204.54545454545456,11.454274725867172,NA,0,NA,NA,NA,NA,NA,NA,NA,NA,NA,NA,NA,NA,NA,NA
MA,US,MA-US,66,2019-08-18,5,31,190.9090909090909,11.38528185438022,NA,0,NA,NA,NA,NA,NA,NA,NA,NA,NA,NA,NA,NA,NA,NA
MA,US,MA-US,66,2019-10-18,6,61,204.76190476190476,11.455332367425308,NA,0,NA,NA,NA,NA,NA,NA,NA,NA,NA,NA,NA,NA,NA,NA
MA,US,MA-US,66,2019-11-17,7,30,210,11.480592034184546,NA,0,NA,NA,NA,NA,NA,NA,NA,NA,NA,NA,NA,NA,NA,NA
MA,US,MA-US,66,2019-12-18,8,31,200,11.431801870015114,NA,0,NA,NA,NA,NA,NA,NA,NA,NA,NA,NA,NA,NA,NA,NA
MA,US,MA-US,66,2020-01-18,9,31,200,11.431801870015114,NA,0,NA,NA,NA,NA,NA,NA,0,0,NA,NA,NA,NA,NA,NA
MA,US,MA-US,66,2020-02-16,10,29,205.26315789473685,11.457777356418374,0,0,-0.05444071200000768,-1.8416880525082926,NA,NA,0,0,-0.01904761904761905,0.5142857142857142,0,0,0.39,0,NA,NA
MA,US,MA-US,66,2020-03-18,11,31,219.23076923076923,11.523609419268237,0,1,0.6620788799999926,0.11790222683466853,-0.05444071200000768,-1.8416880525082926,10.180645161290322,12.263548387096774,-2.535483870967742,4.032258064516129,13.15,0.54,274.99,5.82,0,0
MA,US,MA-US,66,2020-04-17,12,30,223.07692307692307,11.541001161980105,0,1,1.4841159270000017,17.653923182995147,0.6620788799999926,0.11790222683466853,90.86866666666666,71.98333333333333,-67.74666666666667,-32.61333333333334,673.4599999999999,35.620000000000005,21085.48,1165.9,0.54,5.82
MA,US,MA-US,66,2020-05-18,13,31,214.8148148148148,11.50326083399726,0,1,1.3949158309999907,19.075100731030798,1.4841159270000017,17.653923182995147,92.71,72.4,-65.34193548387097,-24.406451612903226,1175.02,15.31,24015.12,1655.11,35.620000000000005,1165.9
SN,AE,SN-AE,67,2019-04-17,1,1,20.689655172413794,7.354217761434124,NA,0,NA,NA,NA,NA,NA,NA,NA,NA,NA,NA,NA,NA,NA,NA
SN,AE,SN-AE,67,2019-05-18,2,31,20.689655172413794,7.354217761434124,NA,0,NA,NA,NA,NA,NA,NA,NA,NA,NA,NA,NA,NA,NA,NA
SN,AE,SN-AE,67,2019-06-17,3,30,20,7.320316209758443,NA,0,NA,NA,NA,NA,NA,NA,NA,NA,NA,NA,NA,NA,NA,NA
SN,AE,SN-AE,67,2019-07-18,4,31,20.37037037037037,7.338665348426638,NA,0,NA,NA,NA,NA,NA,NA,NA,NA,NA,NA,NA,NA,NA,NA
SN,AE,SN-AE,67,2019-08-18,5,31,18.867924528301884,7.262047301634467,NA,0,NA,NA,NA,NA,NA,NA,NA,NA,NA,NA,NA,NA,NA,NA
SN,AE,SN-AE,67,2019-10-18,6,61,19.23076923076923,7.281095496605161,NA,0,NA,NA,NA,NA,NA,NA,NA,NA,NA,NA,NA,NA,NA,NA
SN,AE,SN-AE,67,2019-11-17,7,30,21.153846153846153,7.376405676409486,NA,0,NA,NA,NA,NA,NA,NA,NA,NA,NA,NA,NA,NA,NA,NA
SN,AE,SN-AE,67,2019-12-18,8,31,22.727272727272727,7.448149581268327,NA,0,NA,NA,NA,NA,NA,NA,NA,NA,NA,NA,NA,NA,NA,NA
SN,AE,SN-AE,67,2020-01-18,9,31,20.40816326530612,7.355274327106124,NA,0,NA,NA,NA,NA,NA,NA,0,0,NA,NA,NA,NA,NA,NA
SN,AE,SN-AE,67,2020-02-16,10,29,21.27659574468085,7.396947023506692,0,0,-0.6661696380000087,-0.37264827700000874,NA,NA,0,0,0.07619047619047618,0.21904761904761905,0,0,9,0,NA,NA
SN,AE,SN-AE,67,2020-03-18,11,31,20.967741935483872,7.382324504639151,0.03225806451612903,1,-1.0809358780000036,-0.5732535720000097,-0.6661696380000087,-0.37264827700000874,6.25,11.894516129032258,-2.367741935483871,-1.5870967741935484,18.02,0,104.09,0,0,0
SN,AE,SN-AE,67,2020-04-17,12,30,20.3125,7.35057580632457,0.9333333333333333,1,-3.049178126000002,-0.33997143500000676,-1.0809358780000036,-0.5732535720000097,70,77.29133333333334,-32.86,-51.2,180.85,1.1600000000000001,6194.55,37,0,0
SN,AE,SN-AE,67,2020-05-18,13,31,20.3125,7.35057580632457,1,1,-4.628865686000024,6.093402917999994,-3.049178126000002,-0.33997143500000676,73.38709677419355,77.82451612903226,-36.52258064516129,-53.49032258064516,1280.54,13.93,17903.97,187.18,1.1600000000000001,37
SN,BE,SN-BE,68,2019-04-17,1,1,423.52941176470586,8.96508419941247,NA,0,NA,NA,NA,NA,NA,NA,NA,NA,NA,NA,NA,NA,NA,NA
SN,BE,SN-BE,68,2019-05-18,2,31,423.52941176470586,8.96508419941247,NA,0,NA,NA,NA,NA,NA,NA,NA,NA,NA,NA,NA,NA,NA,NA
SN,BE,SN-BE,68,2019-06-17,3,30,445.945945945946,9.016658985708986,NA,0,NA,NA,NA,NA,NA,NA,NA,NA,NA,NA,NA,NA,NA,NA
SN,BE,SN-BE,68,2019-07-18,4,31,457.1428571428572,9.041457178197044,NA,0,NA,NA,NA,NA,NA,NA,NA,NA,NA,NA,NA,NA,NA,NA
SN,BE,SN-BE,68,2019-08-18,5,31,468.75,9.066530815749159,NA,0,NA,NA,NA,NA,NA,NA,NA,NA,NA,NA,NA,NA,NA,NA
SN,BE,SN-BE,68,2019-10-18,6,61,444.44444444444446,9.013286301230346,NA,0,NA,NA,NA,NA,NA,NA,NA,NA,NA,NA,NA,NA,NA,NA
SN,BE,SN-BE,68,2019-11-17,7,30,465.5172413793103,9.059610372904585,NA,0,NA,NA,NA,NA,NA,NA,NA,NA,NA,NA,NA,NA,NA,NA
SN,BE,SN-BE,68,2019-12-18,8,31,450.9803921568627,9.027885100651499,NA,0,NA,NA,NA,NA,NA,NA,NA,NA,NA,NA,NA,NA,NA,NA
SN,BE,SN-BE,68,2020-01-18,9,31,450.9803921568627,9.057910777199993,NA,0,NA,NA,NA,NA,NA,NA,0,0,NA,NA,NA,NA,NA,NA
SN,BE,SN-BE,68,2020-02-16,10,29,460,9.077713404496173,0,0,-0.6661696380000087,-7.761247963773097,NA,NA,0,7.974137931034483,0.07619047619047618,-0.01904761904761898,0,0,0.8599999999999999,0,NA,NA
SN,BE,SN-BE,68,2020-03-18,11,31,414.89361702127655,8.97450905785481,0,1,-1.0809358780000036,-6.121483689957917,-0.6661696380000087,-7.761247963773097,6.25,20.968387096774194,-2.367741935483871,-3.9483870967741934,18.02,0,1276.6200000000001,12.04,0,0
SN,BE,SN-BE,68,2020-04-17,12,30,419.3548387096774,8.985204346971559,0.8666666666666667,1,-3.049178126000002,55.04852741873276,-1.0809358780000036,-6.121483689957917,70,79.17,-32.86,-51.586666666666666,180.85,1.1600000000000001,29789.4,4426.47,0,12.04
SN,BE,SN-BE,68,2020-05-18,13,31,439.56043956043953,9.032262141592255,1,1,-4.628865686000024,20.242221871748686,-3.049178126000002,55.04852741873276,73.38709677419355,78.09387096774194,-36.52258064516129,-38.825806451612905,1280.54,13.93,16695.68,3367.3,1.1600000000000001,4426.47
SN,BF,SN-BF,69,2019-04-17,1,1,1545.4545454545455,9.1724823652374,NA,0,NA,NA,NA,NA,NA,NA,NA,NA,NA,NA,NA,NA,NA,NA
SN,BF,SN-BF,69,2019-05-18,2,31,1545.4545454545455,9.1724823652374,NA,0,NA,NA,NA,NA,NA,NA,NA,NA,NA,NA,NA,NA,NA,NA
SN,BF,SN-BF,69,2019-06-17,3,30,1727.2727272727273,9.283708000347625,NA,0,NA,NA,NA,NA,NA,NA,NA,NA,NA,NA,NA,NA,NA,NA
SN,BF,SN-BF,69,2019-07-18,4,31,1636.3636363636365,9.229640779077348,NA,0,NA,NA,NA,NA,NA,NA,NA,NA,NA,NA,NA,NA,NA,NA
SN,BF,SN-BF,69,2019-08-18,5,31,1416.6666666666663,9.085470988247769,NA,0,NA,NA,NA,NA,NA,NA,NA,NA,NA,NA,NA,NA,NA,NA
SN,BF,SN-BF,69,2019-10-18,6,61,1500,9.142629402087719,NA,0,NA,NA,NA,NA,NA,NA,NA,NA,NA,NA,NA,NA,NA,NA
SN,BF,SN-BF,69,2019-11-17,7,30,1461.5384615384614,9.116653915684457,NA,0,NA,NA,NA,NA,NA,NA,NA,NA,NA,NA,NA,NA,NA,NA
SN,BF,SN-BF,69,2019-12-18,8,31,1454.5454545454545,9.111857743420964,NA,0,NA,NA,NA,NA,NA,NA,NA,NA,NA,NA,NA,NA,NA,NA
SN,BF,SN-BF,69,2020-01-18,9,31,1538.4615384615386,9.177119661159951,NA,0,NA,NA,NA,NA,NA,NA,0,0,NA,NA,NA,NA,NA,NA
SN,BF,SN-BF,69,2020-02-16,10,29,1428.5714285714284,9.10301168900623,0,0,-0.6661696380000087,-0.9341182490000108,NA,NA,0,0,0.07619047619047618,0.10476190476190475,0,0,0,0,NA,NA
SN,BF,SN-BF,69,2020-03-18,11,31,1571.4285714285716,9.198321868810554,0,1,-1.0809358780000036,-0.6225084270000064,-0.6661696380000087,-0.9341182490000108,6.25,5.241935483870968,-2.367741935483871,-0.40645161290322573,18.02,0,9.32,0.47,0,0
SN,BF,SN-BF,69,2020-04-17,12,30,1466.6666666666667,9.129328997323602,0.7666666666666667,1,-3.049178126000002,2.2656755039999914,-1.0809358780000036,-0.6225084270000064,70,78.47066666666667,-32.86,-24.586666666666666,180.85,1.1600000000000001,249.81,15.86,0,0.47
SN,BF,SN-BF,69,2020-05-18,13,31,1375,9.064790476186031,1,1,-4.628865686000024,1.8566848839999914,-3.049178126000002,2.2656755039999914,73.38709677419355,72.68032258064517,-36.52258064516129,-16.90967741935484,1280.54,13.93,111.22,7.49,1.1600000000000001,15.86
SN,BJ,SN-BJ,70,2019-04-17,1,1,1062.5,8.172853273462753,NA,0,NA,NA,NA,NA,NA,NA,NA,NA,NA,NA,NA,NA,NA,NA
SN,BJ,SN-BJ,70,2019-05-18,2,31,1062.5,8.172853273462753,NA,0,NA,NA,NA,NA,NA,NA,NA,NA,NA,NA,NA,NA,NA,NA
SN,BJ,SN-BJ,70,2019-06-17,3,30,1000,8.112228651646317,NA,0,NA,NA,NA,NA,NA,NA,NA,NA,NA,NA,NA,NA,NA,NA
SN,BJ,SN-BJ,70,2019-07-18,4,31,1000,8.112228651646317,NA,0,NA,NA,NA,NA,NA,NA,NA,NA,NA,NA,NA,NA,NA,NA
SN,BJ,SN-BJ,70,2019-08-18,5,31,875.0000000000001,7.9786972590217955,NA,0,NA,NA,NA,NA,NA,NA,NA,NA,NA,NA,NA,NA,NA,NA
SN,BJ,SN-BJ,70,2019-10-18,6,61,866.6666666666666,7.969127808005645,NA,0,NA,NA,NA,NA,NA,NA,NA,NA,NA,NA,NA,NA,NA,NA
SN,BJ,SN-BJ,70,2019-11-17,7,30,866.6666666666666,7.969127808005645,NA,0,NA,NA,NA,NA,NA,NA,NA,NA,NA,NA,NA,NA,NA,NA
SN,BJ,SN-BJ,70,2019-12-18,8,31,846.1538461538461,7.945174566983152,NA,0,NA,NA,NA,NA,NA,NA,NA,NA,NA,NA,NA,NA,NA,NA
SN,BJ,SN-BJ,70,2020-01-18,9,31,866.6666666666666,7.9954147054163665,NA,0,NA,NA,NA,NA,NA,NA,0,0,NA,NA,NA,NA,NA,NA
SN,BJ,SN-BJ,70,2020-02-16,10,29,812.5,7.930876184278795,0,0,-0.6661696380000087,-0.9191544600000094,NA,NA,0,0,0.07619047619047618,0.047619047619047616,0,0,0,0,NA,NA
SN,BJ,SN-BJ,70,2020-03-18,11,31,823.529411764706,7.9443595346160825,0.12903225806451613,1,-1.0809358780000036,-2.090541572000008,-0.6661696380000087,-0.9191544600000094,6.25,9.67741935483871,-2.367741935483871,1.335483870967742,18.02,0,1.6,0,0,0
SN,BJ,SN-BJ,70,2020-04-17,12,30,833.3333333333334,7.956193992263085,0.5,1,-3.049178126000002,-3.6908663490000198,-1.0809358780000036,-2.090541572000008,70,55.678666666666665,-32.86,-9.06,180.85,1.1600000000000001,26.5,0.8,0,0
SN,BJ,SN-BJ,70,2020-05-18,13,31,800,7.91537199774283,0.5,1,-4.628865686000024,-4.131021556000024,-3.049178126000002,-3.6908663490000198,73.38709677419355,69.54064516129031,-36.52258064516129,-10.858064516129032,1280.54,13.93,244.16,0.8,1.1600000000000001,0.8
SN,CA,SN-CA,71,2019-04-17,1,1,177.7777777777778,9.508421994877484,NA,0,NA,NA,NA,NA,NA,NA,NA,NA,NA,NA,NA,NA,NA,NA
SN,CA,SN-CA,71,2019-05-18,2,31,177.7777777777778,9.508421994877484,NA,0,NA,NA,NA,NA,NA,NA,NA,NA,NA,NA,NA,NA,NA,NA
SN,CA,SN-CA,71,2019-06-17,3,30,179.41176470588235,9.51757118953107,NA,0,NA,NA,NA,NA,NA,NA,NA,NA,NA,NA,NA,NA,NA,NA
SN,CA,SN-CA,71,2019-07-18,4,31,173.52941176470588,9.484234769263479,NA,0,NA,NA,NA,NA,NA,NA,NA,NA,NA,NA,NA,NA,NA,NA
SN,CA,SN-CA,71,2019-08-18,5,31,166.66666666666669,9.443883473739913,NA,0,NA,NA,NA,NA,NA,NA,NA,NA,NA,NA,NA,NA,NA,NA
SN,CA,SN-CA,71,2019-10-18,6,61,184.375,9.544859391079914,NA,0,NA,NA,NA,NA,NA,NA,NA,NA,NA,NA,NA,NA,NA,NA
SN,CA,SN-CA,71,2019-11-17,7,30,186.66666666666663,9.557212159046914,NA,0,NA,NA,NA,NA,NA,NA,NA,NA,NA,NA,NA,NA,NA,NA
SN,CA,SN-CA,71,2019-12-18,8,31,188.88888888888889,9.569046616693917,NA,0,NA,NA,NA,NA,NA,NA,NA,NA,NA,NA,NA,NA,NA,NA
SN,CA,SN-CA,71,2020-01-18,9,31,185.71428571428572,9.561197351478873,NA,0,NA,NA,NA,NA,NA,NA,0,0,NA,NA,NA,NA,NA,NA
SN,CA,SN-CA,71,2020-02-16,10,29,188.88888888888889,9.578146909792645,0,0,-0.6661696380000087,-2.39680669049098,NA,NA,0,0,0.07619047619047618,0.819047619047619,0,0,2.3600000000000003,0,NA,NA
SN,CA,SN-CA,71,2020-03-18,11,31,183.33333333333337,9.548293946642964,0.03225806451612903,1,-1.0809358780000036,-2.296684874739521,-0.6661696380000087,-2.39680669049098,6.25,8.199032258064516,-2.367741935483871,1.5225806451612902,18.02,0,285.79,4.99,0,0
SN,CA,SN-CA,71,2020-04-17,12,30,179.06976744186048,9.52476344923277,1,1,-3.049178126000002,6.374697466904178,-1.0809358780000036,-2.296684874739521,70,70.969,-32.86,-41.48,180.85,1.1600000000000001,9192.55,693.76,0,4.99
SN,CA,SN-CA,71,2020-05-18,13,31,185.71428571428572,9.561197351478873,1,1,-4.628865686000024,12.362079618826794,-3.049178126000002,6.374697466904178,73.38709677419355,70.81322580645161,-36.52258064516129,-31.038709677419355,1280.54,13.93,11476.59,1219.16,1.1600000000000001,693.76
SN,CI,SN-CI,72,2019-04-17,1,1,3125,11.206853416465163,NA,0,NA,NA,NA,NA,NA,NA,NA,NA,NA,NA,NA,NA,NA,NA
SN,CI,SN-CI,72,2019-05-18,2,31,3125,11.206853416465163,NA,0,NA,NA,NA,NA,NA,NA,NA,NA,NA,NA,NA,NA,NA,NA
SN,CI,SN-CI,72,2019-06-17,3,30,3200,11.230569943082479,NA,0,NA,NA,NA,NA,NA,NA,NA,NA,NA,NA,NA,NA,NA,NA
SN,CI,SN-CI,72,2019-07-18,4,31,NA,NA,NA,0,NA,NA,NA,NA,NA,NA,NA,NA,NA,NA,NA,NA,NA,NA
SN,CI,SN-CI,72,2019-08-18,5,31,3076.923076923077,11.191349229929198,NA,0,NA,NA,NA,NA,NA,NA,NA,NA,NA,NA,NA,NA,NA,NA
SN,CI,SN-CI,72,2019-10-18,6,61,3400.0000000000005,11.291194564898914,NA,0,NA,NA,NA,NA,NA,NA,NA,NA,NA,NA,NA,NA,NA,NA
SN,CI,SN-CI,72,2019-11-17,7,30,3018.867924528302,11.172301034958505,NA,0,NA,NA,NA,NA,NA,NA,NA,NA,NA,NA,NA,NA,NA,NA
SN,CI,SN-CI,72,2019-12-18,8,31,3333.3333333333335,11.271391937602735,NA,0,NA,NA,NA,NA,NA,NA,NA,NA,NA,NA,NA,NA,NA,NA
SN,CI,SN-CI,72,2020-01-18,9,31,2962.962962962963,11.16085113064653,NA,0,NA,NA,NA,NA,NA,NA,0,0,NA,NA,NA,NA,NA,NA
SN,CI,SN-CI,72,2020-02-16,10,29,3035.714285714286,11.18510810829209,0,0,-0.6661696380000087,-0.9186002160000094,NA,NA,0,0,0.07619047619047618,0.3142857142857143,0,0,0,0,NA,NA
SN,CI,SN-CI,72,2020-03-18,11,31,3214.2857142857138,11.242266522132038,0,1,-1.0809358780000036,-2.0733691080000076,-0.6661696380000087,-0.9186002160000094,6.25,4.032258064516129,-2.367741935483871,2.9096774193548387,18.02,0,2.2199999999999998,0,0,0
SN,CI,SN-CI,72,2020-04-17,12,30,3103.448275862069,11.207175202320768,0.7666666666666667,1,-3.049178126000002,-4.428246182000026,-1.0809358780000036,-2.0733691080000076,70,74.44066666666667,-32.86,-21.573333333333334,180.85,1.1600000000000001,252.12,2.2199999999999998,0,0
SN,CI,SN-CI,72,2020-05-18,13,31,2950.8196721311474,11.156744348693877,1,1,-4.628865686000024,-3.679440321000009,-3.049178126000002,-4.428246182000026,73.38709677419355,73.31806451612904,-36.52258064516129,-19.89032258064516,1280.54,13.93,528.9399999999999,8.14,1.1600000000000001,2.2199999999999998
SN,DE,SN-DE,73,2019-04-17,1,1,82.5,9.364710375790024,NA,0,NA,NA,NA,NA,NA,NA,NA,NA,NA,NA,NA,NA,NA,NA
SN,DE,SN-DE,73,2019-05-18,2,31,82.5,9.364710375790024,NA,0,NA,NA,NA,NA,NA,NA,NA,NA,NA,NA,NA,NA,NA,NA
SN,DE,SN-DE,73,2019-06-17,3,30,83.33333333333334,9.374760711643525,NA,0,NA,NA,NA,NA,NA,NA,NA,NA,NA,NA,NA,NA,NA,NA
SN,DE,SN-DE,73,2019-07-18,4,31,82.85714285714286,9.36903003693454,NA,0,NA,NA,NA,NA,NA,NA,NA,NA,NA,NA,NA,NA,NA,NA
SN,DE,SN-DE,73,2019-08-18,5,31,84.375,9.387183231642082,NA,0,NA,NA,NA,NA,NA,NA,NA,NA,NA,NA,NA,NA,NA,NA
SN,DE,SN-DE,73,2019-10-18,6,61,86.66666666666666,9.413981424796805,NA,0,NA,NA,NA,NA,NA,NA,NA,NA,NA,NA,NA,NA,NA,NA
SN,DE,SN-DE,73,2019-11-17,7,30,82.14285714285715,9.360371974191425,NA,0,NA,NA,NA,NA,NA,NA,NA,NA,NA,NA,NA,NA,NA,NA
SN,DE,SN-DE,73,2019-12-18,8,31,83.33333333333334,9.374760711643525,NA,0,NA,NA,NA,NA,NA,NA,NA,NA,NA,NA,NA,NA,NA,NA
SN,DE,SN-DE,73,2020-01-18,9,31,86.95652173913044,9.429598476079072,NA,0,NA,NA,NA,NA,NA,NA,0,0,NA,NA,NA,NA,NA,NA
SN,DE,SN-DE,73,2020-02-16,10,29,86.36363636363636,9.422756944262355,0,0,-0.6661696380000087,-7.367794497499651,NA,NA,0,6.25,0.07619047619047618,0.8857142857142858,0,0,1.92,0,NA,NA
SN,DE,SN-DE,73,2020-03-18,11,31,76.19047619047619,9.29742670297059,0.016129032258064516,1,-1.0809358780000036,-10.984256402020506,-0.6661696380000087,-7.367794497499651,6.25,24.14225806451613,-2.367741935483871,0.8838709677419354,18.02,0,975.22,1.44,0,0
SN,DE,SN-DE,73,2020-04-17,12,30,73.80952380952381,9.265678004656008,1,1,-3.049178126000002,5.806642015156264,-1.0809358780000036,-10.984256402020506,70,72.10199999999999,-32.86,-29.986666666666665,180.85,1.1600000000000001,14973.95,459.6,0,1.44
SN,DE,SN-DE,73,2020-05-18,13,31,76.19047619047619,9.29742670297059,1,1,-4.628865686000024,1.5126255965833602,-3.049178126000002,5.806642015156264,73.38709677419355,67.71096774193548,-36.52258064516129,-15.95483870967742,1280.54,13.93,4870.87,484.75,1.1600000000000001,459.6
SN,DZ,SN-DZ,74,2019-04-17,1,1,114.28571428571428,5.551506115457267,NA,0,NA,NA,NA,NA,NA,NA,NA,NA,NA,NA,NA,NA,NA,NA
SN,DZ,SN-DZ,74,2019-05-18,2,31,114.28571428571428,5.551506115457267,NA,0,NA,NA,NA,NA,NA,NA,NA,NA,NA,NA,NA,NA,NA,NA
SN,DZ,SN-DZ,74,2019-06-17,3,30,106.66666666666669,5.482513243970316,NA,0,NA,NA,NA,NA,NA,NA,NA,NA,NA,NA,NA,NA,NA,NA
SN,DZ,SN-DZ,74,2019-07-18,4,31,114.28571428571428,5.551506115457267,NA,0,NA,NA,NA,NA,NA,NA,NA,NA,NA,NA,NA,NA,NA,NA
SN,DZ,SN-DZ,74,2019-08-18,5,31,114.28571428571428,5.551506115457267,NA,0,NA,NA,NA,NA,NA,NA,NA,NA,NA,NA,NA,NA,NA,NA
SN,DZ,SN-DZ,74,2019-10-18,6,61,123.07692307692308,5.625614087610988,NA,0,NA,NA,NA,NA,NA,NA,NA,NA,NA,NA,NA,NA,NA,NA
SN,DZ,SN-DZ,74,2019-11-17,7,30,115.3846153846154,5.561075566473417,NA,0,NA,NA,NA,NA,NA,NA,NA,NA,NA,NA,NA,NA,NA,NA
SN,DZ,SN-DZ,74,2019-12-18,8,31,108.33333333333331,5.49801743050628,NA,0,NA,NA,NA,NA,NA,NA,NA,NA,NA,NA,NA,NA,NA,NA
SN,DZ,SN-DZ,74,2020-01-18,9,31,115.3846153846154,5.572139638326813,NA,0,NA,NA,NA,NA,NA,NA,0,NA,NA,NA,NA,NA,NA,NA
SN,DZ,SN-DZ,74,2020-02-16,10,29,115.3846153846154,5.572139638326813,0,0,-0.6661696380000087,-0.25971176300000764,NA,NA,0,0,0.07619047619047618,NA,0,0,0,0,NA,NA
SN,DZ,SN-DZ,74,2020-03-18,11,31,114.28571428571428,5.562570187310661,0,1,-1.0809358780000036,-0.15990853300000904,-0.6661696380000087,-0.25971176300000764,6.25,9.274193548387096,-2.367741935483871,NA,18.02,0,16.59,1.5499999999999998,0,0
SN,DZ,SN-DZ,74,2020-04-17,12,30,106.66666666666669,5.4935773158237104,0.03333333333333333,1,-3.049178126000002,1.657896004999996,-1.0809358780000036,-0.15990853300000904,70,75.542,-32.86,NA,180.85,1.1600000000000001,525.38,80.03,0,1.5499999999999998
SN,DZ,SN-DZ,74,2020-05-18,13,31,106.66666666666669,5.4935773158237104,1,1,-4.628865686000024,0.4254319259999927,-3.049178126000002,1.657896004999996,73.38709677419355,78.09354838709677,-36.52258064516129,NA,1280.54,13.93,1072.01,42.77,1.1600000000000001,80.03
SN,EG,SN-EG,75,2019-04-17,1,1,109.0909090909091,6.207587150650924,NA,0,NA,NA,NA,NA,NA,NA,NA,NA,NA,NA,NA,NA,NA,NA
SN,EG,SN-EG,75,2019-05-18,2,31,109.0909090909091,6.207587150650924,NA,0,NA,NA,NA,NA,NA,NA,NA,NA,NA,NA,NA,NA,NA,NA
SN,EG,SN-EG,75,2019-06-17,3,30,91.66666666666669,6.0335643966716646,NA,0,NA,NA,NA,NA,NA,NA,NA,NA,NA,NA,NA,NA,NA,NA
SN,EG,SN-EG,75,2019-07-18,4,31,NA,NA,NA,0,NA,NA,NA,NA,NA,NA,NA,NA,NA,NA,NA,NA,NA,NA
SN,EG,SN-EG,75,2019-08-18,5,31,83.33333333333334,5.93825421686734,NA,0,NA,NA,NA,NA,NA,NA,NA,NA,NA,NA,NA,NA,NA,NA
SN,EG,SN-EG,75,2019-10-18,6,61,91.66666666666669,6.0335643966716646,NA,0,NA,NA,NA,NA,NA,NA,NA,NA,NA,NA,NA,NA,NA,NA
SN,EG,SN-EG,75,2019-11-17,7,30,100,6.120575773661295,NA,0,NA,NA,NA,NA,NA,NA,NA,NA,NA,NA,NA,NA,NA,NA
SN,EG,SN-EG,75,2019-12-18,8,31,90.9090909090909,6.02526559385697,NA,0,NA,NA,NA,NA,NA,NA,NA,NA,NA,NA,NA,NA,NA,NA
SN,EG,SN-EG,75,2020-01-18,9,31,90.9090909090909,6.078114140133001,NA,0,NA,NA,NA,NA,NA,NA,0,0,NA,NA,NA,NA,NA,NA
SN,EG,SN-EG,75,2020-02-16,10,29,90.9090909090909,6.078114140133001,0,0,-0.6661696380000087,0.2850492140671087,NA,NA,0,0,0.07619047619047618,0.5619047619047619,0,0,0.1,0,NA,NA
SN,EG,SN-EG,75,2020-03-18,11,31,84.61538461538461,6.00637023527416,0,1,-1.0809358780000036,2.3774626470532505,-0.6661696380000087,0.2850492140671087,6.25,2.419032258064516,-2.367741935483871,-0.8322580645161292,18.02,0,18.72,0.5800000000000001,0,0
SN,EG,SN-EG,75,2020-04-17,12,30,84.61538461538461,6.00637023527416,1,1,-3.049178126000002,1.0601522401633328,-1.0809358780000036,2.3774626470532505,70,72.08133333333333,-32.86,-40.29333333333334,180.85,1.1600000000000001,253.98999999999998,19.11,0,0.5800000000000001
SN,EG,SN-EG,75,2020-05-18,13,31,84.61538461538461,6.00637023527416,1,1,-4.628865686000024,7.266435707409011,-3.049178126000002,1.0601522401633328,73.38709677419355,82.29,-36.52258064516129,-35.58064516129032,1280.54,13.93,951.48,42.21,1.1600000000000001,19.11
SN,ES,SN-ES,76,2019-04-17,1,1,1241.3793103448274,11.258183825316804,NA,0,NA,NA,NA,NA,NA,NA,NA,NA,NA,NA,NA,NA,NA,NA
SN,ES,SN-ES,76,2019-05-18,2,31,1241.3793103448274,11.258183825316804,NA,0,NA,NA,NA,NA,NA,NA,NA,NA,NA,NA,NA,NA,NA,NA
SN,ES,SN-ES,76,2019-06-17,3,30,1370.3703703703704,11.357041763487064,NA,0,NA,NA,NA,NA,NA,NA,NA,NA,NA,NA,NA,NA,NA,NA
SN,ES,SN-ES,76,2019-07-18,4,31,1370.3703703703704,11.357041763487064,NA,0,NA,NA,NA,NA,NA,NA,NA,NA,NA,NA,NA,NA,NA,NA
SN,ES,SN-ES,76,2019-08-18,5,31,1400,11.378432953468382,NA,0,NA,NA,NA,NA,NA,NA,NA,NA,NA,NA,NA,NA,NA,NA
SN,ES,SN-ES,76,2019-10-18,6,61,1416.6666666666663,11.390267411115385,NA,0,NA,NA,NA,NA,NA,NA,NA,NA,NA,NA,NA,NA,NA,NA
SN,ES,SN-ES,76,2019-11-17,7,30,1391.304347826087,11.372202403717745,NA,0,NA,NA,NA,NA,NA,NA,NA,NA,NA,NA,NA,NA,NA,NA
SN,ES,SN-ES,76,2019-12-18,8,31,1400,11.378432953468382,NA,0,NA,NA,NA,NA,NA,NA,NA,NA,NA,NA,NA,NA,NA,NA
SN,ES,SN-ES,76,2020-01-18,9,31,1450,11.478110432798118,NA,0,NA,NA,NA,NA,NA,NA,0,0,NA,NA,NA,NA,NA,NA
SN,ES,SN-ES,76,2020-02-16,10,29,1421.0526315789473,11.457944763203525,0,0,-0.6661696380000087,-3.7313524404212677,NA,NA,0,7.327586206896552,0.07619047619047618,0.5428571428571429,0,0,0.42,0,NA,NA
SN,ES,SN-ES,76,2020-03-18,11,31,1062.5,11.167171498182071,0,1,-1.0809358780000036,1.450599322967469,-0.6661696380000087,-3.7313524404212677,6.25,25.68935483870968,-2.367741935483871,-6.793548387096774,18.02,0,2975.28,133.26,0,0
SN,ES,SN-ES,76,2020-04-17,12,30,1062.5,11.167171498182071,0.8333333333333334,1,-3.049178126000002,85.67832603368574,-1.0809358780000036,1.450599322967469,70,77.79333333333334,-32.86,-76.07333333333334,180.85,1.1600000000000001,37849.67,4145.65,0,133.26
SN,ES,SN-ES,76,2020-05-18,13,31,1096.774193548387,11.198920196496651,1,1,-4.628865686000024,13.978452558182163,-3.049178126000002,85.67832603368574,73.38709677419355,81.56806451612903,-36.52258064516129,-60.825806451612905,1280.54,13.93,10867.61,1648.72,1.1600000000000001,4145.65
SN,FR,SN-FR,77,2019-04-17,1,1,2054.0540540540537,12.008190382448152,NA,0,NA,NA,NA,NA,NA,NA,NA,NA,NA,NA,NA,NA,NA,NA
SN,FR,SN-FR,77,2019-05-18,2,31,2054.0540540540537,12.008190382448152,NA,0,NA,NA,NA,NA,NA,NA,NA,NA,NA,NA,NA,NA,NA,NA
SN,FR,SN-FR,77,2019-06-17,3,30,2058.823529411765,12.010509672239243,NA,0,NA,NA,NA,NA,NA,NA,NA,NA,NA,NA,NA,NA,NA,NA
SN,FR,SN-FR,77,2019-07-18,4,31,2060.6060606060605,12.011375098515671,NA,0,NA,NA,NA,NA,NA,NA,NA,NA,NA,NA,NA,NA,NA,NA
SN,FR,SN-FR,77,2019-08-18,5,31,2033.3333333333333,11.998051437317201,NA,0,NA,NA,NA,NA,NA,NA,NA,NA,NA,NA,NA,NA,NA,NA
SN,FR,SN-FR,77,2019-10-18,6,61,2137.9310344827586,12.048213509864663,NA,0,NA,NA,NA,NA,NA,NA,NA,NA,NA,NA,NA,NA,NA,NA
SN,FR,SN-FR,77,2019-11-17,7,30,2111.1111111111113,12.035589356636267,NA,0,NA,NA,NA,NA,NA,NA,NA,NA,NA,NA,NA,NA,NA,NA
SN,FR,SN-FR,77,2019-12-18,8,31,2083.333333333333,12.022344129886246,NA,0,NA,NA,NA,NA,NA,NA,NA,NA,NA,NA,NA,NA,NA,NA
SN,FR,SN-FR,77,2020-01-18,9,31,2083.333333333333,12.032874097671508,NA,0,NA,NA,NA,NA,NA,NA,0,0,NA,NA,NA,NA,NA,NA
SN,FR,SN-FR,77,2020-02-16,10,29,2043.4782608695652,12.013558308372216,0,0,-0.6661696380000087,-6.100648022956907,NA,NA,0,2.5820689655172413,0.07619047619047618,0.5047619047619047,0,0,1.79,0.15,NA,NA
SN,FR,SN-FR,77,2020-03-18,11,31,2000,11.992052103151254,0,1,-1.0809358780000036,-3.3571007839634004,-0.6661696380000087,-6.100648022956907,6.25,33.81741935483871,-2.367741935483871,-4.516129032258064,18.02,0,1351.04,21.95,0,0.15
SN,FR,SN-FR,77,2020-04-17,12,30,2051.2820512820513,12.017369911135543,0.9666666666666667,1,-3.049178126000002,31.781303991662657,-1.0809358780000036,-3.3571007839634004,70,89.58,-32.86,-68.99333333333333,180.85,1.1600000000000001,23498.55,2746.14,0,21.95
SN,FR,SN-FR,77,2020-05-18,13,31,2025.6410256410256,12.004791128928684,1,1,-4.628865686000024,4.481575407596624,-3.049178126000002,31.781303991662657,73.38709677419355,86.3541935483871,-36.52258064516129,-54.806451612903224,1280.54,13.93,5673.07,1420.62,1.1600000000000001,2746.14
SN,GA,SN-GA,78,2019-04-17,1,1,7142.857142857142,10.084882281059626,NA,0,NA,NA,NA,NA,NA,NA,NA,NA,NA,NA,NA,NA,NA,NA
SN,GA,SN-GA,78,2019-05-18,2,31,7142.857142857142,10.084882281059626,NA,0,NA,NA,NA,NA,NA,NA,NA,NA,NA,NA,NA,NA,NA,NA
SN,GA,SN-GA,78,2019-06-17,3,30,7333.333333333333,10.111199589376998,NA,0,NA,NA,NA,NA,NA,NA,NA,NA,NA,NA,NA,NA,NA,NA
SN,GA,SN-GA,78,2019-07-18,4,31,NA,NA,NA,0,NA,NA,NA,NA,NA,NA,NA,NA,NA,NA,NA,NA,NA,NA
SN,GA,SN-GA,78,2019-08-18,5,31,7333.333333333333,10.111199589376998,NA,0,NA,NA,NA,NA,NA,NA,NA,NA,NA,NA,NA,NA,NA,NA
SN,GA,SN-GA,78,2019-10-18,6,61,7333.333333333333,10.111199589376998,NA,0,NA,NA,NA,NA,NA,NA,NA,NA,NA,NA,NA,NA,NA,NA
SN,GA,SN-GA,78,2019-11-17,7,30,7333.333333333333,10.111199589376998,NA,0,NA,NA,NA,NA,NA,NA,NA,NA,NA,NA,NA,NA,NA,NA
SN,GA,SN-GA,78,2019-12-18,8,31,7307.6923076923085,10.107696958825796,NA,0,NA,NA,NA,NA,NA,NA,NA,NA,NA,NA,NA,NA,NA,NA
SN,GA,SN-GA,78,2020-01-18,9,31,6666.666666666667,10.032006548530187,NA,0,NA,NA,NA,NA,NA,NA,0,0,NA,NA,NA,NA,NA,NA
SN,GA,SN-GA,78,2020-02-16,10,29,6666.666666666667,10.032006548530187,0,0,-0.6661696380000087,0.3083846649999922,NA,NA,0,5.603448275862069,0.07619047619047618,-0.13333333333333333,0,0,0,0,NA,NA
SN,GA,SN-GA,78,2020-03-18,11,31,7333.333333333333,10.127316728334513,0,1,-1.0809358780000036,-0.4672778570000087,-0.6661696380000087,0.3083846649999922,6.25,11.692580645161291,-2.367741935483871,-3.903225806451613,18.02,0,4.39,0,0,0
SN,GA,SN-GA,78,2020-04-17,12,30,6875.000000000001,10.062778207196942,0,1,-3.049178126000002,-2.4139460400000066,-1.0809358780000036,-0.4672778570000087,70,68.301,-32.86,-30.606666666666666,180.85,1.1600000000000001,469.54,4.39,0,0
SN,GA,SN-GA,78,2020-05-18,13,31,6875.000000000001,10.062778207196942,0,1,-4.628865686000024,-1.2883015540000102,-3.049178126000002,-2.4139460400000066,73.38709677419355,78.42645161290322,-36.52258064516129,-31.07741935483871,1280.54,13.93,5809.99,43.9,1.1600000000000001,4.39
SN,GB,SN-GB,79,2019-04-17,1,1,62.16216216216216,8.618721705471037,NA,0,NA,NA,NA,NA,NA,NA,NA,NA,NA,NA,NA,NA,NA,NA
SN,GB,SN-GB,79,2019-05-18,2,31,62.16216216216216,8.618721705471037,NA,0,NA,NA,NA,NA,NA,NA,NA,NA,NA,NA,NA,NA,NA,NA
SN,GB,SN-GB,79,2019-06-17,3,30,64.70588235294119,8.658827330928265,NA,0,NA,NA,NA,NA,NA,NA,NA,NA,NA,NA,NA,NA,NA,NA
SN,GB,SN-GB,79,2019-07-18,4,31,65.625,8.672931937109807,NA,0,NA,NA,NA,NA,NA,NA,NA,NA,NA,NA,NA,NA,NA,NA
SN,GB,SN-GB,79,2019-08-18,5,31,63.33333333333333,8.637386999690396,NA,0,NA,NA,NA,NA,NA,NA,NA,NA,NA,NA,NA,NA,NA,NA
SN,GB,SN-GB,79,2019-10-18,6,61,65.51724137931035,8.671288551366077,NA,0,NA,NA,NA,NA,NA,NA,NA,NA,NA,NA,NA,NA,NA,NA
SN,GB,SN-GB,79,2019-11-17,7,30,69.23076923076923,8.726420622060793,NA,0,NA,NA,NA,NA,NA,NA,NA,NA,NA,NA,NA,NA,NA,NA
SN,GB,SN-GB,79,2019-12-18,8,31,69.56521739130436,8.731239908496743,NA,0,NA,NA,NA,NA,NA,NA,NA,NA,NA,NA,NA,NA,NA,NA
SN,GB,SN-GB,79,2020-01-18,9,31,69.56521739130436,8.731239908496743,NA,0,NA,NA,NA,NA,NA,NA,0,0,NA,NA,NA,NA,NA,NA
SN,GB,SN-GB,79,2020-02-16,10,29,68.18181818181819,8.711153149930006,0,0,-0.6661696380000087,-5.585529643474672,NA,NA,0,9.483103448275862,0.07619047619047618,-1.1523809523809523,0,0,2.6599999999999997,0,NA,NA
SN,GB,SN-GB,79,2020-03-18,11,31,64.44444444444444,8.654778742402264,0,1,-1.0809358780000036,-3.277014686264463,-0.6661696380000087,-5.585529643474672,6.25,14.045483870967741,-2.367741935483871,0.16129032258064516,18.02,0,796.55,17.02,0,0
SN,GB,SN-GB,79,2020-04-17,12,30,63.63636363636364,8.642160278443054,0,1,-3.049178126000002,37.84531918474078,-1.0809358780000036,-3.277014686264463,70,84.25066666666666,-32.86,-48.513333333333335,180.85,1.1600000000000001,16379.37,2469.7999999999997,0,17.02
SN,GB,SN-GB,79,2020-05-18,13,31,65.11627906976744,8.665149796667752,0,1,-4.628865686000024,48.87929599668614,-3.049178126000002,37.84531918474078,73.38709677419355,87.63225806451612,-36.52258064516129,-45.65806451612903,1280.54,13.93,16989.56,2499.32,1.1600000000000001,2469.7999999999997
SN,GM,SN-GM,80,2019-04-17,1,1,21250,10.550212853304316,NA,0,NA,NA,NA,NA,NA,NA,NA,NA,NA,NA,NA,NA,NA,NA
SN,GM,SN-GM,80,2019-05-18,2,31,21250,10.550212853304316,NA,0,NA,NA,NA,NA,NA,NA,NA,NA,NA,NA,NA,NA,NA,NA
SN,GM,SN-GM,80,2019-06-17,3,30,22784.810126582277,10.619950049351125,NA,0,NA,NA,NA,NA,NA,NA,NA,NA,NA,NA,NA,NA,NA,NA
SN,GM,SN-GM,80,2019-07-18,4,31,21794.871794871797,10.575530661288607,NA,0,NA,NA,NA,NA,NA,NA,NA,NA,NA,NA,NA,NA,NA,NA
SN,GM,SN-GM,80,2019-08-18,5,31,20000,10.489588231487883,NA,0,NA,NA,NA,NA,NA,NA,NA,NA,NA,NA,NA,NA,NA,NA
SN,GM,SN-GM,80,2019-10-18,6,61,21176.470588235297,10.546746645327831,NA,0,NA,NA,NA,NA,NA,NA,NA,NA,NA,NA,NA,NA,NA,NA
SN,GM,SN-GM,80,2019-11-17,7,30,20481.927710843374,10.513398880181601,NA,0,NA,NA,NA,NA,NA,NA,NA,NA,NA,NA,NA,NA,NA,NA
SN,GM,SN-GM,80,2019-12-18,8,31,21212.121212121212,10.548428731510816,NA,0,NA,NA,NA,NA,NA,NA,NA,NA,NA,NA,NA,NA,NA,NA
SN,GM,SN-GM,80,2020-01-18,9,31,21428.571428571428,10.572872866113036,NA,0,NA,NA,NA,NA,NA,NA,0,NA,NA,NA,NA,NA,NA,NA
SN,GM,SN-GM,80,2020-02-16,10,29,22093.02325581395,10.603409589973117,0,0,-0.6661696380000087,0.5316599859999913,NA,NA,0,2.1551724137931036,0.07619047619047618,NA,0,0,0,0,NA,NA
SN,GM,SN-GM,80,2020-03-18,11,31,23333.333333333332,10.658030674453341,0,1,-1.0809358780000036,-0.5200771330000095,-0.6661696380000087,0.5316599859999913,6.25,11.727096774193548,-2.367741935483871,NA,18.02,0,4.0200000000000005,0,0,0
SN,GM,SN-GM,80,2020-04-17,12,30,22000,10.599190174430408,0,1,-3.049178126000002,-1.9474679680000064,-1.0809358780000036,-0.5200771330000095,70,69.37333333333333,-32.86,NA,180.85,1.1600000000000001,32.17,4.0200000000000005,0,0
SN,GM,SN-GM,80,2020-05-18,13,31,22222.222222222223,10.609240510283911,0.8709677419354839,1,-4.628865686000024,-0.7011654790000086,-3.049178126000002,-1.9474679680000064,73.38709677419355,76.00645161290323,-36.52258064516129,NA,1280.54,13.93,60.31,0,1.1600000000000001,4.0200000000000005
SN,GN,SN-GN,81,2019-04-17,1,1,5916.666666666667,8.683103762919158,NA,0,NA,NA,NA,NA,NA,NA,NA,NA,NA,NA,NA,NA,NA,NA
SN,GN,SN-GN,81,2019-05-18,2,31,5916.666666666667,8.683103762919158,NA,0,NA,NA,NA,NA,NA,NA,NA,NA,NA,NA,NA,NA,NA,NA
SN,GN,SN-GN,81,2019-06-17,3,30,6666.666666666667,8.802450520551723,NA,0,NA,NA,NA,NA,NA,NA,NA,NA,NA,NA,NA,NA,NA,NA
SN,GN,SN-GN,81,2019-07-18,4,31,6583.333333333333,8.789871738344864,NA,0,NA,NA,NA,NA,NA,NA,NA,NA,NA,NA,NA,NA,NA,NA
SN,GN,SN-GN,81,2019-08-18,5,31,5846.153846153846,8.671114518490636,NA,0,NA,NA,NA,NA,NA,NA,NA,NA,NA,NA,NA,NA,NA,NA
SN,GN,SN-GN,81,2019-10-18,6,61,6615.384615384616,8.794728474457813,NA,0,NA,NA,NA,NA,NA,NA,NA,NA,NA,NA,NA,NA,NA,NA
SN,GN,SN-GN,81,2019-11-17,7,30,6461.538461538462,8.771197977047619,NA,0,NA,NA,NA,NA,NA,NA,NA,NA,NA,NA,NA,NA,NA,NA
SN,GN,SN-GN,81,2019-12-18,8,31,6000,8.697090004893898,NA,0,NA,NA,NA,NA,NA,NA,NA,NA,NA,NA,NA,NA,NA,NA
SN,GN,SN-GN,81,2020-01-18,9,31,6285.714285714286,8.784885514935791,NA,0,NA,NA,NA,NA,NA,NA,0,NA,NA,NA,NA,NA,NA,NA
SN,GN,SN-GN,81,2020-02-16,10,29,6428.5714285714275,8.8073583707878491,0,0,-0.6661696380000087,0.2922171439999935,NA,NA,0,8.620689655172415,0.07619047619047618,NA,0,0,0,0,NA,NA
SN,GN,SN-GN,81,2020-03-18,11,31,6666.666666666667,8.843726014958724,0,1,-1.0809358780000036,-0.0568776500000086,-0.6661696380000087,0.2922171439999935,6.25,12.5,-2.367741935483871,NA,18.02,0,0.74,0,0,0
SN,GN,SN-GN,81,2020-04-17,12,30,6470.588235294118,8.813873051809043,0.8666666666666667,1,-3.049178126000002,-0.8939751220000102,-1.0809358780000036,-0.0568776500000086,70,59.513000000000005,-32.86,NA,180.85,1.1600000000000001,352.67,2.2199999999999998,0,0
SN,GN,SN-GN,81,2020-05-18,13,31,6875.000000000001,8.874497673625479,1,1,-4.628865686000024,0.5275490909999868,-3.049178126000002,-0.8939751220000102,73.38709677419355,76.04,-36.52258064516129,NA,1280.54,13.93,1718.1399999999999,9.620000000000001,1.1600000000000001,2.2199999999999998
SN,IT,SN-IT,82,2019-04-17,1,1,1851.8518518518515,11.594501408145867,NA,0,NA,NA,NA,NA,NA,NA,NA,NA,NA,NA,NA,NA,NA,NA
SN,IT,SN-IT,82,2019-05-18,2,31,1851.8518518518515,11.594501408145867,NA,0,NA,NA,NA,NA,NA,NA,NA,NA,NA,NA,NA,NA,NA,NA
SN,IT,SN-IT,82,2019-06-17,3,30,1884.6153846153843,11.612039028811195,NA,0,NA,NA,NA,NA,NA,NA,NA,NA,NA,NA,NA,NA,NA,NA
SN,IT,SN-IT,82,2019-07-18,4,31,1880,11.609587045563908,NA,0,NA,NA,NA,NA,NA,NA,NA,NA,NA,NA,NA,NA,NA,NA
SN,IT,SN-IT,82,2019-08-18,5,31,1913.0434782608695,11.627010686711161,NA,0,NA,NA,NA,NA,NA,NA,NA,NA,NA,NA,NA,NA,NA,NA
SN,IT,SN-IT,82,2019-10-18,6,61,1954.5454545454547,11.648472931057297,NA,0,NA,NA,NA,NA,NA,NA,NA,NA,NA,NA,NA,NA,NA,NA
SN,IT,SN-IT,82,2019-11-17,7,30,2000,11.671462449281995,NA,0,NA,NA,NA,NA,NA,NA,NA,NA,NA,NA,NA,NA,NA,NA
SN,IT,SN-IT,82,2019-12-18,8,31,1941.1764705882351,11.641609486132314,NA,0,NA,NA,NA,NA,NA,NA,NA,NA,NA,NA,NA,NA,NA,NA
SN,IT,SN-IT,82,2020-01-18,9,31,2062.5,11.717547538143046,NA,0,NA,NA,NA,NA,NA,NA,0,0,NA,NA,NA,NA,NA,NA
SN,IT,SN-IT,82,2020-02-16,10,29,2066.6666666666665,11.719565702299283,0,0,-0.6661696380000087,-5.630728793373783,NA,NA,0,7.327586206896552,0.07619047619047618,0.8476190476190476,0,0,0.5,0,NA,NA
SN,IT,SN-IT,82,2020-03-18,11,31,1612.9032258064517,11.471664499859347,0.2903225806451613,1,-1.0809358780000036,15.495833604066082,-0.6661696380000087,-5.630728793373783,6.25,62.53290322580645,-2.367741935483871,-20.53548387096774,18.02,0,5915.46,493.32,0,0
SN,IT,SN-IT,82,2020-04-17,12,30,1666.6666666666667,11.504454322682339,1,1,-3.049178126000002,57.76658851822467,-1.0809358780000036,15.495833604066082,70,88.74966666666666,-32.86,-72.58666666666667,180.85,1.1600000000000001,22648.13,3274.4300000000003,0,493.32
SN,IT,SN-IT,82,2020-05-18,13,31,1666.6666666666667,11.504454322682339,1,1,-4.628865686000024,12.675393152902307,-3.049178126000002,57.76658851822467,73.38709677419355,85.75129032258064,-36.52258064516129,-56.54838709677419,1280.54,13.93,8854.46,1534.26,1.1600000000000001,3274.4300000000003
SN,MA,SN-MA,83,2019-04-17,1,1,2117.6470588235293,7.485341646434913,NA,0,NA,NA,NA,NA,NA,NA,NA,NA,NA,NA,NA,NA,NA,NA
SN,MA,SN-MA,83,2019-05-18,2,31,2117.6470588235293,7.485341646434913,NA,0,NA,NA,NA,NA,NA,NA,NA,NA,NA,NA,NA,NA,NA,NA
SN,MA,SN-MA,83,2019-06-17,3,30,2352.9411764705883,7.5907021620927395,NA,0,NA,NA,NA,NA,NA,NA,NA,NA,NA,NA,NA,NA,NA,NA
SN,MA,SN-MA,83,2019-07-18,4,31,2235.294117647059,7.5394088677051885,NA,0,NA,NA,NA,NA,NA,NA,NA,NA,NA,NA,NA,NA,NA,NA
SN,MA,SN-MA,83,2019-08-18,5,31,NA,NA,NA,0,NA,NA,NA,NA,NA,NA,NA,NA,NA,NA,NA,NA,NA,NA
SN,MA,SN-MA,83,2019-10-18,6,61,2325.5813953488373,7.579006122329548,NA,0,NA,NA,NA,NA,NA,NA,NA,NA,NA,NA,NA,NA,NA,NA
SN,MA,SN-MA,83,2019-11-17,7,30,2469.135802469136,7.638904263910617,NA,0,NA,NA,NA,NA,NA,NA,NA,NA,NA,NA,NA,NA,NA,NA
SN,MA,SN-MA,83,2019-12-18,8,31,2428.5714285714284,7.622339247035922,NA,0,NA,NA,NA,NA,NA,NA,NA,NA,NA,NA,NA,NA,NA,NA
SN,MA,SN-MA,83,2020-01-18,9,31,2467.532467532468,7.676629197387034,NA,0,NA,NA,NA,NA,NA,NA,0,0,NA,NA,NA,NA,NA,NA
SN,MA,SN-MA,83,2020-02-16,10,29,2597.4025974025976,7.727922491774584,0,0,-0.6661696380000087,-0.05444071200000768,NA,NA,0,0,0.07619047619047618,-0.01904761904761905,0,0,0,0,NA,NA
SN,MA,SN-MA,83,2020-03-18,11,31,2527.4725274725274,7.700630349486576,0,1,-1.0809358780000036,0.6620788799999926,-0.6661696380000087,-0.05444071200000768,6.25,10.180645161290322,-2.367741935483871,-2.535483870967742,18.02,0,13.15,0.54,0,0
SN,MA,SN-MA,83,2020-04-17,12,30,2474.226804123711,7.679338491918839,0.6,1,-3.049178126000002,1.4841159270000017,-1.0809358780000036,0.6620788799999926,70,90.86866666666666,-32.86,-67.74666666666667,180.85,1.1600000000000001,673.4599999999999,35.620000000000005,0,0.54
SN,MA,SN-MA,83,2020-05-18,13,31,2474.226804123711,7.679338491918839,1,1,-4.628865686000024,1.3949158309999907,-3.049178126000002,1.4841159270000017,73.38709677419355,92.71,-36.52258064516129,-65.34193548387097,1280.54,13.93,1175.02,15.31,1.1600000000000001,35.620000000000005
SN,ML,SN-ML,84,2019-04-17,1,1,7500,10.341701713733666,NA,0,NA,NA,NA,NA,NA,NA,NA,NA,NA,NA,NA,NA,NA,NA
SN,ML,SN-ML,84,2019-05-18,2,31,7500,10.341701713733666,NA,0,NA,NA,NA,NA,NA,NA,NA,NA,NA,NA,NA,NA,NA,NA
SN,ML,SN-ML,84,2019-06-17,3,30,7058.823529411765,10.281077091917231,NA,0,NA,NA,NA,NA,NA,NA,NA,NA,NA,NA,NA,NA,NA,NA
SN,ML,SN-ML,84,2019-07-18,4,31,7500,10.341701713733666,NA,0,NA,NA,NA,NA,NA,NA,NA,NA,NA,NA,NA,NA,NA,NA
SN,ML,SN-ML,84,2019-08-18,5,31,6666.666666666667,10.223918678077283,NA,0,NA,NA,NA,NA,NA,NA,NA,NA,NA,NA,NA,NA,NA,NA
SN,ML,SN-ML,84,2019-10-18,6,61,6666.666666666667,10.223918678077283,NA,0,NA,NA,NA,NA,NA,NA,NA,NA,NA,NA,NA,NA,NA,NA
SN,ML,SN-ML,84,2019-11-17,7,30,5789.473684210527,10.082840079817377,NA,0,NA,NA,NA,NA,NA,NA,NA,NA,NA,NA,NA,NA,NA,NA
SN,ML,SN-ML,84,2019-12-18,8,31,6400,10.183096683557027,NA,0,NA,NA,NA,NA,NA,NA,NA,NA,NA,NA,NA,NA,NA,NA
SN,ML,SN-ML,84,2020-01-18,9,31,6315.789473684211,10.206448976263243,NA,0,NA,NA,NA,NA,NA,NA,0,0,NA,NA,NA,NA,NA,NA
SN,ML,SN-ML,84,2020-02-16,10,29,6000,10.155155681875693,0,0,-0.6661696380000087,-0.8927444880000072,NA,NA,0,0,0.07619047619047618,0.028571428571428574,0,0,0,0,NA,NA
SN,ML,SN-ML,84,2020-03-18,11,31,6500,10.235198389549229,0,1,-1.0809358780000036,-1.4036667590000127,-0.6661696380000087,-0.8927444880000072,6.25,0.4032258064516129,-2.367741935483871,1.3290322580645162,18.02,0,0,0,0,0
SN,ML,SN-ML,84,2020-04-17,12,30,5833.333333333333,10.126984804908997,0,1,-3.049178126000002,0.09214125399998711,-1.0809358780000036,-1.4036667590000127,70,62.504,-32.86,-14.346666666666668,180.85,1.1600000000000001,82.02,6.24,0,0
SN,ML,SN-ML,84,2020-05-18,13,31,6250,10.195977676395948,0.8387096774193549,1,-4.628865686000024,0.25461424899999074,-3.049178126000002,0.09214125399998711,73.38709677419355,64.01225806451613,-36.52258064516129,-17.93548387096774,1280.54,13.93,337.09,18.72,1.1600000000000001,6.24
SN,MR,SN-MR,85,2019-04-17,1,1,33695.65217391304,10.60426618855135,NA,0,NA,NA,NA,NA,NA,NA,NA,NA,NA,NA,NA,NA,NA,NA
SN,MR,SN-MR,85,2019-05-18,2,31,33695.65217391304,10.60426618855135,NA,0,NA,NA,NA,NA,NA,NA,NA,NA,NA,NA,NA,NA,NA,NA
SN,MR,SN-MR,85,2019-06-17,3,30,32608.695652173912,10.571476365728358,NA,0,NA,NA,NA,NA,NA,NA,NA,NA,NA,NA,NA,NA,NA,NA
SN,MR,SN-MR,85,2019-07-18,4,31,30851.063829787236,10.516068608831715,NA,0,NA,NA,NA,NA,NA,NA,NA,NA,NA,NA,NA,NA,NA,NA
SN,MR,SN-MR,85,2019-08-18,5,31,28282.828282828283,10.429152221155858,NA,0,NA,NA,NA,NA,NA,NA,NA,NA,NA,NA,NA,NA,NA,NA
SN,MR,SN-MR,85,2019-10-18,6,61,31000,10.520884579612298,NA,0,NA,NA,NA,NA,NA,NA,NA,NA,NA,NA,NA,NA,NA,NA
SN,MR,SN-MR,85,2019-11-17,7,30,28999.999999999996,10.454193205113627,NA,0,NA,NA,NA,NA,NA,NA,NA,NA,NA,NA,NA,NA,NA,NA
SN,MR,SN-MR,85,2019-12-18,8,31,28571.42857142857,10.439304592619877,NA,0,NA,NA,NA,NA,NA,NA,NA,NA,NA,NA,NA,NA,NA,NA
SN,MR,SN-MR,85,2020-01-18,9,31,30000,10.540327019744717,NA,0,NA,NA,NA,NA,NA,NA,0,NA,NA,NA,NA,NA,NA,NA
SN,MR,SN-MR,85,2020-02-16,10,29,30000,10.540327019744717,0,0,-0.6661696380000087,0.3371861369999939,NA,NA,0,0,0.07619047619047618,NA,0,0,0,0,NA,NA
SN,MR,SN-MR,85,2020-03-18,11,31,31000,10.573116842567709,0,1,-1.0809358780000036,-0.05986915600000909,-0.6661696380000087,0.3371861369999939,6.25,3.629032258064516,-2.367741935483871,NA,18.02,0,2.09,0,0,0
SN,MR,SN-MR,85,2020-04-17,12,30,27500.000000000004,10.453315642755088,0.7666666666666667,1,-3.049178126000002,-1.1127391570000085,-1.0809358780000036,-0.05986915600000909,70,69.72133333333333,-32.86,NA,180.85,1.1600000000000001,12.549999999999999,2.09,0,0
SN,MR,SN-MR,85,2020-05-18,13,31,29166.666666666668,10.512156142778021,1,1,-4.628865686000024,-0.4618017970000102,-3.049178126000002,-1.1127391570000085,73.38709677419355,75,-36.52258064516129,NA,1280.54,13.93,154.97,6.27,1.1600000000000001,2.09
SN,NL,SN-NL,86,2019-04-17,1,1,111.11111111111111,7.787543562010742,NA,0,NA,NA,NA,NA,NA,NA,NA,NA,NA,NA,NA,NA,NA,NA
SN,NL,SN-NL,86,2019-05-18,2,31,111.11111111111111,7.787543562010742,NA,0,NA,NA,NA,NA,NA,NA,NA,NA,NA,NA,NA,NA,NA,NA
SN,NL,SN-NL,86,2019-06-17,3,30,121.95121951219512,7.880633985076754,NA,0,NA,NA,NA,NA,NA,NA,NA,NA,NA,NA,NA,NA,NA,NA
SN,NL,SN-NL,86,2019-07-18,4,31,126.58227848101266,7.917905379873986,NA,0,NA,NA,NA,NA,NA,NA,NA,NA,NA,NA,NA,NA,NA,NA
SN,NL,SN-NL,86,2019-08-18,5,31,138.88888888888889,8.010687113324952,NA,0,NA,NA,NA,NA,NA,NA,NA,NA,NA,NA,NA,NA,NA,NA
SN,NL,SN-NL,86,2019-10-18,6,61,140.84507042253523,8.024673355299692,NA,0,NA,NA,NA,NA,NA,NA,NA,NA,NA,NA,NA,NA,NA,NA
SN,NL,SN-NL,86,2019-11-17,7,30,158.7301587301587,8.144218505949475,NA,0,NA,NA,NA,NA,NA,NA,NA,NA,NA,NA,NA,NA,NA,NA
SN,NL,SN-NL,86,2019-12-18,8,31,181.8181818181818,8.280020047108536,NA,0,NA,NA,NA,NA,NA,NA,NA,NA,NA,NA,NA,NA,NA,NA
SN,NL,SN-NL,86,2020-01-18,9,31,181.8181818181818,8.32666566277619,NA,0,NA,NA,NA,NA,NA,NA,0,0,NA,NA,NA,NA,NA,NA
SN,NL,SN-NL,86,2020-02-16,10,29,192.30769230769232,8.382755129427233,0,0,-0.6661696380000087,-5.932785653784101,NA,NA,0,0,0.07619047619047618,-0.3904761904761905,0,0,0,0,NA,NA
SN,NL,SN-NL,86,2020-03-18,11,31,100,7.728828662020569,0,1,-1.0809358780000036,-5.642131647497945,-0.6661696380000087,-5.932785653784101,6.25,17.07032258064516,-2.367741935483871,-1.8580645161290323,18.02,0,1432.47,33.75,0,0
SN,NL,SN-NL,86,2020-04-17,12,30,101.010101010101,7.73887899787407,0.9666666666666667,1,-3.049178126000002,39.28221337734154,-1.0809358780000036,-5.642131647497945,70,76.53133333333334,-32.86,-29.14666666666667,180.85,1.1600000000000001,16995.19,1985.66,0,33.75
SN,NL,SN-NL,86,2020-05-18,13,31,101.010101010101,7.73887899787407,1,1,-4.628865686000024,12.212542647070057,-3.049178126000002,39.28221337734154,73.38709677419355,77.01774193548387,-36.52258064516129,-16.974193548387095,1280.54,13.93,7383.64,1304.92,1.1600000000000001,1985.66
SN,TN,SN-TN,87,2019-04-17,1,1,256.4102564102564,4.8607540478991185,NA,0,NA,NA,NA,NA,NA,NA,NA,NA,NA,NA,NA,NA,NA,NA
SN,TN,SN-TN,87,2019-05-18,2,31,256.4102564102564,4.8607540478991185,NA,0,NA,NA,NA,NA,NA,NA,NA,NA,NA,NA,NA,NA,NA,NA
SN,TN,SN-TN,87,2019-06-17,3,30,243.90243902439025,4.810743627324458,NA,0,NA,NA,NA,NA,NA,NA,NA,NA,NA,NA,NA,NA,NA,NA
SN,TN,SN-TN,87,2019-07-18,4,31,243.90243902439025,4.810743627324458,NA,0,NA,NA,NA,NA,NA,NA,NA,NA,NA,NA,NA,NA,NA,NA
SN,TN,SN-TN,87,2019-08-18,5,31,232.5581395348837,4.763115578335203,NA,0,NA,NA,NA,NA,NA,NA,NA,NA,NA,NA,NA,NA,NA,NA
SN,TN,SN-TN,87,2019-10-18,6,61,250,4.835436239914829,NA,0,NA,NA,NA,NA,NA,NA,NA,NA,NA,NA,NA,NA,NA,NA
SN,TN,SN-TN,87,2019-11-17,7,30,256.4102564102564,4.8607540478991185,NA,0,NA,NA,NA,NA,NA,NA,NA,NA,NA,NA,NA,NA,NA,NA
SN,TN,SN-TN,87,2019-12-18,8,31,285.7142857142857,4.968967632539352,NA,0,NA,NA,NA,NA,NA,NA,NA,NA,NA,NA,NA,NA,NA,NA
SN,TN,SN-TN,87,2020-01-18,9,31,256.4102564102564,4.892044665160036,NA,0,NA,NA,NA,NA,NA,NA,0,NA,NA,NA,NA,NA,NA,NA
SN,TN,SN-TN,87,2020-02-16,10,29,263.1578947368421,4.918020151563296,0,0,-0.6661696380000087,-0.5417943668847914,NA,NA,0,0,0.07619047619047618,NA,0,0,0,0,NA,NA
SN,TN,SN-TN,87,2020-03-18,11,31,243.90243902439025,4.842034244585375,0,1,-1.0809358780000036,-1.9372825836442957,-0.6661696380000087,-0.5417943668847914,6.25,10.416774193548386,-2.367741935483871,NA,18.02,0,24.31,0,0,0
SN,TN,SN-TN,87,2020-04-17,12,30,238.09523809523813,4.817936693006314,0.7333333333333333,1,-3.049178126000002,-4.033318850430007,-1.0809358780000036,-1.9372825836442957,70,87.011,-32.86,NA,180.85,1.1600000000000001,699.59,31.03,0,0
SN,TN,SN-TN,87,2020-05-18,13,31,232.5581395348837,4.79440619559612,1,1,-4.628865686000024,-4.472265304994839,-3.049178126000002,-4.033318850430007,73.38709677419355,87.02903225806452,-36.52258064516129,NA,1280.54,13.93,149.98,7.5600000000000005,1.1600000000000001,31.03
SN,TR,SN-TR,88,2019-04-17,1,1,64,8.077219154828448,NA,0,NA,NA,NA,NA,NA,NA,NA,NA,NA,NA,NA,NA,NA,NA
SN,TR,SN-TR,88,2019-05-18,2,31,64,8.077219154828448,NA,0,NA,NA,NA,NA,NA,NA,NA,NA,NA,NA,NA,NA,NA,NA
SN,TR,SN-TR,88,2019-06-17,3,30,75,8.235824185005088,NA,0,NA,NA,NA,NA,NA,NA,NA,NA,NA,NA,NA,NA,NA,NA
SN,TR,SN-TR,88,2019-07-18,4,31,75,8.235824185005088,NA,0,NA,NA,NA,NA,NA,NA,NA,NA,NA,NA,NA,NA,NA,NA
SN,TR,SN-TR,88,2019-08-18,5,31,75,8.235824185005088,NA,0,NA,NA,NA,NA,NA,NA,NA,NA,NA,NA,NA,NA,NA,NA
SN,TR,SN-TR,88,2019-10-18,6,61,79.16666666666667,8.289891406275363,NA,0,NA,NA,NA,NA,NA,NA,NA,NA,NA,NA,NA,NA,NA,NA
SN,TR,SN-TR,88,2019-11-17,7,30,82.60869565217392,8.332451020694158,NA,0,NA,NA,NA,NA,NA,NA,NA,NA,NA,NA,NA,NA,NA,NA
SN,TR,SN-TR,88,2019-12-18,8,31,80,8.300362706142659,NA,0,NA,NA,NA,NA,NA,NA,NA,NA,NA,NA,NA,NA,NA,NA
SN,TR,SN-TR,88,2020-01-18,9,31,81.81818181818181,8.346218113846335,NA,0,NA,NA,NA,NA,NA,NA,0,0,NA,NA,NA,NA,NA,NA
SN,TR,SN-TR,88,2020-02-16,10,29,80.95238095238096,8.33557971564128,0,0,-0.6661696380000087,-0.5831698620000091,NA,NA,0,4.310344827586207,0.07619047619047618,0.29523809523809524,0,0,0,0,NA,NA
SN,TR,SN-TR,88,2020-03-18,11,31,77.77777777777777,8.29557438102758,0,1,-1.0809358780000036,-0.1353087920000107,-0.6661696380000087,-0.5831698620000091,6.25,17.27225806451613,-2.367741935483871,4.612903225806451,18.02,0,11.53,0.12,0,0
SN,TR,SN-TR,88,2020-04-17,12,30,78.57142857142857,8.305726752491598,0.43333333333333335,1,-3.049178126000002,3.5587061659999817,-1.0809358780000036,-0.1353087920000107,70,69.864,-32.86,-47.34,180.85,1.1600000000000001,9224.55,207.89,0,0.12
SN,TR,SN-TR,88,2020-05-18,13,31,78.57142857142857,8.305726752491598,0.5,1,-4.628865686000024,7.460813499999969,-3.049178126000002,3.5587061659999817,73.38709677419355,73.0541935483871,-36.52258064516129,-50.535483870967745,1280.54,13.93,8471.87,282.45,1.1600000000000001,207.89
SN,US,SN-US,89,2019-04-17,1,1,91.30434782608695,10.647682911249442,NA,0,NA,NA,NA,NA,NA,NA,NA,NA,NA,NA,NA,NA,NA,NA
SN,US,SN-US,89,2019-05-18,2,31,91.30434782608695,10.647682911249442,NA,0,NA,NA,NA,NA,NA,NA,NA,NA,NA,NA,NA,NA,NA,NA
SN,US,SN-US,89,2019-06-17,3,30,86.95652173913044,10.59889274708001,NA,0,NA,NA,NA,NA,NA,NA,NA,NA,NA,NA,NA,NA,NA,NA
SN,US,SN-US,89,2019-07-18,4,31,86.36363636363636,10.592051215263293,NA,0,NA,NA,NA,NA,NA,NA,NA,NA,NA,NA,NA,NA,NA,NA
SN,US,SN-US,89,2019-08-18,5,31,81.81818181818181,10.537983993993018,NA,0,NA,NA,NA,NA,NA,NA,NA,NA,NA,NA,NA,NA,NA,NA
SN,US,SN-US,89,2019-10-18,6,61,85.71428571428571,10.58450400962791,NA,0,NA,NA,NA,NA,NA,NA,NA,NA,NA,NA,NA,NA,NA,NA
SN,US,SN-US,89,2019-11-17,7,30,85,10.576135759957394,NA,0,NA,NA,NA,NA,NA,NA,NA,NA,NA,NA,NA,NA,NA,NA
SN,US,SN-US,89,2019-12-18,8,31,84.21052631578948,10.56680443252851,NA,0,NA,NA,NA,NA,NA,NA,NA,NA,NA,NA,NA,NA,NA,NA
SN,US,SN-US,89,2020-01-18,9,31,85,10.576135759957394,NA,0,NA,NA,NA,NA,NA,NA,0,0,NA,NA,NA,NA,NA,NA
SN,US,SN-US,89,2020-02-16,10,29,84.21052631578948,10.56680443252851,0,0,-0.6661696380000087,-1.8416880525082926,NA,NA,0,0,0.07619047619047618,0.5142857142857142,0,0,0.39,0,NA,NA
SN,US,SN-US,89,2020-03-18,11,31,88.46153846153847,10.616052367362837,0,1,-1.0809358780000036,0.11790222683466853,-0.6661696380000087,-1.8416880525082926,6.25,12.263548387096774,-2.367741935483871,4.032258064516129,18.02,0,274.99,5.82,0,0
SN,US,SN-US,89,2020-04-17,12,30,88.46153846153847,10.616052367362837,0,1,-3.049178126000002,17.653923182995147,-1.0809358780000036,0.11790222683466853,70,71.98333333333333,-32.86,-32.61333333333334,180.85,1.1600000000000001,21085.48,1165.9,0,5.82
SN,US,SN-US,89,2020-05-18,13,31,85.18518518518519,10.57831203937999,0,1,-4.628865686000024,19.075100731030798,-3.049178126000002,17.653923182995147,73.38709677419355,72.4,-36.52258064516129,-24.406451612903226,1280.54,13.93,24015.12,1655.11,1.1600000000000001,1165.9
