origin,destination,date,status
CI,AE,3/8/20,green
CI,AE,3/9/20,green
CI,AE,3/10/20,green
CI,AE,3/11/20,green
CI,AE,3/12/20,green
CI,AE,3/13/20,green
CI,AE,3/14/20,green
CI,AE,3/15/20,green
CI,AE,3/16/20,green
CI,AE,3/17/20,yellow
CI,AE,3/18/20,yellow
CI,AE,3/19/20,yellow
CI,AE,3/20/20,yellow
CI,AE,3/21/20,yellow
CI,AE,3/22/20,yellow
CI,AE,3/23/20,red
CI,AE,3/24/20,red
CI,AE,3/25/20,red
CI,AE,3/26/20,red
CI,AE,3/27/20,red
CI,AE,3/28/20,red
CI,AE,3/29/20,red
CI,AE,3/30/20,red
CI,AE,3/31/20,red
CI,AE,4/1/20,red
CI,AE,4/2/20,red
CI,AE,4/3/20,red
CI,AE,4/4/20,red
CI,AE,4/5/20,red
CI,AE,4/6/20,red
CI,AE,4/7/20,red
CI,AE,4/8/20,red
CI,AE,4/9/20,red
CI,AE,4/10/20,red
CI,AE,4/11/20,red
CI,AE,4/12/20,red
CI,AE,4/13/20,red
CI,AE,4/14/20,red
CI,AE,4/15/20,red
CI,AE,4/16/20,red
CI,AE,4/17/20,red
CI,AE,4/18/20,red
CI,AE,4/19/20,red
CI,AE,4/20/20,red
CI,AE,4/21/20,red
CI,AE,4/22/20,red
CI,AE,4/23/20,red
CI,AE,4/24/20,red
CI,AE,4/25/20,red
CI,AE,4/26/20,red
CI,AE,4/27/20,red
CI,AE,4/28/20,red
CI,AE,4/29/20,red
CI,AE,4/30/20,red
CI,AE,5/1/20,red
CI,AE,5/2/20,red
CI,AE,5/3/20,red
CI,AE,5/4/20,red
CI,AE,5/5/20,red
CI,AE,5/6/20,red
CI,AE,5/7/20,red
CI,AE,5/8/20,red
CI,AE,5/9/20,red
CI,AE,5/10/20,red
CI,AE,5/11/20,red
CI,AE,5/12/20,red
CI,AE,5/13/20,red
CI,AE,5/14/20,red
CI,AE,5/15/20,red
CI,AE,5/16/20,red
CI,AE,5/17/20,red
CI,AE,5/18/20,red
CI,AE,5/19/20,red
CI,AE,5/20/20,red
CI,AE,5/21/20,red
CI,AE,5/22/20,red
CI,AE,5/23/20,red
CI,AE,5/24/20,red
CI,AE,5/25/20,red
CI,AE,5/26/20,red
CI,AE,5/27/20,red
CI,AE,5/28/20,red
CI,AE,5/29/20,red
CI,AE,5/30/20,red
CI,AE,5/31/20,red
CI,AE,6/1/20,red
DZ,AE,3/8/20,green
DZ,AE,3/9/20,green
DZ,AE,3/10/20,green
DZ,AE,3/11/20,green
DZ,AE,3/12/20,green
DZ,AE,3/13/20,green
DZ,AE,3/14/20,green
DZ,AE,3/15/20,green
DZ,AE,3/16/20,green
DZ,AE,3/17/20,yellow
DZ,AE,3/18/20,yellow
DZ,AE,3/19/20,yellow
DZ,AE,3/20/20,yellow
DZ,AE,3/21/20,yellow
DZ,AE,3/22/20,yellow
DZ,AE,3/23/20,red
DZ,AE,3/24/20,red
DZ,AE,3/25/20,red
DZ,AE,3/26/20,red
DZ,AE,3/27/20,red
DZ,AE,3/28/20,red
DZ,AE,3/29/20,red
DZ,AE,3/30/20,red
DZ,AE,3/31/20,red
DZ,AE,4/1/20,red
DZ,AE,4/2/20,red
DZ,AE,4/3/20,red
DZ,AE,4/4/20,red
DZ,AE,4/5/20,red
DZ,AE,4/6/20,red
DZ,AE,4/7/20,red
DZ,AE,4/8/20,red
DZ,AE,4/9/20,red
DZ,AE,4/10/20,red
DZ,AE,4/11/20,red
DZ,AE,4/12/20,red
DZ,AE,4/13/20,red
DZ,AE,4/14/20,red
DZ,AE,4/15/20,red
DZ,AE,4/16/20,red
DZ,AE,4/17/20,red
DZ,AE,4/18/20,red
DZ,AE,4/19/20,red
DZ,AE,4/20/20,red
DZ,AE,4/21/20,red
DZ,AE,4/22/20,red
DZ,AE,4/23/20,red
DZ,AE,4/24/20,red
DZ,AE,4/25/20,red
DZ,AE,4/26/20,red
DZ,AE,4/27/20,red
DZ,AE,4/28/20,red
DZ,AE,4/29/20,red
DZ,AE,4/30/20,red
DZ,AE,5/1/20,red
DZ,AE,5/2/20,red
DZ,AE,5/3/20,red
DZ,AE,5/4/20,red
DZ,AE,5/5/20,red
DZ,AE,5/6/20,red
DZ,AE,5/7/20,red
DZ,AE,5/8/20,red
DZ,AE,5/9/20,red
DZ,AE,5/10/20,red
DZ,AE,5/11/20,red
DZ,AE,5/12/20,red
DZ,AE,5/13/20,red
DZ,AE,5/14/20,red
DZ,AE,5/15/20,red
DZ,AE,5/16/20,red
DZ,AE,5/17/20,red
DZ,AE,5/18/20,red
DZ,AE,5/19/20,red
DZ,AE,5/20/20,red
DZ,AE,5/21/20,red
DZ,AE,5/22/20,red
DZ,AE,5/23/20,red
DZ,AE,5/24/20,red
DZ,AE,5/25/20,red
DZ,AE,5/26/20,red
DZ,AE,5/27/20,red
DZ,AE,5/28/20,red
DZ,AE,5/29/20,red
DZ,AE,5/30/20,red
DZ,AE,5/31/20,red
DZ,AE,6/1/20,red
MA,AE,3/8/20,green
MA,AE,3/9/20,green
MA,AE,3/10/20,green
MA,AE,3/11/20,green
MA,AE,3/12/20,green
MA,AE,3/13/20,green
MA,AE,3/14/20,green
MA,AE,3/15/20,green
MA,AE,3/16/20,green
MA,AE,3/17/20,yellow
MA,AE,3/18/20,yellow
MA,AE,3/19/20,yellow
MA,AE,3/20/20,yellow
MA,AE,3/21/20,yellow
MA,AE,3/22/20,yellow
MA,AE,3/23/20,red
MA,AE,3/24/20,red
MA,AE,3/25/20,red
MA,AE,3/26/20,red
MA,AE,3/27/20,red
MA,AE,3/28/20,red
MA,AE,3/29/20,red
MA,AE,3/30/20,red
MA,AE,3/31/20,red
MA,AE,4/1/20,red
MA,AE,4/2/20,red
MA,AE,4/3/20,red
MA,AE,4/4/20,red
MA,AE,4/5/20,red
MA,AE,4/6/20,red
MA,AE,4/7/20,red
MA,AE,4/8/20,red
MA,AE,4/9/20,red
MA,AE,4/10/20,red
MA,AE,4/11/20,red
MA,AE,4/12/20,red
MA,AE,4/13/20,red
MA,AE,4/14/20,red
MA,AE,4/15/20,red
MA,AE,4/16/20,red
MA,AE,4/17/20,red
MA,AE,4/18/20,red
MA,AE,4/19/20,red
MA,AE,4/20/20,red
MA,AE,4/21/20,red
MA,AE,4/22/20,red
MA,AE,4/23/20,red
MA,AE,4/24/20,red
MA,AE,4/25/20,red
MA,AE,4/26/20,red
MA,AE,4/27/20,red
MA,AE,4/28/20,red
MA,AE,4/29/20,red
MA,AE,4/30/20,red
MA,AE,5/1/20,red
MA,AE,5/2/20,red
MA,AE,5/3/20,red
MA,AE,5/4/20,red
MA,AE,5/5/20,red
MA,AE,5/6/20,red
MA,AE,5/7/20,red
MA,AE,5/8/20,red
MA,AE,5/9/20,red
MA,AE,5/10/20,red
MA,AE,5/11/20,red
MA,AE,5/12/20,red
MA,AE,5/13/20,red
MA,AE,5/14/20,red
MA,AE,5/15/20,red
MA,AE,5/16/20,red
MA,AE,5/17/20,red
MA,AE,5/18/20,red
MA,AE,5/19/20,red
MA,AE,5/20/20,red
MA,AE,5/21/20,red
MA,AE,5/22/20,red
MA,AE,5/23/20,red
MA,AE,5/24/20,red
MA,AE,5/25/20,red
MA,AE,5/26/20,red
MA,AE,5/27/20,red
MA,AE,5/28/20,red
MA,AE,5/29/20,red
MA,AE,5/30/20,red
MA,AE,5/31/20,red
MA,AE,6/1/20,red
SN,AE,3/8/20,green
SN,AE,3/9/20,green
SN,AE,3/10/20,green
SN,AE,3/11/20,green
SN,AE,3/12/20,green
SN,AE,3/13/20,green
SN,AE,3/14/20,green
SN,AE,3/15/20,green
SN,AE,3/16/20,green
SN,AE,3/17/20,yellow
SN,AE,3/18/20,yellow
SN,AE,3/19/20,yellow
SN,AE,3/20/20,yellow
SN,AE,3/21/20,yellow
SN,AE,3/22/20,yellow
SN,AE,3/23/20,red
SN,AE,3/24/20,red
SN,AE,3/25/20,red
SN,AE,3/26/20,red
SN,AE,3/27/20,red
SN,AE,3/28/20,red
SN,AE,3/29/20,red
SN,AE,3/30/20,red
SN,AE,3/31/20,red
SN,AE,4/1/20,red
SN,AE,4/2/20,red
SN,AE,4/3/20,red
SN,AE,4/4/20,red
SN,AE,4/5/20,red
SN,AE,4/6/20,red
SN,AE,4/7/20,red
SN,AE,4/8/20,red
SN,AE,4/9/20,red
SN,AE,4/10/20,red
SN,AE,4/11/20,red
SN,AE,4/12/20,red
SN,AE,4/13/20,red
SN,AE,4/14/20,red
SN,AE,4/15/20,red
SN,AE,4/16/20,red
SN,AE,4/17/20,red
SN,AE,4/18/20,red
SN,AE,4/19/20,red
SN,AE,4/20/20,red
SN,AE,4/21/20,red
SN,AE,4/22/20,red
SN,AE,4/23/20,red
SN,AE,4/24/20,red
SN,AE,4/25/20,red
SN,AE,4/26/20,red
SN,AE,4/27/20,red
SN,AE,4/28/20,red
SN,AE,4/29/20,red
SN,AE,4/30/20,red
SN,AE,5/1/20,red
SN,AE,5/2/20,red
SN,AE,5/3/20,red
SN,AE,5/4/20,red
SN,AE,5/5/20,red
SN,AE,5/6/20,red
SN,AE,5/7/20,red
SN,AE,5/8/20,red
SN,AE,5/9/20,red
SN,AE,5/10/20,red
SN,AE,5/11/20,red
SN,AE,5/12/20,red
SN,AE,5/13/20,red
SN,AE,5/14/20,red
SN,AE,5/15/20,red
SN,AE,5/16/20,red
SN,AE,5/17/20,red
SN,AE,5/18/20,red
SN,AE,5/19/20,red
SN,AE,5/20/20,red
SN,AE,5/21/20,red
SN,AE,5/22/20,red
SN,AE,5/23/20,red
SN,AE,5/24/20,red
SN,AE,5/25/20,red
SN,AE,5/26/20,red
SN,AE,5/27/20,red
SN,AE,5/28/20,red
SN,AE,5/29/20,red
SN,AE,5/30/20,red
SN,AE,5/31/20,red
SN,AE,6/1/20,red
CI,BE,3/8/20,green
CI,BE,3/9/20,green
CI,BE,3/10/20,green
CI,BE,3/11/20,green
CI,BE,3/12/20,green
CI,BE,3/13/20,green
CI,BE,3/14/20,green
CI,BE,3/15/20,green
CI,BE,3/16/20,green
CI,BE,3/17/20,green
CI,BE,3/18/20,green
CI,BE,3/19/20,green
CI,BE,3/20/20,green
CI,BE,3/21/20,green
CI,BE,3/22/20,green
CI,BE,3/23/20,red
CI,BE,3/24/20,red
CI,BE,3/25/20,red
CI,BE,3/26/20,red
CI,BE,3/27/20,red
CI,BE,3/28/20,red
CI,BE,3/29/20,red
CI,BE,3/30/20,red
CI,BE,3/31/20,red
CI,BE,4/1/20,red
CI,BE,4/2/20,red
CI,BE,4/3/20,red
CI,BE,4/4/20,red
CI,BE,4/5/20,red
CI,BE,4/6/20,red
CI,BE,4/7/20,red
CI,BE,4/8/20,red
CI,BE,4/9/20,red
CI,BE,4/10/20,red
CI,BE,4/11/20,red
CI,BE,4/12/20,red
CI,BE,4/13/20,red
CI,BE,4/14/20,red
CI,BE,4/15/20,red
CI,BE,4/16/20,red
CI,BE,4/17/20,red
CI,BE,4/18/20,red
CI,BE,4/19/20,red
CI,BE,4/20/20,red
CI,BE,4/21/20,red
CI,BE,4/22/20,red
CI,BE,4/23/20,red
CI,BE,4/24/20,red
CI,BE,4/25/20,red
CI,BE,4/26/20,red
CI,BE,4/27/20,red
CI,BE,4/28/20,red
CI,BE,4/29/20,red
CI,BE,4/30/20,red
CI,BE,5/1/20,red
CI,BE,5/2/20,red
CI,BE,5/3/20,red
CI,BE,5/4/20,red
CI,BE,5/5/20,red
CI,BE,5/6/20,red
CI,BE,5/7/20,red
CI,BE,5/8/20,red
CI,BE,5/9/20,red
CI,BE,5/10/20,red
CI,BE,5/11/20,red
CI,BE,5/12/20,red
CI,BE,5/13/20,red
CI,BE,5/14/20,red
CI,BE,5/15/20,red
CI,BE,5/16/20,red
CI,BE,5/17/20,red
CI,BE,5/18/20,red
CI,BE,5/19/20,red
CI,BE,5/20/20,red
CI,BE,5/21/20,red
CI,BE,5/22/20,red
CI,BE,5/23/20,red
CI,BE,5/24/20,red
CI,BE,5/25/20,red
CI,BE,5/26/20,red
CI,BE,5/27/20,red
CI,BE,5/28/20,red
CI,BE,5/29/20,red
CI,BE,5/30/20,red
CI,BE,5/31/20,red
CI,BE,6/1/20,red
DZ,BE,3/8/20,green
DZ,BE,3/9/20,green
DZ,BE,3/10/20,green
DZ,BE,3/11/20,green
DZ,BE,3/12/20,green
DZ,BE,3/13/20,green
DZ,BE,3/14/20,green
DZ,BE,3/15/20,green
DZ,BE,3/16/20,green
DZ,BE,3/17/20,green
DZ,BE,3/18/20,green
DZ,BE,3/19/20,green
DZ,BE,3/20/20,green
DZ,BE,3/21/20,green
DZ,BE,3/22/20,green
DZ,BE,3/23/20,red
DZ,BE,3/24/20,red
DZ,BE,3/25/20,red
DZ,BE,3/26/20,red
DZ,BE,3/27/20,red
DZ,BE,3/28/20,red
DZ,BE,3/29/20,red
DZ,BE,3/30/20,red
DZ,BE,3/31/20,red
DZ,BE,4/1/20,red
DZ,BE,4/2/20,red
DZ,BE,4/3/20,red
DZ,BE,4/4/20,red
DZ,BE,4/5/20,red
DZ,BE,4/6/20,red
DZ,BE,4/7/20,red
DZ,BE,4/8/20,red
DZ,BE,4/9/20,red
DZ,BE,4/10/20,red
DZ,BE,4/11/20,red
DZ,BE,4/12/20,red
DZ,BE,4/13/20,red
DZ,BE,4/14/20,red
DZ,BE,4/15/20,red
DZ,BE,4/16/20,red
DZ,BE,4/17/20,red
DZ,BE,4/18/20,red
DZ,BE,4/19/20,red
DZ,BE,4/20/20,red
DZ,BE,4/21/20,red
DZ,BE,4/22/20,red
DZ,BE,4/23/20,red
DZ,BE,4/24/20,red
DZ,BE,4/25/20,red
DZ,BE,4/26/20,red
DZ,BE,4/27/20,red
DZ,BE,4/28/20,red
DZ,BE,4/29/20,red
DZ,BE,4/30/20,red
DZ,BE,5/1/20,red
DZ,BE,5/2/20,red
DZ,BE,5/3/20,red
DZ,BE,5/4/20,red
DZ,BE,5/5/20,red
DZ,BE,5/6/20,red
DZ,BE,5/7/20,red
DZ,BE,5/8/20,red
DZ,BE,5/9/20,red
DZ,BE,5/10/20,red
DZ,BE,5/11/20,red
DZ,BE,5/12/20,red
DZ,BE,5/13/20,red
DZ,BE,5/14/20,red
DZ,BE,5/15/20,red
DZ,BE,5/16/20,red
DZ,BE,5/17/20,red
DZ,BE,5/18/20,red
DZ,BE,5/19/20,red
DZ,BE,5/20/20,red
DZ,BE,5/21/20,red
DZ,BE,5/22/20,red
DZ,BE,5/23/20,red
DZ,BE,5/24/20,red
DZ,BE,5/25/20,red
DZ,BE,5/26/20,red
DZ,BE,5/27/20,red
DZ,BE,5/28/20,red
DZ,BE,5/29/20,red
DZ,BE,5/30/20,red
DZ,BE,5/31/20,red
DZ,BE,6/1/20,red
MA,BE,3/8/20,green
MA,BE,3/9/20,green
MA,BE,3/10/20,green
MA,BE,3/11/20,green
MA,BE,3/12/20,green
MA,BE,3/13/20,green
MA,BE,3/14/20,green
MA,BE,3/15/20,green
MA,BE,3/16/20,green
MA,BE,3/17/20,green
MA,BE,3/18/20,green
MA,BE,3/19/20,green
MA,BE,3/20/20,green
MA,BE,3/21/20,green
MA,BE,3/22/20,green
MA,BE,3/23/20,red
MA,BE,3/24/20,red
MA,BE,3/25/20,red
MA,BE,3/26/20,red
MA,BE,3/27/20,red
MA,BE,3/28/20,red
MA,BE,3/29/20,red
MA,BE,3/30/20,red
MA,BE,3/31/20,red
MA,BE,4/1/20,red
MA,BE,4/2/20,red
MA,BE,4/3/20,red
MA,BE,4/4/20,red
MA,BE,4/5/20,red
MA,BE,4/6/20,red
MA,BE,4/7/20,red
MA,BE,4/8/20,red
MA,BE,4/9/20,red
MA,BE,4/10/20,red
MA,BE,4/11/20,red
MA,BE,4/12/20,red
MA,BE,4/13/20,red
MA,BE,4/14/20,red
MA,BE,4/15/20,red
MA,BE,4/16/20,red
MA,BE,4/17/20,red
MA,BE,4/18/20,red
MA,BE,4/19/20,red
MA,BE,4/20/20,red
MA,BE,4/21/20,red
MA,BE,4/22/20,red
MA,BE,4/23/20,red
MA,BE,4/24/20,red
MA,BE,4/25/20,red
MA,BE,4/26/20,red
MA,BE,4/27/20,red
MA,BE,4/28/20,red
MA,BE,4/29/20,red
MA,BE,4/30/20,red
MA,BE,5/1/20,red
MA,BE,5/2/20,red
MA,BE,5/3/20,red
MA,BE,5/4/20,red
MA,BE,5/5/20,red
MA,BE,5/6/20,red
MA,BE,5/7/20,red
MA,BE,5/8/20,red
MA,BE,5/9/20,red
MA,BE,5/10/20,red
MA,BE,5/11/20,red
MA,BE,5/12/20,red
MA,BE,5/13/20,red
MA,BE,5/14/20,red
MA,BE,5/15/20,red
MA,BE,5/16/20,red
MA,BE,5/17/20,red
MA,BE,5/18/20,red
MA,BE,5/19/20,red
MA,BE,5/20/20,red
MA,BE,5/21/20,red
MA,BE,5/22/20,red
MA,BE,5/23/20,red
MA,BE,5/24/20,red
MA,BE,5/25/20,red
MA,BE,5/26/20,red
MA,BE,5/27/20,red
MA,BE,5/28/20,red
MA,BE,5/29/20,red
MA,BE,5/30/20,red
MA,BE,5/31/20,red
MA,BE,6/1/20,red
SN,BE,3/8/20,green
SN,BE,3/9/20,green
SN,BE,3/10/20,green
SN,BE,3/11/20,green
SN,BE,3/12/20,green
SN,BE,3/13/20,green
SN,BE,3/14/20,green
SN,BE,3/15/20,green
SN,BE,3/16/20,green
SN,BE,3/17/20,green
SN,BE,3/18/20,green
SN,BE,3/19/20,green
SN,BE,3/20/20,green
SN,BE,3/21/20,green
SN,BE,3/22/20,green
SN,BE,3/23/20,red
SN,BE,3/24/20,red
SN,BE,3/25/20,red
SN,BE,3/26/20,red
SN,BE,3/27/20,red
SN,BE,3/28/20,red
SN,BE,3/29/20,red
SN,BE,3/30/20,red
SN,BE,3/31/20,red
SN,BE,4/1/20,red
SN,BE,4/2/20,red
SN,BE,4/3/20,red
SN,BE,4/4/20,red
SN,BE,4/5/20,red
SN,BE,4/6/20,red
SN,BE,4/7/20,red
SN,BE,4/8/20,red
SN,BE,4/9/20,red
SN,BE,4/10/20,red
SN,BE,4/11/20,red
SN,BE,4/12/20,red
SN,BE,4/13/20,red
SN,BE,4/14/20,red
SN,BE,4/15/20,red
SN,BE,4/16/20,red
SN,BE,4/17/20,red
SN,BE,4/18/20,red
SN,BE,4/19/20,red
SN,BE,4/20/20,red
SN,BE,4/21/20,red
SN,BE,4/22/20,red
SN,BE,4/23/20,red
SN,BE,4/24/20,red
SN,BE,4/25/20,red
SN,BE,4/26/20,red
SN,BE,4/27/20,red
SN,BE,4/28/20,red
SN,BE,4/29/20,red
SN,BE,4/30/20,red
SN,BE,5/1/20,red
SN,BE,5/2/20,red
SN,BE,5/3/20,red
SN,BE,5/4/20,red
SN,BE,5/5/20,red
SN,BE,5/6/20,red
SN,BE,5/7/20,red
SN,BE,5/8/20,red
SN,BE,5/9/20,red
SN,BE,5/10/20,red
SN,BE,5/11/20,red
SN,BE,5/12/20,red
SN,BE,5/13/20,red
SN,BE,5/14/20,red
SN,BE,5/15/20,red
SN,BE,5/16/20,red
SN,BE,5/17/20,red
SN,BE,5/18/20,red
SN,BE,5/19/20,red
SN,BE,5/20/20,red
SN,BE,5/21/20,red
SN,BE,5/22/20,red
SN,BE,5/23/20,red
SN,BE,5/24/20,red
SN,BE,5/25/20,red
SN,BE,5/26/20,red
SN,BE,5/27/20,red
SN,BE,5/28/20,red
SN,BE,5/29/20,red
SN,BE,5/30/20,red
SN,BE,5/31/20,red
SN,BE,6/1/20,red
CI,BF,3/8/20,green
CI,BF,3/9/20,green
CI,BF,3/10/20,green
CI,BF,3/11/20,green
CI,BF,3/12/20,green
CI,BF,3/13/20,green
CI,BF,3/14/20,green
CI,BF,3/15/20,green
CI,BF,3/16/20,green
CI,BF,3/17/20,green
CI,BF,3/18/20,green
CI,BF,3/19/20,green
CI,BF,3/20/20,green
CI,BF,3/21/20,green
CI,BF,3/22/20,green
CI,BF,3/23/20,green
CI,BF,3/24/20,green
CI,BF,3/25/20,green
CI,BF,3/26/20,red
CI,BF,3/27/20,red
CI,BF,3/28/20,red
CI,BF,3/29/20,red
CI,BF,3/30/20,red
CI,BF,3/31/20,red
CI,BF,4/1/20,red
CI,BF,4/2/20,red
CI,BF,4/3/20,red
CI,BF,4/4/20,red
CI,BF,4/5/20,red
CI,BF,4/6/20,red
CI,BF,4/7/20,red
CI,BF,4/8/20,red
CI,BF,4/9/20,red
CI,BF,4/10/20,red
CI,BF,4/11/20,red
CI,BF,4/12/20,red
CI,BF,4/13/20,red
CI,BF,4/14/20,red
CI,BF,4/15/20,red
CI,BF,4/16/20,red
CI,BF,4/17/20,red
CI,BF,4/18/20,red
CI,BF,4/19/20,red
CI,BF,4/20/20,red
CI,BF,4/21/20,red
CI,BF,4/22/20,red
CI,BF,4/23/20,red
CI,BF,4/24/20,red
CI,BF,4/25/20,red
CI,BF,4/26/20,red
CI,BF,4/27/20,red
CI,BF,4/28/20,red
CI,BF,4/29/20,red
CI,BF,4/30/20,red
CI,BF,5/1/20,red
CI,BF,5/2/20,red
CI,BF,5/3/20,red
CI,BF,5/4/20,red
CI,BF,5/5/20,red
CI,BF,5/6/20,red
CI,BF,5/7/20,red
CI,BF,5/8/20,red
CI,BF,5/9/20,red
CI,BF,5/10/20,red
CI,BF,5/11/20,red
CI,BF,5/12/20,red
CI,BF,5/13/20,red
CI,BF,5/14/20,red
CI,BF,5/15/20,red
CI,BF,5/16/20,red
CI,BF,5/17/20,red
CI,BF,5/18/20,red
CI,BF,5/19/20,red
CI,BF,5/20/20,red
CI,BF,5/21/20,red
CI,BF,5/22/20,red
CI,BF,5/23/20,red
CI,BF,5/24/20,red
CI,BF,5/25/20,red
CI,BF,5/26/20,red
CI,BF,5/27/20,red
CI,BF,5/28/20,red
CI,BF,5/29/20,red
CI,BF,5/30/20,red
CI,BF,5/31/20,red
CI,BF,6/1/20,red
DZ,BF,3/8/20,green
DZ,BF,3/9/20,green
DZ,BF,3/10/20,green
DZ,BF,3/11/20,green
DZ,BF,3/12/20,green
DZ,BF,3/13/20,green
DZ,BF,3/14/20,green
DZ,BF,3/15/20,green
DZ,BF,3/16/20,green
DZ,BF,3/17/20,green
DZ,BF,3/18/20,green
DZ,BF,3/19/20,green
DZ,BF,3/20/20,green
DZ,BF,3/21/20,green
DZ,BF,3/22/20,green
DZ,BF,3/23/20,green
DZ,BF,3/24/20,green
DZ,BF,3/25/20,green
DZ,BF,3/26/20,red
DZ,BF,3/27/20,red
DZ,BF,3/28/20,red
DZ,BF,3/29/20,red
DZ,BF,3/30/20,red
DZ,BF,3/31/20,red
DZ,BF,4/1/20,red
DZ,BF,4/2/20,red
DZ,BF,4/3/20,red
DZ,BF,4/4/20,red
DZ,BF,4/5/20,red
DZ,BF,4/6/20,red
DZ,BF,4/7/20,red
DZ,BF,4/8/20,red
DZ,BF,4/9/20,red
DZ,BF,4/10/20,red
DZ,BF,4/11/20,red
DZ,BF,4/12/20,red
DZ,BF,4/13/20,red
DZ,BF,4/14/20,red
DZ,BF,4/15/20,red
DZ,BF,4/16/20,red
DZ,BF,4/17/20,red
DZ,BF,4/18/20,red
DZ,BF,4/19/20,red
DZ,BF,4/20/20,red
DZ,BF,4/21/20,red
DZ,BF,4/22/20,red
DZ,BF,4/23/20,red
DZ,BF,4/24/20,red
DZ,BF,4/25/20,red
DZ,BF,4/26/20,red
DZ,BF,4/27/20,red
DZ,BF,4/28/20,red
DZ,BF,4/29/20,red
DZ,BF,4/30/20,red
DZ,BF,5/1/20,red
DZ,BF,5/2/20,red
DZ,BF,5/3/20,red
DZ,BF,5/4/20,red
DZ,BF,5/5/20,red
DZ,BF,5/6/20,red
DZ,BF,5/7/20,red
DZ,BF,5/8/20,red
DZ,BF,5/9/20,red
DZ,BF,5/10/20,red
DZ,BF,5/11/20,red
DZ,BF,5/12/20,red
DZ,BF,5/13/20,red
DZ,BF,5/14/20,red
DZ,BF,5/15/20,red
DZ,BF,5/16/20,red
DZ,BF,5/17/20,red
DZ,BF,5/18/20,red
DZ,BF,5/19/20,red
DZ,BF,5/20/20,red
DZ,BF,5/21/20,red
DZ,BF,5/22/20,red
DZ,BF,5/23/20,red
DZ,BF,5/24/20,red
DZ,BF,5/25/20,red
DZ,BF,5/26/20,red
DZ,BF,5/27/20,red
DZ,BF,5/28/20,red
DZ,BF,5/29/20,red
DZ,BF,5/30/20,red
DZ,BF,5/31/20,red
DZ,BF,6/1/20,red
MA,BF,3/8/20,green
MA,BF,3/9/20,green
MA,BF,3/10/20,green
MA,BF,3/11/20,green
MA,BF,3/12/20,green
MA,BF,3/13/20,green
MA,BF,3/14/20,green
MA,BF,3/15/20,green
MA,BF,3/16/20,green
MA,BF,3/17/20,green
MA,BF,3/18/20,green
MA,BF,3/19/20,green
MA,BF,3/20/20,green
MA,BF,3/21/20,green
MA,BF,3/22/20,green
MA,BF,3/23/20,green
MA,BF,3/24/20,green
MA,BF,3/25/20,green
MA,BF,3/26/20,red
MA,BF,3/27/20,red
MA,BF,3/28/20,red
MA,BF,3/29/20,red
MA,BF,3/30/20,red
MA,BF,3/31/20,red
MA,BF,4/1/20,red
MA,BF,4/2/20,red
MA,BF,4/3/20,red
MA,BF,4/4/20,red
MA,BF,4/5/20,red
MA,BF,4/6/20,red
MA,BF,4/7/20,red
MA,BF,4/8/20,red
MA,BF,4/9/20,red
MA,BF,4/10/20,red
MA,BF,4/11/20,red
MA,BF,4/12/20,red
MA,BF,4/13/20,red
MA,BF,4/14/20,red
MA,BF,4/15/20,red
MA,BF,4/16/20,red
MA,BF,4/17/20,red
MA,BF,4/18/20,red
MA,BF,4/19/20,red
MA,BF,4/20/20,red
MA,BF,4/21/20,red
MA,BF,4/22/20,red
MA,BF,4/23/20,red
MA,BF,4/24/20,red
MA,BF,4/25/20,red
MA,BF,4/26/20,red
MA,BF,4/27/20,red
MA,BF,4/28/20,red
MA,BF,4/29/20,red
MA,BF,4/30/20,red
MA,BF,5/1/20,red
MA,BF,5/2/20,red
MA,BF,5/3/20,red
MA,BF,5/4/20,red
MA,BF,5/5/20,red
MA,BF,5/6/20,red
MA,BF,5/7/20,red
MA,BF,5/8/20,red
MA,BF,5/9/20,red
MA,BF,5/10/20,red
MA,BF,5/11/20,red
MA,BF,5/12/20,red
MA,BF,5/13/20,red
MA,BF,5/14/20,red
MA,BF,5/15/20,red
MA,BF,5/16/20,red
MA,BF,5/17/20,red
MA,BF,5/18/20,red
MA,BF,5/19/20,red
MA,BF,5/20/20,red
MA,BF,5/21/20,red
MA,BF,5/22/20,red
MA,BF,5/23/20,red
MA,BF,5/24/20,red
MA,BF,5/25/20,red
MA,BF,5/26/20,red
MA,BF,5/27/20,red
MA,BF,5/28/20,red
MA,BF,5/29/20,red
MA,BF,5/30/20,red
MA,BF,5/31/20,red
MA,BF,6/1/20,red
SN,BF,3/8/20,green
SN,BF,3/9/20,green
SN,BF,3/10/20,green
SN,BF,3/11/20,green
SN,BF,3/12/20,green
SN,BF,3/13/20,green
SN,BF,3/14/20,green
SN,BF,3/15/20,green
SN,BF,3/16/20,green
SN,BF,3/17/20,green
SN,BF,3/18/20,green
SN,BF,3/19/20,green
SN,BF,3/20/20,green
SN,BF,3/21/20,green
SN,BF,3/22/20,green
SN,BF,3/23/20,green
SN,BF,3/24/20,green
SN,BF,3/25/20,green
SN,BF,3/26/20,red
SN,BF,3/27/20,red
SN,BF,3/28/20,red
SN,BF,3/29/20,red
SN,BF,3/30/20,red
SN,BF,3/31/20,red
SN,BF,4/1/20,red
SN,BF,4/2/20,red
SN,BF,4/3/20,red
SN,BF,4/4/20,red
SN,BF,4/5/20,red
SN,BF,4/6/20,red
SN,BF,4/7/20,red
SN,BF,4/8/20,red
SN,BF,4/9/20,red
SN,BF,4/10/20,red
SN,BF,4/11/20,red
SN,BF,4/12/20,red
SN,BF,4/13/20,red
SN,BF,4/14/20,red
SN,BF,4/15/20,red
SN,BF,4/16/20,red
SN,BF,4/17/20,red
SN,BF,4/18/20,red
SN,BF,4/19/20,red
SN,BF,4/20/20,red
SN,BF,4/21/20,red
SN,BF,4/22/20,red
SN,BF,4/23/20,red
SN,BF,4/24/20,red
SN,BF,4/25/20,red
SN,BF,4/26/20,red
SN,BF,4/27/20,red
SN,BF,4/28/20,red
SN,BF,4/29/20,red
SN,BF,4/30/20,red
SN,BF,5/1/20,red
SN,BF,5/2/20,red
SN,BF,5/3/20,red
SN,BF,5/4/20,red
SN,BF,5/5/20,red
SN,BF,5/6/20,red
SN,BF,5/7/20,red
SN,BF,5/8/20,red
SN,BF,5/9/20,red
SN,BF,5/10/20,red
SN,BF,5/11/20,red
SN,BF,5/12/20,red
SN,BF,5/13/20,red
SN,BF,5/14/20,red
SN,BF,5/15/20,red
SN,BF,5/16/20,red
SN,BF,5/17/20,red
SN,BF,5/18/20,red
SN,BF,5/19/20,red
SN,BF,5/20/20,red
SN,BF,5/21/20,red
SN,BF,5/22/20,red
SN,BF,5/23/20,red
SN,BF,5/24/20,red
SN,BF,5/25/20,red
SN,BF,5/26/20,red
SN,BF,5/27/20,red
SN,BF,5/28/20,red
SN,BF,5/29/20,red
SN,BF,5/30/20,red
SN,BF,5/31/20,red
SN,BF,6/1/20,red
CI,BJ,3/8/20,green
CI,BJ,3/9/20,green
CI,BJ,3/10/20,green
CI,BJ,3/11/20,green
CI,BJ,3/12/20,green
CI,BJ,3/13/20,yellow
CI,BJ,3/14/20,yellow
CI,BJ,3/15/20,yellow
CI,BJ,3/16/20,yellow
CI,BJ,3/17/20,yellow
CI,BJ,3/18/20,yellow
CI,BJ,3/19/20,yellow
CI,BJ,3/20/20,yellow
CI,BJ,3/21/20,yellow
CI,BJ,3/22/20,yellow
CI,BJ,3/23/20,yellow
CI,BJ,3/24/20,yellow
CI,BJ,3/25/20,yellow
CI,BJ,3/26/20,yellow
CI,BJ,3/27/20,yellow
CI,BJ,3/28/20,yellow
CI,BJ,3/29/20,yellow
CI,BJ,3/30/20,yellow
CI,BJ,3/31/20,yellow
CI,BJ,4/1/20,yellow
CI,BJ,4/2/20,yellow
CI,BJ,4/3/20,yellow
CI,BJ,4/4/20,yellow
CI,BJ,4/5/20,yellow
CI,BJ,4/6/20,yellow
CI,BJ,4/7/20,yellow
CI,BJ,4/8/20,yellow
CI,BJ,4/9/20,yellow
CI,BJ,4/10/20,yellow
CI,BJ,4/11/20,yellow
CI,BJ,4/12/20,yellow
CI,BJ,4/13/20,yellow
CI,BJ,4/14/20,yellow
CI,BJ,4/15/20,yellow
CI,BJ,4/16/20,yellow
CI,BJ,4/17/20,yellow
CI,BJ,4/18/20,yellow
CI,BJ,4/19/20,yellow
CI,BJ,4/20/20,yellow
CI,BJ,4/21/20,yellow
CI,BJ,4/22/20,yellow
CI,BJ,4/23/20,yellow
CI,BJ,4/24/20,yellow
CI,BJ,4/25/20,yellow
CI,BJ,4/26/20,yellow
CI,BJ,4/27/20,yellow
CI,BJ,4/28/20,yellow
CI,BJ,4/29/20,yellow
CI,BJ,4/30/20,yellow
CI,BJ,5/1/20,yellow
CI,BJ,5/2/20,yellow
CI,BJ,5/3/20,yellow
CI,BJ,5/4/20,yellow
CI,BJ,5/5/20,yellow
CI,BJ,5/6/20,yellow
CI,BJ,5/7/20,yellow
CI,BJ,5/8/20,yellow
CI,BJ,5/9/20,yellow
CI,BJ,5/10/20,yellow
CI,BJ,5/11/20,yellow
CI,BJ,5/12/20,yellow
CI,BJ,5/13/20,yellow
CI,BJ,5/14/20,yellow
CI,BJ,5/15/20,yellow
CI,BJ,5/16/20,yellow
CI,BJ,5/17/20,yellow
CI,BJ,5/18/20,yellow
CI,BJ,5/19/20,yellow
CI,BJ,5/20/20,yellow
CI,BJ,5/21/20,yellow
CI,BJ,5/22/20,yellow
CI,BJ,5/23/20,yellow
CI,BJ,5/24/20,yellow
CI,BJ,5/25/20,yellow
CI,BJ,5/26/20,yellow
CI,BJ,5/27/20,yellow
CI,BJ,5/28/20,yellow
CI,BJ,5/29/20,yellow
CI,BJ,5/30/20,yellow
CI,BJ,5/31/20,yellow
CI,BJ,6/1/20,yellow
DZ,BJ,3/8/20,green
DZ,BJ,3/9/20,green
DZ,BJ,3/10/20,green
DZ,BJ,3/11/20,yellow
DZ,BJ,3/12/20,yellow
DZ,BJ,3/13/20,yellow
DZ,BJ,3/14/20,yellow
DZ,BJ,3/15/20,yellow
DZ,BJ,3/16/20,yellow
DZ,BJ,3/17/20,yellow
DZ,BJ,3/18/20,yellow
DZ,BJ,3/19/20,yellow
DZ,BJ,3/20/20,yellow
DZ,BJ,3/21/20,yellow
DZ,BJ,3/22/20,yellow
DZ,BJ,3/23/20,yellow
DZ,BJ,3/24/20,yellow
DZ,BJ,3/25/20,yellow
DZ,BJ,3/26/20,yellow
DZ,BJ,3/27/20,yellow
DZ,BJ,3/28/20,yellow
DZ,BJ,3/29/20,yellow
DZ,BJ,3/30/20,yellow
DZ,BJ,3/31/20,yellow
DZ,BJ,4/1/20,yellow
DZ,BJ,4/2/20,yellow
DZ,BJ,4/3/20,yellow
DZ,BJ,4/4/20,yellow
DZ,BJ,4/5/20,yellow
DZ,BJ,4/6/20,yellow
DZ,BJ,4/7/20,yellow
DZ,BJ,4/8/20,yellow
DZ,BJ,4/9/20,yellow
DZ,BJ,4/10/20,yellow
DZ,BJ,4/11/20,yellow
DZ,BJ,4/12/20,yellow
DZ,BJ,4/13/20,yellow
DZ,BJ,4/14/20,yellow
DZ,BJ,4/15/20,yellow
DZ,BJ,4/16/20,yellow
DZ,BJ,4/17/20,yellow
DZ,BJ,4/18/20,yellow
DZ,BJ,4/19/20,yellow
DZ,BJ,4/20/20,yellow
DZ,BJ,4/21/20,yellow
DZ,BJ,4/22/20,yellow
DZ,BJ,4/23/20,yellow
DZ,BJ,4/24/20,yellow
DZ,BJ,4/25/20,yellow
DZ,BJ,4/26/20,yellow
DZ,BJ,4/27/20,yellow
DZ,BJ,4/28/20,yellow
DZ,BJ,4/29/20,yellow
DZ,BJ,4/30/20,yellow
DZ,BJ,5/1/20,yellow
DZ,BJ,5/2/20,yellow
DZ,BJ,5/3/20,yellow
DZ,BJ,5/4/20,yellow
DZ,BJ,5/5/20,yellow
DZ,BJ,5/6/20,yellow
DZ,BJ,5/7/20,yellow
DZ,BJ,5/8/20,yellow
DZ,BJ,5/9/20,yellow
DZ,BJ,5/10/20,yellow
DZ,BJ,5/11/20,yellow
DZ,BJ,5/12/20,yellow
DZ,BJ,5/13/20,yellow
DZ,BJ,5/14/20,yellow
DZ,BJ,5/15/20,yellow
DZ,BJ,5/16/20,yellow
DZ,BJ,5/17/20,yellow
DZ,BJ,5/18/20,yellow
DZ,BJ,5/19/20,yellow
DZ,BJ,5/20/20,yellow
DZ,BJ,5/21/20,yellow
DZ,BJ,5/22/20,yellow
DZ,BJ,5/23/20,yellow
DZ,BJ,5/24/20,yellow
DZ,BJ,5/25/20,yellow
DZ,BJ,5/26/20,yellow
DZ,BJ,5/27/20,yellow
DZ,BJ,5/28/20,yellow
DZ,BJ,5/29/20,yellow
DZ,BJ,5/30/20,yellow
DZ,BJ,5/31/20,yellow
DZ,BJ,6/1/20,yellow
MA,BJ,3/8/20,green
MA,BJ,3/9/20,green
MA,BJ,3/10/20,green
MA,BJ,3/11/20,yellow
MA,BJ,3/12/20,yellow
MA,BJ,3/13/20,yellow
MA,BJ,3/14/20,yellow
MA,BJ,3/15/20,yellow
MA,BJ,3/16/20,yellow
MA,BJ,3/17/20,yellow
MA,BJ,3/18/20,yellow
MA,BJ,3/19/20,yellow
MA,BJ,3/20/20,yellow
MA,BJ,3/21/20,yellow
MA,BJ,3/22/20,yellow
MA,BJ,3/23/20,yellow
MA,BJ,3/24/20,yellow
MA,BJ,3/25/20,yellow
MA,BJ,3/26/20,yellow
MA,BJ,3/27/20,yellow
MA,BJ,3/28/20,yellow
MA,BJ,3/29/20,yellow
MA,BJ,3/30/20,yellow
MA,BJ,3/31/20,yellow
MA,BJ,4/1/20,yellow
MA,BJ,4/2/20,yellow
MA,BJ,4/3/20,yellow
MA,BJ,4/4/20,yellow
MA,BJ,4/5/20,yellow
MA,BJ,4/6/20,yellow
MA,BJ,4/7/20,yellow
MA,BJ,4/8/20,yellow
MA,BJ,4/9/20,yellow
MA,BJ,4/10/20,yellow
MA,BJ,4/11/20,yellow
MA,BJ,4/12/20,yellow
MA,BJ,4/13/20,yellow
MA,BJ,4/14/20,yellow
MA,BJ,4/15/20,yellow
MA,BJ,4/16/20,yellow
MA,BJ,4/17/20,yellow
MA,BJ,4/18/20,yellow
MA,BJ,4/19/20,yellow
MA,BJ,4/20/20,yellow
MA,BJ,4/21/20,yellow
MA,BJ,4/22/20,yellow
MA,BJ,4/23/20,yellow
MA,BJ,4/24/20,yellow
MA,BJ,4/25/20,yellow
MA,BJ,4/26/20,yellow
MA,BJ,4/27/20,yellow
MA,BJ,4/28/20,yellow
MA,BJ,4/29/20,yellow
MA,BJ,4/30/20,yellow
MA,BJ,5/1/20,yellow
MA,BJ,5/2/20,yellow
MA,BJ,5/3/20,yellow
MA,BJ,5/4/20,yellow
MA,BJ,5/5/20,yellow
MA,BJ,5/6/20,yellow
MA,BJ,5/7/20,yellow
MA,BJ,5/8/20,yellow
MA,BJ,5/9/20,yellow
MA,BJ,5/10/20,yellow
MA,BJ,5/11/20,yellow
MA,BJ,5/12/20,yellow
MA,BJ,5/13/20,yellow
MA,BJ,5/14/20,yellow
MA,BJ,5/15/20,yellow
MA,BJ,5/16/20,yellow
MA,BJ,5/17/20,yellow
MA,BJ,5/18/20,yellow
MA,BJ,5/19/20,yellow
MA,BJ,5/20/20,yellow
MA,BJ,5/21/20,yellow
MA,BJ,5/22/20,yellow
MA,BJ,5/23/20,yellow
MA,BJ,5/24/20,yellow
MA,BJ,5/25/20,yellow
MA,BJ,5/26/20,yellow
MA,BJ,5/27/20,yellow
MA,BJ,5/28/20,yellow
MA,BJ,5/29/20,yellow
MA,BJ,5/30/20,yellow
MA,BJ,5/31/20,yellow
MA,BJ,6/1/20,yellow
SN,BJ,3/8/20,green
SN,BJ,3/9/20,green
SN,BJ,3/10/20,green
SN,BJ,3/11/20,yellow
SN,BJ,3/12/20,yellow
SN,BJ,3/13/20,yellow
SN,BJ,3/14/20,yellow
SN,BJ,3/15/20,yellow
SN,BJ,3/16/20,yellow
SN,BJ,3/17/20,yellow
SN,BJ,3/18/20,yellow
SN,BJ,3/19/20,yellow
SN,BJ,3/20/20,yellow
SN,BJ,3/21/20,yellow
SN,BJ,3/22/20,yellow
SN,BJ,3/23/20,yellow
SN,BJ,3/24/20,yellow
SN,BJ,3/25/20,yellow
SN,BJ,3/26/20,yellow
SN,BJ,3/27/20,yellow
SN,BJ,3/28/20,yellow
SN,BJ,3/29/20,yellow
SN,BJ,3/30/20,yellow
SN,BJ,3/31/20,yellow
SN,BJ,4/1/20,yellow
SN,BJ,4/2/20,yellow
SN,BJ,4/3/20,yellow
SN,BJ,4/4/20,yellow
SN,BJ,4/5/20,yellow
SN,BJ,4/6/20,yellow
SN,BJ,4/7/20,yellow
SN,BJ,4/8/20,yellow
SN,BJ,4/9/20,yellow
SN,BJ,4/10/20,yellow
SN,BJ,4/11/20,yellow
SN,BJ,4/12/20,yellow
SN,BJ,4/13/20,yellow
SN,BJ,4/14/20,yellow
SN,BJ,4/15/20,yellow
SN,BJ,4/16/20,yellow
SN,BJ,4/17/20,yellow
SN,BJ,4/18/20,yellow
SN,BJ,4/19/20,yellow
SN,BJ,4/20/20,yellow
SN,BJ,4/21/20,yellow
SN,BJ,4/22/20,yellow
SN,BJ,4/23/20,yellow
SN,BJ,4/24/20,yellow
SN,BJ,4/25/20,yellow
SN,BJ,4/26/20,yellow
SN,BJ,4/27/20,yellow
SN,BJ,4/28/20,yellow
SN,BJ,4/29/20,yellow
SN,BJ,4/30/20,yellow
SN,BJ,5/1/20,yellow
SN,BJ,5/2/20,yellow
SN,BJ,5/3/20,yellow
SN,BJ,5/4/20,yellow
SN,BJ,5/5/20,yellow
SN,BJ,5/6/20,yellow
SN,BJ,5/7/20,yellow
SN,BJ,5/8/20,yellow
SN,BJ,5/9/20,yellow
SN,BJ,5/10/20,yellow
SN,BJ,5/11/20,yellow
SN,BJ,5/12/20,yellow
SN,BJ,5/13/20,yellow
SN,BJ,5/14/20,yellow
SN,BJ,5/15/20,yellow
SN,BJ,5/16/20,yellow
SN,BJ,5/17/20,yellow
SN,BJ,5/18/20,yellow
SN,BJ,5/19/20,yellow
SN,BJ,5/20/20,yellow
SN,BJ,5/21/20,yellow
SN,BJ,5/22/20,yellow
SN,BJ,5/23/20,yellow
SN,BJ,5/24/20,yellow
SN,BJ,5/25/20,yellow
SN,BJ,5/26/20,yellow
SN,BJ,5/27/20,yellow
SN,BJ,5/28/20,yellow
SN,BJ,5/29/20,yellow
SN,BJ,5/30/20,yellow
SN,BJ,5/31/20,yellow
SN,BJ,6/1/20,yellow
CI,CA,3/8/20,green
CI,CA,3/9/20,green
CI,CA,3/10/20,green
CI,CA,3/11/20,green
CI,CA,3/12/20,green
CI,CA,3/13/20,green
CI,CA,3/14/20,green
CI,CA,3/15/20,green
CI,CA,3/16/20,green
CI,CA,3/17/20,green
CI,CA,3/18/20,red
CI,CA,3/19/20,red
CI,CA,3/20/20,red
CI,CA,3/21/20,red
CI,CA,3/22/20,red
CI,CA,3/23/20,red
CI,CA,3/24/20,red
CI,CA,3/25/20,red
CI,CA,3/26/20,red
CI,CA,3/27/20,red
CI,CA,3/28/20,red
CI,CA,3/29/20,red
CI,CA,3/30/20,red
CI,CA,3/31/20,red
CI,CA,4/1/20,red
CI,CA,4/2/20,red
CI,CA,4/3/20,red
CI,CA,4/4/20,red
CI,CA,4/5/20,red
CI,CA,4/6/20,red
CI,CA,4/7/20,red
CI,CA,4/8/20,red
CI,CA,4/9/20,red
CI,CA,4/10/20,red
CI,CA,4/11/20,red
CI,CA,4/12/20,red
CI,CA,4/13/20,red
CI,CA,4/14/20,red
CI,CA,4/15/20,red
CI,CA,4/16/20,red
CI,CA,4/17/20,red
CI,CA,4/18/20,red
CI,CA,4/19/20,red
CI,CA,4/20/20,red
CI,CA,4/21/20,red
CI,CA,4/22/20,red
CI,CA,4/23/20,red
CI,CA,4/24/20,red
CI,CA,4/25/20,red
CI,CA,4/26/20,red
CI,CA,4/27/20,red
CI,CA,4/28/20,red
CI,CA,4/29/20,red
CI,CA,4/30/20,red
CI,CA,5/1/20,red
CI,CA,5/2/20,red
CI,CA,5/3/20,red
CI,CA,5/4/20,red
CI,CA,5/5/20,red
CI,CA,5/6/20,red
CI,CA,5/7/20,red
CI,CA,5/8/20,red
CI,CA,5/9/20,red
CI,CA,5/10/20,red
CI,CA,5/11/20,red
CI,CA,5/12/20,red
CI,CA,5/13/20,red
CI,CA,5/14/20,red
CI,CA,5/15/20,red
CI,CA,5/16/20,red
CI,CA,5/17/20,red
CI,CA,5/18/20,red
CI,CA,5/19/20,red
CI,CA,5/20/20,red
CI,CA,5/21/20,red
CI,CA,5/22/20,red
CI,CA,5/23/20,red
CI,CA,5/24/20,red
CI,CA,5/25/20,red
CI,CA,5/26/20,red
CI,CA,5/27/20,red
CI,CA,5/28/20,red
CI,CA,5/29/20,red
CI,CA,5/30/20,red
CI,CA,5/31/20,red
CI,CA,6/1/20,red
DZ,CA,3/8/20,green
DZ,CA,3/9/20,green
DZ,CA,3/10/20,green
DZ,CA,3/11/20,green
DZ,CA,3/12/20,green
DZ,CA,3/13/20,green
DZ,CA,3/14/20,green
DZ,CA,3/15/20,green
DZ,CA,3/16/20,green
DZ,CA,3/17/20,green
DZ,CA,3/18/20,red
DZ,CA,3/19/20,red
DZ,CA,3/20/20,red
DZ,CA,3/21/20,red
DZ,CA,3/22/20,red
DZ,CA,3/23/20,red
DZ,CA,3/24/20,red
DZ,CA,3/25/20,red
DZ,CA,3/26/20,red
DZ,CA,3/27/20,red
DZ,CA,3/28/20,red
DZ,CA,3/29/20,red
DZ,CA,3/30/20,red
DZ,CA,3/31/20,red
DZ,CA,4/1/20,red
DZ,CA,4/2/20,red
DZ,CA,4/3/20,red
DZ,CA,4/4/20,red
DZ,CA,4/5/20,red
DZ,CA,4/6/20,red
DZ,CA,4/7/20,red
DZ,CA,4/8/20,red
DZ,CA,4/9/20,red
DZ,CA,4/10/20,red
DZ,CA,4/11/20,red
DZ,CA,4/12/20,red
DZ,CA,4/13/20,red
DZ,CA,4/14/20,red
DZ,CA,4/15/20,red
DZ,CA,4/16/20,red
DZ,CA,4/17/20,red
DZ,CA,4/18/20,red
DZ,CA,4/19/20,red
DZ,CA,4/20/20,red
DZ,CA,4/21/20,red
DZ,CA,4/22/20,red
DZ,CA,4/23/20,red
DZ,CA,4/24/20,red
DZ,CA,4/25/20,red
DZ,CA,4/26/20,red
DZ,CA,4/27/20,red
DZ,CA,4/28/20,red
DZ,CA,4/29/20,red
DZ,CA,4/30/20,red
DZ,CA,5/1/20,red
DZ,CA,5/2/20,red
DZ,CA,5/3/20,red
DZ,CA,5/4/20,red
DZ,CA,5/5/20,red
DZ,CA,5/6/20,red
DZ,CA,5/7/20,red
DZ,CA,5/8/20,red
DZ,CA,5/9/20,red
DZ,CA,5/10/20,red
DZ,CA,5/11/20,red
DZ,CA,5/12/20,red
DZ,CA,5/13/20,red
DZ,CA,5/14/20,red
DZ,CA,5/15/20,red
DZ,CA,5/16/20,red
DZ,CA,5/17/20,red
DZ,CA,5/18/20,red
DZ,CA,5/19/20,red
DZ,CA,5/20/20,red
DZ,CA,5/21/20,red
DZ,CA,5/22/20,red
DZ,CA,5/23/20,red
DZ,CA,5/24/20,red
DZ,CA,5/25/20,red
DZ,CA,5/26/20,red
DZ,CA,5/27/20,red
DZ,CA,5/28/20,red
DZ,CA,5/29/20,red
DZ,CA,5/30/20,red
DZ,CA,5/31/20,red
DZ,CA,6/1/20,red
MA,CA,3/8/20,green
MA,CA,3/9/20,green
MA,CA,3/10/20,green
MA,CA,3/11/20,green
MA,CA,3/12/20,green
MA,CA,3/13/20,green
MA,CA,3/14/20,green
MA,CA,3/15/20,green
MA,CA,3/16/20,green
MA,CA,3/17/20,green
MA,CA,3/18/20,red
MA,CA,3/19/20,red
MA,CA,3/20/20,red
MA,CA,3/21/20,red
MA,CA,3/22/20,red
MA,CA,3/23/20,red
MA,CA,3/24/20,red
MA,CA,3/25/20,red
MA,CA,3/26/20,red
MA,CA,3/27/20,red
MA,CA,3/28/20,red
MA,CA,3/29/20,red
MA,CA,3/30/20,red
MA,CA,3/31/20,red
MA,CA,4/1/20,red
MA,CA,4/2/20,red
MA,CA,4/3/20,red
MA,CA,4/4/20,red
MA,CA,4/5/20,red
MA,CA,4/6/20,red
MA,CA,4/7/20,red
MA,CA,4/8/20,red
MA,CA,4/9/20,red
MA,CA,4/10/20,red
MA,CA,4/11/20,red
MA,CA,4/12/20,red
MA,CA,4/13/20,red
MA,CA,4/14/20,red
MA,CA,4/15/20,red
MA,CA,4/16/20,red
MA,CA,4/17/20,red
MA,CA,4/18/20,red
MA,CA,4/19/20,red
MA,CA,4/20/20,red
MA,CA,4/21/20,red
MA,CA,4/22/20,red
MA,CA,4/23/20,red
MA,CA,4/24/20,red
MA,CA,4/25/20,red
MA,CA,4/26/20,red
MA,CA,4/27/20,red
MA,CA,4/28/20,red
MA,CA,4/29/20,red
MA,CA,4/30/20,red
MA,CA,5/1/20,red
MA,CA,5/2/20,red
MA,CA,5/3/20,red
MA,CA,5/4/20,red
MA,CA,5/5/20,red
MA,CA,5/6/20,red
MA,CA,5/7/20,red
MA,CA,5/8/20,red
MA,CA,5/9/20,red
MA,CA,5/10/20,red
MA,CA,5/11/20,red
MA,CA,5/12/20,red
MA,CA,5/13/20,red
MA,CA,5/14/20,red
MA,CA,5/15/20,red
MA,CA,5/16/20,red
MA,CA,5/17/20,red
MA,CA,5/18/20,red
MA,CA,5/19/20,red
MA,CA,5/20/20,red
MA,CA,5/21/20,red
MA,CA,5/22/20,red
MA,CA,5/23/20,red
MA,CA,5/24/20,red
MA,CA,5/25/20,red
MA,CA,5/26/20,red
MA,CA,5/27/20,red
MA,CA,5/28/20,red
MA,CA,5/29/20,red
MA,CA,5/30/20,red
MA,CA,5/31/20,red
MA,CA,6/1/20,red
SN,CA,3/8/20,green
SN,CA,3/9/20,green
SN,CA,3/10/20,green
SN,CA,3/11/20,green
SN,CA,3/12/20,green
SN,CA,3/13/20,green
SN,CA,3/14/20,green
SN,CA,3/15/20,green
SN,CA,3/16/20,green
SN,CA,3/17/20,green
SN,CA,3/18/20,red
SN,CA,3/19/20,red
SN,CA,3/20/20,red
SN,CA,3/21/20,red
SN,CA,3/22/20,red
SN,CA,3/23/20,red
SN,CA,3/24/20,red
SN,CA,3/25/20,red
SN,CA,3/26/20,red
SN,CA,3/27/20,red
SN,CA,3/28/20,red
SN,CA,3/29/20,red
SN,CA,3/30/20,red
SN,CA,3/31/20,red
SN,CA,4/1/20,red
SN,CA,4/2/20,red
SN,CA,4/3/20,red
SN,CA,4/4/20,red
SN,CA,4/5/20,red
SN,CA,4/6/20,red
SN,CA,4/7/20,red
SN,CA,4/8/20,red
SN,CA,4/9/20,red
SN,CA,4/10/20,red
SN,CA,4/11/20,red
SN,CA,4/12/20,red
SN,CA,4/13/20,red
SN,CA,4/14/20,red
SN,CA,4/15/20,red
SN,CA,4/16/20,red
SN,CA,4/17/20,red
SN,CA,4/18/20,red
SN,CA,4/19/20,red
SN,CA,4/20/20,red
SN,CA,4/21/20,red
SN,CA,4/22/20,red
SN,CA,4/23/20,red
SN,CA,4/24/20,red
SN,CA,4/25/20,red
SN,CA,4/26/20,red
SN,CA,4/27/20,red
SN,CA,4/28/20,red
SN,CA,4/29/20,red
SN,CA,4/30/20,red
SN,CA,5/1/20,red
SN,CA,5/2/20,red
SN,CA,5/3/20,red
SN,CA,5/4/20,red
SN,CA,5/5/20,red
SN,CA,5/6/20,red
SN,CA,5/7/20,red
SN,CA,5/8/20,red
SN,CA,5/9/20,red
SN,CA,5/10/20,red
SN,CA,5/11/20,red
SN,CA,5/12/20,red
SN,CA,5/13/20,red
SN,CA,5/14/20,red
SN,CA,5/15/20,red
SN,CA,5/16/20,red
SN,CA,5/17/20,red
SN,CA,5/18/20,red
SN,CA,5/19/20,red
SN,CA,5/20/20,red
SN,CA,5/21/20,red
SN,CA,5/22/20,red
SN,CA,5/23/20,red
SN,CA,5/24/20,red
SN,CA,5/25/20,red
SN,CA,5/26/20,red
SN,CA,5/27/20,red
SN,CA,5/28/20,red
SN,CA,5/29/20,red
SN,CA,5/30/20,red
SN,CA,5/31/20,red
SN,CA,6/1/20,red
DZ,CI,3/8/20,green
DZ,CI,3/9/20,green
DZ,CI,3/10/20,green
DZ,CI,3/11/20,green
DZ,CI,3/12/20,green
DZ,CI,3/13/20,green
DZ,CI,3/14/20,green
DZ,CI,3/15/20,green
DZ,CI,3/16/20,green
DZ,CI,3/17/20,green
DZ,CI,3/18/20,green
DZ,CI,3/19/20,green
DZ,CI,3/20/20,green
DZ,CI,3/21/20,green
DZ,CI,3/22/20,green
DZ,CI,3/23/20,red
DZ,CI,3/24/20,red
DZ,CI,3/25/20,red
DZ,CI,3/26/20,red
DZ,CI,3/27/20,red
DZ,CI,3/28/20,red
DZ,CI,3/29/20,red
DZ,CI,3/30/20,red
DZ,CI,3/31/20,red
DZ,CI,4/1/20,red
DZ,CI,4/2/20,red
DZ,CI,4/3/20,red
DZ,CI,4/4/20,red
DZ,CI,4/5/20,red
DZ,CI,4/6/20,red
DZ,CI,4/7/20,red
DZ,CI,4/8/20,red
DZ,CI,4/9/20,red
DZ,CI,4/10/20,red
DZ,CI,4/11/20,red
DZ,CI,4/12/20,red
DZ,CI,4/13/20,red
DZ,CI,4/14/20,red
DZ,CI,4/15/20,red
DZ,CI,4/16/20,red
DZ,CI,4/17/20,red
DZ,CI,4/18/20,red
DZ,CI,4/19/20,red
DZ,CI,4/20/20,red
DZ,CI,4/21/20,red
DZ,CI,4/22/20,red
DZ,CI,4/23/20,red
DZ,CI,4/24/20,red
DZ,CI,4/25/20,red
DZ,CI,4/26/20,red
DZ,CI,4/27/20,red
DZ,CI,4/28/20,red
DZ,CI,4/29/20,red
DZ,CI,4/30/20,red
DZ,CI,5/1/20,red
DZ,CI,5/2/20,red
DZ,CI,5/3/20,red
DZ,CI,5/4/20,red
DZ,CI,5/5/20,red
DZ,CI,5/6/20,red
DZ,CI,5/7/20,red
DZ,CI,5/8/20,red
DZ,CI,5/9/20,red
DZ,CI,5/10/20,red
DZ,CI,5/11/20,red
DZ,CI,5/12/20,red
DZ,CI,5/13/20,red
DZ,CI,5/14/20,red
DZ,CI,5/15/20,red
DZ,CI,5/16/20,red
DZ,CI,5/17/20,red
DZ,CI,5/18/20,red
DZ,CI,5/19/20,red
DZ,CI,5/20/20,red
DZ,CI,5/21/20,red
DZ,CI,5/22/20,red
DZ,CI,5/23/20,red
DZ,CI,5/24/20,red
DZ,CI,5/25/20,red
DZ,CI,5/26/20,red
DZ,CI,5/27/20,red
DZ,CI,5/28/20,red
DZ,CI,5/29/20,red
DZ,CI,5/30/20,red
DZ,CI,5/31/20,red
DZ,CI,6/1/20,red
MA,CI,3/8/20,green
MA,CI,3/9/20,green
MA,CI,3/10/20,green
MA,CI,3/11/20,green
MA,CI,3/12/20,green
MA,CI,3/13/20,green
MA,CI,3/14/20,green
MA,CI,3/15/20,green
MA,CI,3/16/20,green
MA,CI,3/17/20,green
MA,CI,3/18/20,green
MA,CI,3/19/20,green
MA,CI,3/20/20,green
MA,CI,3/21/20,green
MA,CI,3/22/20,green
MA,CI,3/23/20,red
MA,CI,3/24/20,red
MA,CI,3/25/20,red
MA,CI,3/26/20,red
MA,CI,3/27/20,red
MA,CI,3/28/20,red
MA,CI,3/29/20,red
MA,CI,3/30/20,red
MA,CI,3/31/20,red
MA,CI,4/1/20,red
MA,CI,4/2/20,red
MA,CI,4/3/20,red
MA,CI,4/4/20,red
MA,CI,4/5/20,red
MA,CI,4/6/20,red
MA,CI,4/7/20,red
MA,CI,4/8/20,red
MA,CI,4/9/20,red
MA,CI,4/10/20,red
MA,CI,4/11/20,red
MA,CI,4/12/20,red
MA,CI,4/13/20,red
MA,CI,4/14/20,red
MA,CI,4/15/20,red
MA,CI,4/16/20,red
MA,CI,4/17/20,red
MA,CI,4/18/20,red
MA,CI,4/19/20,red
MA,CI,4/20/20,red
MA,CI,4/21/20,red
MA,CI,4/22/20,red
MA,CI,4/23/20,red
MA,CI,4/24/20,red
MA,CI,4/25/20,red
MA,CI,4/26/20,red
MA,CI,4/27/20,red
MA,CI,4/28/20,red
MA,CI,4/29/20,red
MA,CI,4/30/20,red
MA,CI,5/1/20,red
MA,CI,5/2/20,red
MA,CI,5/3/20,red
MA,CI,5/4/20,red
MA,CI,5/5/20,red
MA,CI,5/6/20,red
MA,CI,5/7/20,red
MA,CI,5/8/20,red
MA,CI,5/9/20,red
MA,CI,5/10/20,red
MA,CI,5/11/20,red
MA,CI,5/12/20,red
MA,CI,5/13/20,red
MA,CI,5/14/20,red
MA,CI,5/15/20,red
MA,CI,5/16/20,red
MA,CI,5/17/20,red
MA,CI,5/18/20,red
MA,CI,5/19/20,red
MA,CI,5/20/20,red
MA,CI,5/21/20,red
MA,CI,5/22/20,red
MA,CI,5/23/20,red
MA,CI,5/24/20,red
MA,CI,5/25/20,red
MA,CI,5/26/20,red
MA,CI,5/27/20,red
MA,CI,5/28/20,red
MA,CI,5/29/20,red
MA,CI,5/30/20,red
MA,CI,5/31/20,red
MA,CI,6/1/20,red
SN,CI,3/8/20,green
SN,CI,3/9/20,green
SN,CI,3/10/20,green
SN,CI,3/11/20,green
SN,CI,3/12/20,green
SN,CI,3/13/20,green
SN,CI,3/14/20,green
SN,CI,3/15/20,green
SN,CI,3/16/20,green
SN,CI,3/17/20,green
SN,CI,3/18/20,green
SN,CI,3/19/20,green
SN,CI,3/20/20,green
SN,CI,3/21/20,green
SN,CI,3/22/20,green
SN,CI,3/23/20,green
SN,CI,3/24/20,green
SN,CI,3/25/20,green
SN,CI,3/26/20,red
SN,CI,3/27/20,red
SN,CI,3/28/20,red
SN,CI,3/29/20,red
SN,CI,3/30/20,red
SN,CI,3/31/20,red
SN,CI,4/1/20,red
SN,CI,4/2/20,red
SN,CI,4/3/20,red
SN,CI,4/4/20,red
SN,CI,4/5/20,red
SN,CI,4/6/20,red
SN,CI,4/7/20,red
SN,CI,4/8/20,red
SN,CI,4/9/20,red
SN,CI,4/10/20,red
SN,CI,4/11/20,red
SN,CI,4/12/20,red
SN,CI,4/13/20,red
SN,CI,4/14/20,red
SN,CI,4/15/20,red
SN,CI,4/16/20,red
SN,CI,4/17/20,red
SN,CI,4/18/20,red
SN,CI,4/19/20,red
SN,CI,4/20/20,red
SN,CI,4/21/20,red
SN,CI,4/22/20,red
SN,CI,4/23/20,red
SN,CI,4/24/20,red
SN,CI,4/25/20,red
SN,CI,4/26/20,red
SN,CI,4/27/20,red
SN,CI,4/28/20,red
SN,CI,4/29/20,red
SN,CI,4/30/20,red
SN,CI,5/1/20,red
SN,CI,5/2/20,red
SN,CI,5/3/20,red
SN,CI,5/4/20,red
SN,CI,5/5/20,red
SN,CI,5/6/20,red
SN,CI,5/7/20,red
SN,CI,5/8/20,red
SN,CI,5/9/20,red
SN,CI,5/10/20,red
SN,CI,5/11/20,red
SN,CI,5/12/20,red
SN,CI,5/13/20,red
SN,CI,5/14/20,red
SN,CI,5/15/20,red
SN,CI,5/16/20,red
SN,CI,5/17/20,red
SN,CI,5/18/20,red
SN,CI,5/19/20,red
SN,CI,5/20/20,red
SN,CI,5/21/20,red
SN,CI,5/22/20,red
SN,CI,5/23/20,red
SN,CI,5/24/20,red
SN,CI,5/25/20,red
SN,CI,5/26/20,red
SN,CI,5/27/20,red
SN,CI,5/28/20,red
SN,CI,5/29/20,red
SN,CI,5/30/20,red
SN,CI,5/31/20,red
SN,CI,6/1/20,red
CI,DE,3/8/20,green
CI,DE,3/9/20,green
CI,DE,3/10/20,green
CI,DE,3/11/20,green
CI,DE,3/12/20,green
CI,DE,3/13/20,green
CI,DE,3/14/20,green
CI,DE,3/15/20,green
CI,DE,3/16/20,green
CI,DE,3/17/20,green
CI,DE,3/18/20,yellow
CI,DE,3/19/20,red
CI,DE,3/20/20,red
CI,DE,3/21/20,red
CI,DE,3/22/20,red
CI,DE,3/23/20,red
CI,DE,3/24/20,red
CI,DE,3/25/20,red
CI,DE,3/26/20,red
CI,DE,3/27/20,red
CI,DE,3/28/20,red
CI,DE,3/29/20,red
CI,DE,3/30/20,red
CI,DE,3/31/20,red
CI,DE,4/1/20,red
CI,DE,4/2/20,red
CI,DE,4/3/20,red
CI,DE,4/4/20,red
CI,DE,4/5/20,red
CI,DE,4/6/20,red
CI,DE,4/7/20,red
CI,DE,4/8/20,red
CI,DE,4/9/20,red
CI,DE,4/10/20,red
CI,DE,4/11/20,red
CI,DE,4/12/20,red
CI,DE,4/13/20,red
CI,DE,4/14/20,red
CI,DE,4/15/20,red
CI,DE,4/16/20,red
CI,DE,4/17/20,red
CI,DE,4/18/20,red
CI,DE,4/19/20,red
CI,DE,4/20/20,red
CI,DE,4/21/20,red
CI,DE,4/22/20,red
CI,DE,4/23/20,red
CI,DE,4/24/20,red
CI,DE,4/25/20,red
CI,DE,4/26/20,red
CI,DE,4/27/20,red
CI,DE,4/28/20,red
CI,DE,4/29/20,red
CI,DE,4/30/20,red
CI,DE,5/1/20,red
CI,DE,5/2/20,red
CI,DE,5/3/20,red
CI,DE,5/4/20,red
CI,DE,5/5/20,red
CI,DE,5/6/20,red
CI,DE,5/7/20,red
CI,DE,5/8/20,red
CI,DE,5/9/20,red
CI,DE,5/10/20,red
CI,DE,5/11/20,red
CI,DE,5/12/20,red
CI,DE,5/13/20,red
CI,DE,5/14/20,red
CI,DE,5/15/20,red
CI,DE,5/16/20,red
CI,DE,5/17/20,red
CI,DE,5/18/20,red
CI,DE,5/19/20,red
CI,DE,5/20/20,red
CI,DE,5/21/20,red
CI,DE,5/22/20,red
CI,DE,5/23/20,red
CI,DE,5/24/20,red
CI,DE,5/25/20,red
CI,DE,5/26/20,red
CI,DE,5/27/20,red
CI,DE,5/28/20,red
CI,DE,5/29/20,red
CI,DE,5/30/20,red
CI,DE,5/31/20,red
CI,DE,6/1/20,red
DZ,DE,3/8/20,green
DZ,DE,3/9/20,green
DZ,DE,3/10/20,green
DZ,DE,3/11/20,green
DZ,DE,3/12/20,green
DZ,DE,3/13/20,green
DZ,DE,3/14/20,green
DZ,DE,3/15/20,green
DZ,DE,3/16/20,green
DZ,DE,3/17/20,green
DZ,DE,3/18/20,yellow
DZ,DE,3/19/20,red
DZ,DE,3/20/20,red
DZ,DE,3/21/20,red
DZ,DE,3/22/20,red
DZ,DE,3/23/20,red
DZ,DE,3/24/20,red
DZ,DE,3/25/20,red
DZ,DE,3/26/20,red
DZ,DE,3/27/20,red
DZ,DE,3/28/20,red
DZ,DE,3/29/20,red
DZ,DE,3/30/20,red
DZ,DE,3/31/20,red
DZ,DE,4/1/20,red
DZ,DE,4/2/20,red
DZ,DE,4/3/20,red
DZ,DE,4/4/20,red
DZ,DE,4/5/20,red
DZ,DE,4/6/20,red
DZ,DE,4/7/20,red
DZ,DE,4/8/20,red
DZ,DE,4/9/20,red
DZ,DE,4/10/20,red
DZ,DE,4/11/20,red
DZ,DE,4/12/20,red
DZ,DE,4/13/20,red
DZ,DE,4/14/20,red
DZ,DE,4/15/20,red
DZ,DE,4/16/20,red
DZ,DE,4/17/20,red
DZ,DE,4/18/20,red
DZ,DE,4/19/20,red
DZ,DE,4/20/20,red
DZ,DE,4/21/20,red
DZ,DE,4/22/20,red
DZ,DE,4/23/20,red
DZ,DE,4/24/20,red
DZ,DE,4/25/20,red
DZ,DE,4/26/20,red
DZ,DE,4/27/20,red
DZ,DE,4/28/20,red
DZ,DE,4/29/20,red
DZ,DE,4/30/20,red
DZ,DE,5/1/20,red
DZ,DE,5/2/20,red
DZ,DE,5/3/20,red
DZ,DE,5/4/20,red
DZ,DE,5/5/20,red
DZ,DE,5/6/20,red
DZ,DE,5/7/20,red
DZ,DE,5/8/20,red
DZ,DE,5/9/20,red
DZ,DE,5/10/20,red
DZ,DE,5/11/20,red
DZ,DE,5/12/20,red
DZ,DE,5/13/20,red
DZ,DE,5/14/20,red
DZ,DE,5/15/20,red
DZ,DE,5/16/20,red
DZ,DE,5/17/20,red
DZ,DE,5/18/20,red
DZ,DE,5/19/20,red
DZ,DE,5/20/20,red
DZ,DE,5/21/20,red
DZ,DE,5/22/20,red
DZ,DE,5/23/20,red
DZ,DE,5/24/20,red
DZ,DE,5/25/20,red
DZ,DE,5/26/20,red
DZ,DE,5/27/20,red
DZ,DE,5/28/20,red
DZ,DE,5/29/20,red
DZ,DE,5/30/20,red
DZ,DE,5/31/20,red
DZ,DE,6/1/20,red
MA,DE,3/8/20,green
MA,DE,3/9/20,green
MA,DE,3/10/20,green
MA,DE,3/11/20,green
MA,DE,3/12/20,green
MA,DE,3/13/20,green
MA,DE,3/14/20,green
MA,DE,3/15/20,green
MA,DE,3/16/20,green
MA,DE,3/17/20,green
MA,DE,3/18/20,yellow
MA,DE,3/19/20,red
MA,DE,3/20/20,red
MA,DE,3/21/20,red
MA,DE,3/22/20,red
MA,DE,3/23/20,red
MA,DE,3/24/20,red
MA,DE,3/25/20,red
MA,DE,3/26/20,red
MA,DE,3/27/20,red
MA,DE,3/28/20,red
MA,DE,3/29/20,red
MA,DE,3/30/20,red
MA,DE,3/31/20,red
MA,DE,4/1/20,red
MA,DE,4/2/20,red
MA,DE,4/3/20,red
MA,DE,4/4/20,red
MA,DE,4/5/20,red
MA,DE,4/6/20,red
MA,DE,4/7/20,red
MA,DE,4/8/20,red
MA,DE,4/9/20,red
MA,DE,4/10/20,red
MA,DE,4/11/20,red
MA,DE,4/12/20,red
MA,DE,4/13/20,red
MA,DE,4/14/20,red
MA,DE,4/15/20,red
MA,DE,4/16/20,red
MA,DE,4/17/20,red
MA,DE,4/18/20,red
MA,DE,4/19/20,red
MA,DE,4/20/20,red
MA,DE,4/21/20,red
MA,DE,4/22/20,red
MA,DE,4/23/20,red
MA,DE,4/24/20,red
MA,DE,4/25/20,red
MA,DE,4/26/20,red
MA,DE,4/27/20,red
MA,DE,4/28/20,red
MA,DE,4/29/20,red
MA,DE,4/30/20,red
MA,DE,5/1/20,red
MA,DE,5/2/20,red
MA,DE,5/3/20,red
MA,DE,5/4/20,red
MA,DE,5/5/20,red
MA,DE,5/6/20,red
MA,DE,5/7/20,red
MA,DE,5/8/20,red
MA,DE,5/9/20,red
MA,DE,5/10/20,red
MA,DE,5/11/20,red
MA,DE,5/12/20,red
MA,DE,5/13/20,red
MA,DE,5/14/20,red
MA,DE,5/15/20,red
MA,DE,5/16/20,red
MA,DE,5/17/20,red
MA,DE,5/18/20,red
MA,DE,5/19/20,red
MA,DE,5/20/20,red
MA,DE,5/21/20,red
MA,DE,5/22/20,red
MA,DE,5/23/20,red
MA,DE,5/24/20,red
MA,DE,5/25/20,red
MA,DE,5/26/20,red
MA,DE,5/27/20,red
MA,DE,5/28/20,red
MA,DE,5/29/20,red
MA,DE,5/30/20,red
MA,DE,5/31/20,red
MA,DE,6/1/20,red
SN,DE,3/8/20,green
SN,DE,3/9/20,green
SN,DE,3/10/20,green
SN,DE,3/11/20,green
SN,DE,3/12/20,green
SN,DE,3/13/20,green
SN,DE,3/14/20,green
SN,DE,3/15/20,green
SN,DE,3/16/20,green
SN,DE,3/17/20,green
SN,DE,3/18/20,yellow
SN,DE,3/19/20,red
SN,DE,3/20/20,red
SN,DE,3/21/20,red
SN,DE,3/22/20,red
SN,DE,3/23/20,red
SN,DE,3/24/20,red
SN,DE,3/25/20,red
SN,DE,3/26/20,red
SN,DE,3/27/20,red
SN,DE,3/28/20,red
SN,DE,3/29/20,red
SN,DE,3/30/20,red
SN,DE,3/31/20,red
SN,DE,4/1/20,red
SN,DE,4/2/20,red
SN,DE,4/3/20,red
SN,DE,4/4/20,red
SN,DE,4/5/20,red
SN,DE,4/6/20,red
SN,DE,4/7/20,red
SN,DE,4/8/20,red
SN,DE,4/9/20,red
SN,DE,4/10/20,red
SN,DE,4/11/20,red
SN,DE,4/12/20,red
SN,DE,4/13/20,red
SN,DE,4/14/20,red
SN,DE,4/15/20,red
SN,DE,4/16/20,red
SN,DE,4/17/20,red
SN,DE,4/18/20,red
SN,DE,4/19/20,red
SN,DE,4/20/20,red
SN,DE,4/21/20,red
SN,DE,4/22/20,red
SN,DE,4/23/20,red
SN,DE,4/24/20,red
SN,DE,4/25/20,red
SN,DE,4/26/20,red
SN,DE,4/27/20,red
SN,DE,4/28/20,red
SN,DE,4/29/20,red
SN,DE,4/30/20,red
SN,DE,5/1/20,red
SN,DE,5/2/20,red
SN,DE,5/3/20,red
SN,DE,5/4/20,red
SN,DE,5/5/20,red
SN,DE,5/6/20,red
SN,DE,5/7/20,red
SN,DE,5/8/20,red
SN,DE,5/9/20,red
SN,DE,5/10/20,red
SN,DE,5/11/20,red
SN,DE,5/12/20,red
SN,DE,5/13/20,red
SN,DE,5/14/20,red
SN,DE,5/15/20,red
SN,DE,5/16/20,red
SN,DE,5/17/20,red
SN,DE,5/18/20,red
SN,DE,5/19/20,red
SN,DE,5/20/20,red
SN,DE,5/21/20,red
SN,DE,5/22/20,red
SN,DE,5/23/20,red
SN,DE,5/24/20,red
SN,DE,5/25/20,red
SN,DE,5/26/20,red
SN,DE,5/27/20,red
SN,DE,5/28/20,red
SN,DE,5/29/20,red
SN,DE,5/30/20,red
SN,DE,5/31/20,red
SN,DE,6/1/20,red
CI,DZ,3/8/20,green
CI,DZ,3/9/20,green
CI,DZ,3/10/20,green
CI,DZ,3/11/20,green
CI,DZ,3/12/20,green
CI,DZ,3/13/20,green
CI,DZ,3/14/20,green
CI,DZ,3/15/20,green
CI,DZ,3/16/20,green
CI,DZ,3/17/20,green
CI,DZ,3/18/20,green
CI,DZ,3/19/20,green
CI,DZ,3/20/20,green
CI,DZ,3/21/20,green
CI,DZ,3/22/20,green
CI,DZ,3/23/20,green
CI,DZ,3/24/20,green
CI,DZ,3/25/20,green
CI,DZ,3/26/20,green
CI,DZ,3/27/20,green
CI,DZ,3/28/20,green
CI,DZ,3/29/20,green
CI,DZ,3/30/20,green
CI,DZ,3/31/20,green
CI,DZ,4/1/20,green
CI,DZ,4/2/20,green
CI,DZ,4/3/20,green
CI,DZ,4/4/20,green
CI,DZ,4/5/20,green
CI,DZ,4/6/20,green
CI,DZ,4/7/20,green
CI,DZ,4/8/20,green
CI,DZ,4/9/20,green
CI,DZ,4/10/20,green
CI,DZ,4/11/20,green
CI,DZ,4/12/20,green
CI,DZ,4/13/20,green
CI,DZ,4/14/20,green
CI,DZ,4/15/20,green
CI,DZ,4/16/20,green
CI,DZ,4/17/20,red
CI,DZ,4/18/20,red
CI,DZ,4/19/20,red
CI,DZ,4/20/20,red
CI,DZ,4/21/20,red
CI,DZ,4/22/20,red
CI,DZ,4/23/20,red
CI,DZ,4/24/20,red
CI,DZ,4/25/20,red
CI,DZ,4/26/20,red
CI,DZ,4/27/20,red
CI,DZ,4/28/20,red
CI,DZ,4/29/20,red
CI,DZ,4/30/20,red
CI,DZ,5/1/20,red
CI,DZ,5/2/20,red
CI,DZ,5/3/20,red
CI,DZ,5/4/20,red
CI,DZ,5/5/20,red
CI,DZ,5/6/20,red
CI,DZ,5/7/20,red
CI,DZ,5/8/20,red
CI,DZ,5/9/20,red
CI,DZ,5/10/20,red
CI,DZ,5/11/20,red
CI,DZ,5/12/20,red
CI,DZ,5/13/20,red
CI,DZ,5/14/20,red
CI,DZ,5/15/20,red
CI,DZ,5/16/20,red
CI,DZ,5/17/20,red
CI,DZ,5/18/20,red
CI,DZ,5/19/20,red
CI,DZ,5/20/20,red
CI,DZ,5/21/20,red
CI,DZ,5/22/20,red
CI,DZ,5/23/20,red
CI,DZ,5/24/20,red
CI,DZ,5/25/20,red
CI,DZ,5/26/20,red
CI,DZ,5/27/20,red
CI,DZ,5/28/20,red
CI,DZ,5/29/20,red
CI,DZ,5/30/20,red
CI,DZ,5/31/20,red
CI,DZ,6/1/20,red
MA,DZ,3/8/20,green
MA,DZ,3/9/20,green
MA,DZ,3/10/20,green
MA,DZ,3/11/20,green
MA,DZ,3/12/20,green
MA,DZ,3/13/20,green
MA,DZ,3/14/20,green
MA,DZ,3/15/20,green
MA,DZ,3/16/20,green
MA,DZ,3/17/20,green
MA,DZ,3/18/20,green
MA,DZ,3/19/20,green
MA,DZ,3/20/20,green
MA,DZ,3/21/20,green
MA,DZ,3/22/20,green
MA,DZ,3/23/20,green
MA,DZ,3/24/20,green
MA,DZ,3/25/20,green
MA,DZ,3/26/20,green
MA,DZ,3/27/20,green
MA,DZ,3/28/20,green
MA,DZ,3/29/20,green
MA,DZ,3/30/20,green
MA,DZ,3/31/20,green
MA,DZ,4/1/20,green
MA,DZ,4/2/20,green
MA,DZ,4/3/20,green
MA,DZ,4/4/20,green
MA,DZ,4/5/20,green
MA,DZ,4/6/20,green
MA,DZ,4/7/20,green
MA,DZ,4/8/20,green
MA,DZ,4/9/20,green
MA,DZ,4/10/20,green
MA,DZ,4/11/20,green
MA,DZ,4/12/20,green
MA,DZ,4/13/20,green
MA,DZ,4/14/20,green
MA,DZ,4/15/20,green
MA,DZ,4/16/20,green
MA,DZ,4/17/20,red
MA,DZ,4/18/20,red
MA,DZ,4/19/20,red
MA,DZ,4/20/20,red
MA,DZ,4/21/20,red
MA,DZ,4/22/20,red
MA,DZ,4/23/20,red
MA,DZ,4/24/20,red
MA,DZ,4/25/20,red
MA,DZ,4/26/20,red
MA,DZ,4/27/20,red
MA,DZ,4/28/20,red
MA,DZ,4/29/20,red
MA,DZ,4/30/20,red
MA,DZ,5/1/20,red
MA,DZ,5/2/20,red
MA,DZ,5/3/20,red
MA,DZ,5/4/20,red
MA,DZ,5/5/20,red
MA,DZ,5/6/20,red
MA,DZ,5/7/20,red
MA,DZ,5/8/20,red
MA,DZ,5/9/20,red
MA,DZ,5/10/20,red
MA,DZ,5/11/20,red
MA,DZ,5/12/20,red
MA,DZ,5/13/20,red
MA,DZ,5/14/20,red
MA,DZ,5/15/20,red
MA,DZ,5/16/20,red
MA,DZ,5/17/20,red
MA,DZ,5/18/20,red
MA,DZ,5/19/20,red
MA,DZ,5/20/20,red
MA,DZ,5/21/20,red
MA,DZ,5/22/20,red
MA,DZ,5/23/20,red
MA,DZ,5/24/20,red
MA,DZ,5/25/20,red
MA,DZ,5/26/20,red
MA,DZ,5/27/20,red
MA,DZ,5/28/20,red
MA,DZ,5/29/20,red
MA,DZ,5/30/20,red
MA,DZ,5/31/20,red
MA,DZ,6/1/20,red
SN,DZ,3/8/20,green
SN,DZ,3/9/20,green
SN,DZ,3/10/20,green
SN,DZ,3/11/20,green
SN,DZ,3/12/20,green
SN,DZ,3/13/20,green
SN,DZ,3/14/20,green
SN,DZ,3/15/20,green
SN,DZ,3/16/20,green
SN,DZ,3/17/20,green
SN,DZ,3/18/20,green
SN,DZ,3/19/20,green
SN,DZ,3/20/20,green
SN,DZ,3/21/20,green
SN,DZ,3/22/20,green
SN,DZ,3/23/20,green
SN,DZ,3/24/20,green
SN,DZ,3/25/20,green
SN,DZ,3/26/20,green
SN,DZ,3/27/20,green
SN,DZ,3/28/20,green
SN,DZ,3/29/20,green
SN,DZ,3/30/20,green
SN,DZ,3/31/20,green
SN,DZ,4/1/20,green
SN,DZ,4/2/20,green
SN,DZ,4/3/20,green
SN,DZ,4/4/20,green
SN,DZ,4/5/20,green
SN,DZ,4/6/20,green
SN,DZ,4/7/20,green
SN,DZ,4/8/20,green
SN,DZ,4/9/20,green
SN,DZ,4/10/20,green
SN,DZ,4/11/20,green
SN,DZ,4/12/20,green
SN,DZ,4/13/20,green
SN,DZ,4/14/20,green
SN,DZ,4/15/20,green
SN,DZ,4/16/20,green
SN,DZ,4/17/20,red
SN,DZ,4/18/20,red
SN,DZ,4/19/20,red
SN,DZ,4/20/20,red
SN,DZ,4/21/20,red
SN,DZ,4/22/20,red
SN,DZ,4/23/20,red
SN,DZ,4/24/20,red
SN,DZ,4/25/20,red
SN,DZ,4/26/20,red
SN,DZ,4/27/20,red
SN,DZ,4/28/20,red
SN,DZ,4/29/20,red
SN,DZ,4/30/20,red
SN,DZ,5/1/20,red
SN,DZ,5/2/20,red
SN,DZ,5/3/20,red
SN,DZ,5/4/20,red
SN,DZ,5/5/20,red
SN,DZ,5/6/20,red
SN,DZ,5/7/20,red
SN,DZ,5/8/20,red
SN,DZ,5/9/20,red
SN,DZ,5/10/20,red
SN,DZ,5/11/20,red
SN,DZ,5/12/20,red
SN,DZ,5/13/20,red
SN,DZ,5/14/20,red
SN,DZ,5/15/20,red
SN,DZ,5/16/20,red
SN,DZ,5/17/20,red
SN,DZ,5/18/20,red
SN,DZ,5/19/20,red
SN,DZ,5/20/20,red
SN,DZ,5/21/20,red
SN,DZ,5/22/20,red
SN,DZ,5/23/20,red
SN,DZ,5/24/20,red
SN,DZ,5/25/20,red
SN,DZ,5/26/20,red
SN,DZ,5/27/20,red
SN,DZ,5/28/20,red
SN,DZ,5/29/20,red
SN,DZ,5/30/20,red
SN,DZ,5/31/20,red
SN,DZ,6/1/20,red
CI,EG,3/8/20,green
CI,EG,3/9/20,green
CI,EG,3/10/20,green
CI,EG,3/11/20,green
CI,EG,3/12/20,green
CI,EG,3/13/20,green
CI,EG,3/14/20,green
CI,EG,3/15/20,green
CI,EG,3/16/20,green
CI,EG,3/17/20,green
CI,EG,3/18/20,green
CI,EG,3/19/20,red
CI,EG,3/20/20,red
CI,EG,3/21/20,red
CI,EG,3/22/20,red
CI,EG,3/23/20,red
CI,EG,3/24/20,red
CI,EG,3/25/20,red
CI,EG,3/26/20,red
CI,EG,3/27/20,red
CI,EG,3/28/20,red
CI,EG,3/29/20,red
CI,EG,3/30/20,red
CI,EG,3/31/20,red
CI,EG,4/1/20,red
CI,EG,4/2/20,red
CI,EG,4/3/20,red
CI,EG,4/4/20,red
CI,EG,4/5/20,red
CI,EG,4/6/20,red
CI,EG,4/7/20,red
CI,EG,4/8/20,red
CI,EG,4/9/20,red
CI,EG,4/10/20,red
CI,EG,4/11/20,red
CI,EG,4/12/20,red
CI,EG,4/13/20,red
CI,EG,4/14/20,red
CI,EG,4/15/20,red
CI,EG,4/16/20,red
CI,EG,4/17/20,red
CI,EG,4/18/20,red
CI,EG,4/19/20,red
CI,EG,4/20/20,red
CI,EG,4/21/20,red
CI,EG,4/22/20,red
CI,EG,4/23/20,red
CI,EG,4/24/20,red
CI,EG,4/25/20,red
CI,EG,4/26/20,red
CI,EG,4/27/20,red
CI,EG,4/28/20,red
CI,EG,4/29/20,red
CI,EG,4/30/20,red
CI,EG,5/1/20,red
CI,EG,5/2/20,red
CI,EG,5/3/20,red
CI,EG,5/4/20,red
CI,EG,5/5/20,red
CI,EG,5/6/20,red
CI,EG,5/7/20,red
CI,EG,5/8/20,red
CI,EG,5/9/20,red
CI,EG,5/10/20,red
CI,EG,5/11/20,red
CI,EG,5/12/20,red
CI,EG,5/13/20,red
CI,EG,5/14/20,red
CI,EG,5/15/20,red
CI,EG,5/16/20,red
CI,EG,5/17/20,red
CI,EG,5/18/20,red
CI,EG,5/19/20,red
CI,EG,5/20/20,red
CI,EG,5/21/20,red
CI,EG,5/22/20,red
CI,EG,5/23/20,red
CI,EG,5/24/20,red
CI,EG,5/25/20,red
CI,EG,5/26/20,red
CI,EG,5/27/20,red
CI,EG,5/28/20,red
CI,EG,5/29/20,red
CI,EG,5/30/20,red
CI,EG,5/31/20,red
CI,EG,6/1/20,red
DZ,EG,3/8/20,green
DZ,EG,3/9/20,green
DZ,EG,3/10/20,green
DZ,EG,3/11/20,green
DZ,EG,3/12/20,green
DZ,EG,3/13/20,green
DZ,EG,3/14/20,green
DZ,EG,3/15/20,green
DZ,EG,3/16/20,green
DZ,EG,3/17/20,green
DZ,EG,3/18/20,green
DZ,EG,3/19/20,red
DZ,EG,3/20/20,red
DZ,EG,3/21/20,red
DZ,EG,3/22/20,red
DZ,EG,3/23/20,red
DZ,EG,3/24/20,red
DZ,EG,3/25/20,red
DZ,EG,3/26/20,red
DZ,EG,3/27/20,red
DZ,EG,3/28/20,red
DZ,EG,3/29/20,red
DZ,EG,3/30/20,red
DZ,EG,3/31/20,red
DZ,EG,4/1/20,red
DZ,EG,4/2/20,red
DZ,EG,4/3/20,red
DZ,EG,4/4/20,red
DZ,EG,4/5/20,red
DZ,EG,4/6/20,red
DZ,EG,4/7/20,red
DZ,EG,4/8/20,red
DZ,EG,4/9/20,red
DZ,EG,4/10/20,red
DZ,EG,4/11/20,red
DZ,EG,4/12/20,red
DZ,EG,4/13/20,red
DZ,EG,4/14/20,red
DZ,EG,4/15/20,red
DZ,EG,4/16/20,red
DZ,EG,4/17/20,red
DZ,EG,4/18/20,red
DZ,EG,4/19/20,red
DZ,EG,4/20/20,red
DZ,EG,4/21/20,red
DZ,EG,4/22/20,red
DZ,EG,4/23/20,red
DZ,EG,4/24/20,red
DZ,EG,4/25/20,red
DZ,EG,4/26/20,red
DZ,EG,4/27/20,red
DZ,EG,4/28/20,red
DZ,EG,4/29/20,red
DZ,EG,4/30/20,red
DZ,EG,5/1/20,red
DZ,EG,5/2/20,red
DZ,EG,5/3/20,red
DZ,EG,5/4/20,red
DZ,EG,5/5/20,red
DZ,EG,5/6/20,red
DZ,EG,5/7/20,red
DZ,EG,5/8/20,red
DZ,EG,5/9/20,red
DZ,EG,5/10/20,red
DZ,EG,5/11/20,red
DZ,EG,5/12/20,red
DZ,EG,5/13/20,red
DZ,EG,5/14/20,red
DZ,EG,5/15/20,red
DZ,EG,5/16/20,red
DZ,EG,5/17/20,red
DZ,EG,5/18/20,red
DZ,EG,5/19/20,red
DZ,EG,5/20/20,red
DZ,EG,5/21/20,red
DZ,EG,5/22/20,red
DZ,EG,5/23/20,red
DZ,EG,5/24/20,red
DZ,EG,5/25/20,red
DZ,EG,5/26/20,red
DZ,EG,5/27/20,red
DZ,EG,5/28/20,red
DZ,EG,5/29/20,red
DZ,EG,5/30/20,red
DZ,EG,5/31/20,red
DZ,EG,6/1/20,red
MA,EG,3/8/20,green
MA,EG,3/9/20,green
MA,EG,3/10/20,green
MA,EG,3/11/20,green
MA,EG,3/12/20,green
MA,EG,3/13/20,green
MA,EG,3/14/20,green
MA,EG,3/15/20,green
MA,EG,3/16/20,green
MA,EG,3/17/20,green
MA,EG,3/18/20,green
MA,EG,3/19/20,red
MA,EG,3/20/20,red
MA,EG,3/21/20,red
MA,EG,3/22/20,red
MA,EG,3/23/20,red
MA,EG,3/24/20,red
MA,EG,3/25/20,red
MA,EG,3/26/20,red
MA,EG,3/27/20,red
MA,EG,3/28/20,red
MA,EG,3/29/20,red
MA,EG,3/30/20,red
MA,EG,3/31/20,red
MA,EG,4/1/20,red
MA,EG,4/2/20,red
MA,EG,4/3/20,red
MA,EG,4/4/20,red
MA,EG,4/5/20,red
MA,EG,4/6/20,red
MA,EG,4/7/20,red
MA,EG,4/8/20,red
MA,EG,4/9/20,red
MA,EG,4/10/20,red
MA,EG,4/11/20,red
MA,EG,4/12/20,red
MA,EG,4/13/20,red
MA,EG,4/14/20,red
MA,EG,4/15/20,red
MA,EG,4/16/20,red
MA,EG,4/17/20,red
MA,EG,4/18/20,red
MA,EG,4/19/20,red
MA,EG,4/20/20,red
MA,EG,4/21/20,red
MA,EG,4/22/20,red
MA,EG,4/23/20,red
MA,EG,4/24/20,red
MA,EG,4/25/20,red
MA,EG,4/26/20,red
MA,EG,4/27/20,red
MA,EG,4/28/20,red
MA,EG,4/29/20,red
MA,EG,4/30/20,red
MA,EG,5/1/20,red
MA,EG,5/2/20,red
MA,EG,5/3/20,red
MA,EG,5/4/20,red
MA,EG,5/5/20,red
MA,EG,5/6/20,red
MA,EG,5/7/20,red
MA,EG,5/8/20,red
MA,EG,5/9/20,red
MA,EG,5/10/20,red
MA,EG,5/11/20,red
MA,EG,5/12/20,red
MA,EG,5/13/20,red
MA,EG,5/14/20,red
MA,EG,5/15/20,red
MA,EG,5/16/20,red
MA,EG,5/17/20,red
MA,EG,5/18/20,red
MA,EG,5/19/20,red
MA,EG,5/20/20,red
MA,EG,5/21/20,red
MA,EG,5/22/20,red
MA,EG,5/23/20,red
MA,EG,5/24/20,red
MA,EG,5/25/20,red
MA,EG,5/26/20,red
MA,EG,5/27/20,red
MA,EG,5/28/20,red
MA,EG,5/29/20,red
MA,EG,5/30/20,red
MA,EG,5/31/20,red
MA,EG,6/1/20,red
SN,EG,3/8/20,green
SN,EG,3/9/20,green
SN,EG,3/10/20,green
SN,EG,3/11/20,green
SN,EG,3/12/20,green
SN,EG,3/13/20,green
SN,EG,3/14/20,green
SN,EG,3/15/20,green
SN,EG,3/16/20,green
SN,EG,3/17/20,green
SN,EG,3/18/20,green
SN,EG,3/19/20,red
SN,EG,3/20/20,red
SN,EG,3/21/20,red
SN,EG,3/22/20,red
SN,EG,3/23/20,red
SN,EG,3/24/20,red
SN,EG,3/25/20,red
SN,EG,3/26/20,red
SN,EG,3/27/20,red
SN,EG,3/28/20,red
SN,EG,3/29/20,red
SN,EG,3/30/20,red
SN,EG,3/31/20,red
SN,EG,4/1/20,red
SN,EG,4/2/20,red
SN,EG,4/3/20,red
SN,EG,4/4/20,red
SN,EG,4/5/20,red
SN,EG,4/6/20,red
SN,EG,4/7/20,red
SN,EG,4/8/20,red
SN,EG,4/9/20,red
SN,EG,4/10/20,red
SN,EG,4/11/20,red
SN,EG,4/12/20,red
SN,EG,4/13/20,red
SN,EG,4/14/20,red
SN,EG,4/15/20,red
SN,EG,4/16/20,red
SN,EG,4/17/20,red
SN,EG,4/18/20,red
SN,EG,4/19/20,red
SN,EG,4/20/20,red
SN,EG,4/21/20,red
SN,EG,4/22/20,red
SN,EG,4/23/20,red
SN,EG,4/24/20,red
SN,EG,4/25/20,red
SN,EG,4/26/20,red
SN,EG,4/27/20,red
SN,EG,4/28/20,red
SN,EG,4/29/20,red
SN,EG,4/30/20,red
SN,EG,5/1/20,red
SN,EG,5/2/20,red
SN,EG,5/3/20,red
SN,EG,5/4/20,red
SN,EG,5/5/20,red
SN,EG,5/6/20,red
SN,EG,5/7/20,red
SN,EG,5/8/20,red
SN,EG,5/9/20,red
SN,EG,5/10/20,red
SN,EG,5/11/20,red
SN,EG,5/12/20,red
SN,EG,5/13/20,red
SN,EG,5/14/20,red
SN,EG,5/15/20,red
SN,EG,5/16/20,red
SN,EG,5/17/20,red
SN,EG,5/18/20,red
SN,EG,5/19/20,red
SN,EG,5/20/20,red
SN,EG,5/21/20,red
SN,EG,5/22/20,red
SN,EG,5/23/20,red
SN,EG,5/24/20,red
SN,EG,5/25/20,red
SN,EG,5/26/20,red
SN,EG,5/27/20,red
SN,EG,5/28/20,red
SN,EG,5/29/20,red
SN,EG,5/30/20,red
SN,EG,5/31/20,red
SN,EG,6/1/20,red
CI,ES,3/8/20,green
CI,ES,3/9/20,green
CI,ES,3/10/20,green
CI,ES,3/11/20,green
CI,ES,3/12/20,green
CI,ES,3/13/20,green
CI,ES,3/14/20,green
CI,ES,3/15/20,green
CI,ES,3/16/20,green
CI,ES,3/17/20,green
CI,ES,3/18/20,green
CI,ES,3/19/20,green
CI,ES,3/20/20,green
CI,ES,3/21/20,green
CI,ES,3/22/20,green
CI,ES,3/23/20,green
CI,ES,3/24/20,red
CI,ES,3/25/20,red
CI,ES,3/26/20,red
CI,ES,3/27/20,red
CI,ES,3/28/20,red
CI,ES,3/29/20,red
CI,ES,3/30/20,red
CI,ES,3/31/20,red
CI,ES,4/1/20,red
CI,ES,4/2/20,red
CI,ES,4/3/20,red
CI,ES,4/4/20,red
CI,ES,4/5/20,red
CI,ES,4/6/20,red
CI,ES,4/7/20,red
CI,ES,4/8/20,red
CI,ES,4/9/20,red
CI,ES,4/10/20,red
CI,ES,4/11/20,red
CI,ES,4/12/20,red
CI,ES,4/13/20,red
CI,ES,4/14/20,red
CI,ES,4/15/20,red
CI,ES,4/16/20,red
CI,ES,4/17/20,red
CI,ES,4/18/20,red
CI,ES,4/19/20,red
CI,ES,4/20/20,red
CI,ES,4/21/20,red
CI,ES,4/22/20,red
CI,ES,4/23/20,red
CI,ES,4/24/20,red
CI,ES,4/25/20,red
CI,ES,4/26/20,red
CI,ES,4/27/20,red
CI,ES,4/28/20,red
CI,ES,4/29/20,red
CI,ES,4/30/20,red
CI,ES,5/1/20,red
CI,ES,5/2/20,red
CI,ES,5/3/20,red
CI,ES,5/4/20,red
CI,ES,5/5/20,red
CI,ES,5/6/20,red
CI,ES,5/7/20,red
CI,ES,5/8/20,red
CI,ES,5/9/20,red
CI,ES,5/10/20,red
CI,ES,5/11/20,red
CI,ES,5/12/20,red
CI,ES,5/13/20,red
CI,ES,5/14/20,red
CI,ES,5/15/20,red
CI,ES,5/16/20,red
CI,ES,5/17/20,red
CI,ES,5/18/20,red
CI,ES,5/19/20,red
CI,ES,5/20/20,red
CI,ES,5/21/20,red
CI,ES,5/22/20,red
CI,ES,5/23/20,red
CI,ES,5/24/20,red
CI,ES,5/25/20,red
CI,ES,5/26/20,red
CI,ES,5/27/20,red
CI,ES,5/28/20,red
CI,ES,5/29/20,red
CI,ES,5/30/20,red
CI,ES,5/31/20,red
CI,ES,6/1/20,red
DZ,ES,3/8/20,green
DZ,ES,3/9/20,green
DZ,ES,3/10/20,green
DZ,ES,3/11/20,green
DZ,ES,3/12/20,green
DZ,ES,3/13/20,green
DZ,ES,3/14/20,green
DZ,ES,3/15/20,green
DZ,ES,3/16/20,green
DZ,ES,3/17/20,green
DZ,ES,3/18/20,green
DZ,ES,3/19/20,green
DZ,ES,3/20/20,green
DZ,ES,3/21/20,green
DZ,ES,3/22/20,green
DZ,ES,3/23/20,green
DZ,ES,3/24/20,red
DZ,ES,3/25/20,red
DZ,ES,3/26/20,red
DZ,ES,3/27/20,red
DZ,ES,3/28/20,red
DZ,ES,3/29/20,red
DZ,ES,3/30/20,red
DZ,ES,3/31/20,red
DZ,ES,4/1/20,red
DZ,ES,4/2/20,red
DZ,ES,4/3/20,red
DZ,ES,4/4/20,red
DZ,ES,4/5/20,red
DZ,ES,4/6/20,red
DZ,ES,4/7/20,red
DZ,ES,4/8/20,red
DZ,ES,4/9/20,red
DZ,ES,4/10/20,red
DZ,ES,4/11/20,red
DZ,ES,4/12/20,red
DZ,ES,4/13/20,red
DZ,ES,4/14/20,red
DZ,ES,4/15/20,red
DZ,ES,4/16/20,red
DZ,ES,4/17/20,red
DZ,ES,4/18/20,red
DZ,ES,4/19/20,red
DZ,ES,4/20/20,red
DZ,ES,4/21/20,red
DZ,ES,4/22/20,red
DZ,ES,4/23/20,red
DZ,ES,4/24/20,red
DZ,ES,4/25/20,red
DZ,ES,4/26/20,red
DZ,ES,4/27/20,red
DZ,ES,4/28/20,red
DZ,ES,4/29/20,red
DZ,ES,4/30/20,red
DZ,ES,5/1/20,red
DZ,ES,5/2/20,red
DZ,ES,5/3/20,red
DZ,ES,5/4/20,red
DZ,ES,5/5/20,red
DZ,ES,5/6/20,red
DZ,ES,5/7/20,red
DZ,ES,5/8/20,red
DZ,ES,5/9/20,red
DZ,ES,5/10/20,red
DZ,ES,5/11/20,red
DZ,ES,5/12/20,red
DZ,ES,5/13/20,red
DZ,ES,5/14/20,red
DZ,ES,5/15/20,red
DZ,ES,5/16/20,red
DZ,ES,5/17/20,red
DZ,ES,5/18/20,red
DZ,ES,5/19/20,red
DZ,ES,5/20/20,red
DZ,ES,5/21/20,red
DZ,ES,5/22/20,red
DZ,ES,5/23/20,red
DZ,ES,5/24/20,red
DZ,ES,5/25/20,red
DZ,ES,5/26/20,red
DZ,ES,5/27/20,red
DZ,ES,5/28/20,red
DZ,ES,5/29/20,red
DZ,ES,5/30/20,red
DZ,ES,5/31/20,red
DZ,ES,6/1/20,red
MA,ES,3/8/20,green
MA,ES,3/9/20,green
MA,ES,3/10/20,green
MA,ES,3/11/20,green
MA,ES,3/12/20,green
MA,ES,3/13/20,green
MA,ES,3/14/20,green
MA,ES,3/15/20,green
MA,ES,3/16/20,green
MA,ES,3/17/20,green
MA,ES,3/18/20,green
MA,ES,3/19/20,green
MA,ES,3/20/20,green
MA,ES,3/21/20,green
MA,ES,3/22/20,green
MA,ES,3/23/20,green
MA,ES,3/24/20,red
MA,ES,3/25/20,red
MA,ES,3/26/20,red
MA,ES,3/27/20,red
MA,ES,3/28/20,red
MA,ES,3/29/20,red
MA,ES,3/30/20,red
MA,ES,3/31/20,red
MA,ES,4/1/20,red
MA,ES,4/2/20,red
MA,ES,4/3/20,red
MA,ES,4/4/20,red
MA,ES,4/5/20,red
MA,ES,4/6/20,red
MA,ES,4/7/20,red
MA,ES,4/8/20,red
MA,ES,4/9/20,red
MA,ES,4/10/20,red
MA,ES,4/11/20,red
MA,ES,4/12/20,red
MA,ES,4/13/20,red
MA,ES,4/14/20,red
MA,ES,4/15/20,red
MA,ES,4/16/20,red
MA,ES,4/17/20,red
MA,ES,4/18/20,red
MA,ES,4/19/20,red
MA,ES,4/20/20,red
MA,ES,4/21/20,red
MA,ES,4/22/20,red
MA,ES,4/23/20,red
MA,ES,4/24/20,red
MA,ES,4/25/20,red
MA,ES,4/26/20,red
MA,ES,4/27/20,red
MA,ES,4/28/20,red
MA,ES,4/29/20,red
MA,ES,4/30/20,red
MA,ES,5/1/20,red
MA,ES,5/2/20,red
MA,ES,5/3/20,red
MA,ES,5/4/20,red
MA,ES,5/5/20,red
MA,ES,5/6/20,red
MA,ES,5/7/20,red
MA,ES,5/8/20,red
MA,ES,5/9/20,red
MA,ES,5/10/20,red
MA,ES,5/11/20,red
MA,ES,5/12/20,red
MA,ES,5/13/20,red
MA,ES,5/14/20,red
MA,ES,5/15/20,red
MA,ES,5/16/20,red
MA,ES,5/17/20,red
MA,ES,5/18/20,red
MA,ES,5/19/20,red
MA,ES,5/20/20,red
MA,ES,5/21/20,red
MA,ES,5/22/20,red
MA,ES,5/23/20,red
MA,ES,5/24/20,red
MA,ES,5/25/20,red
MA,ES,5/26/20,red
MA,ES,5/27/20,red
MA,ES,5/28/20,red
MA,ES,5/29/20,red
MA,ES,5/30/20,red
MA,ES,5/31/20,red
MA,ES,6/1/20,red
SN,ES,3/8/20,green
SN,ES,3/9/20,green
SN,ES,3/10/20,green
SN,ES,3/11/20,green
SN,ES,3/12/20,green
SN,ES,3/13/20,green
SN,ES,3/14/20,green
SN,ES,3/15/20,green
SN,ES,3/16/20,green
SN,ES,3/17/20,green
SN,ES,3/18/20,green
SN,ES,3/19/20,green
SN,ES,3/20/20,green
SN,ES,3/21/20,green
SN,ES,3/22/20,green
SN,ES,3/23/20,green
SN,ES,3/24/20,red
SN,ES,3/25/20,red
SN,ES,3/26/20,red
SN,ES,3/27/20,red
SN,ES,3/28/20,red
SN,ES,3/29/20,red
SN,ES,3/30/20,red
SN,ES,3/31/20,red
SN,ES,4/1/20,red
SN,ES,4/2/20,red
SN,ES,4/3/20,red
SN,ES,4/4/20,red
SN,ES,4/5/20,red
SN,ES,4/6/20,red
SN,ES,4/7/20,red
SN,ES,4/8/20,red
SN,ES,4/9/20,red
SN,ES,4/10/20,red
SN,ES,4/11/20,red
SN,ES,4/12/20,red
SN,ES,4/13/20,red
SN,ES,4/14/20,red
SN,ES,4/15/20,red
SN,ES,4/16/20,red
SN,ES,4/17/20,red
SN,ES,4/18/20,red
SN,ES,4/19/20,red
SN,ES,4/20/20,red
SN,ES,4/21/20,red
SN,ES,4/22/20,red
SN,ES,4/23/20,red
SN,ES,4/24/20,red
SN,ES,4/25/20,red
SN,ES,4/26/20,red
SN,ES,4/27/20,red
SN,ES,4/28/20,red
SN,ES,4/29/20,red
SN,ES,4/30/20,red
SN,ES,5/1/20,red
SN,ES,5/2/20,red
SN,ES,5/3/20,red
SN,ES,5/4/20,red
SN,ES,5/5/20,red
SN,ES,5/6/20,red
SN,ES,5/7/20,red
SN,ES,5/8/20,red
SN,ES,5/9/20,red
SN,ES,5/10/20,red
SN,ES,5/11/20,red
SN,ES,5/12/20,red
SN,ES,5/13/20,red
SN,ES,5/14/20,red
SN,ES,5/15/20,red
SN,ES,5/16/20,red
SN,ES,5/17/20,red
SN,ES,5/18/20,red
SN,ES,5/19/20,red
SN,ES,5/20/20,red
SN,ES,5/21/20,red
SN,ES,5/22/20,red
SN,ES,5/23/20,red
SN,ES,5/24/20,red
SN,ES,5/25/20,red
SN,ES,5/26/20,red
SN,ES,5/27/20,red
SN,ES,5/28/20,red
SN,ES,5/29/20,red
SN,ES,5/30/20,red
SN,ES,5/31/20,red
SN,ES,6/1/20,red
CI,FR,3/8/20,green
CI,FR,3/9/20,green
CI,FR,3/10/20,green
CI,FR,3/11/20,green
CI,FR,3/12/20,green
CI,FR,3/13/20,green
CI,FR,3/14/20,green
CI,FR,3/15/20,green
CI,FR,3/16/20,green
CI,FR,3/17/20,green
CI,FR,3/18/20,green
CI,FR,3/19/20,green
CI,FR,3/20/20,red
CI,FR,3/21/20,red
CI,FR,3/22/20,red
CI,FR,3/23/20,red
CI,FR,3/24/20,red
CI,FR,3/25/20,red
CI,FR,3/26/20,red
CI,FR,3/27/20,red
CI,FR,3/28/20,red
CI,FR,3/29/20,red
CI,FR,3/30/20,red
CI,FR,3/31/20,red
CI,FR,4/1/20,red
CI,FR,4/2/20,red
CI,FR,4/3/20,red
CI,FR,4/4/20,red
CI,FR,4/5/20,red
CI,FR,4/6/20,red
CI,FR,4/7/20,red
CI,FR,4/8/20,red
CI,FR,4/9/20,red
CI,FR,4/10/20,red
CI,FR,4/11/20,red
CI,FR,4/12/20,red
CI,FR,4/13/20,red
CI,FR,4/14/20,red
CI,FR,4/15/20,red
CI,FR,4/16/20,red
CI,FR,4/17/20,red
CI,FR,4/18/20,red
CI,FR,4/19/20,red
CI,FR,4/20/20,red
CI,FR,4/21/20,red
CI,FR,4/22/20,red
CI,FR,4/23/20,red
CI,FR,4/24/20,red
CI,FR,4/25/20,red
CI,FR,4/26/20,red
CI,FR,4/27/20,red
CI,FR,4/28/20,red
CI,FR,4/29/20,red
CI,FR,4/30/20,red
CI,FR,5/1/20,red
CI,FR,5/2/20,red
CI,FR,5/3/20,red
CI,FR,5/4/20,red
CI,FR,5/5/20,red
CI,FR,5/6/20,red
CI,FR,5/7/20,red
CI,FR,5/8/20,red
CI,FR,5/9/20,red
CI,FR,5/10/20,red
CI,FR,5/11/20,red
CI,FR,5/12/20,red
CI,FR,5/13/20,red
CI,FR,5/14/20,red
CI,FR,5/15/20,red
CI,FR,5/16/20,red
CI,FR,5/17/20,red
CI,FR,5/18/20,red
CI,FR,5/19/20,red
CI,FR,5/20/20,red
CI,FR,5/21/20,red
CI,FR,5/22/20,red
CI,FR,5/23/20,red
CI,FR,5/24/20,red
CI,FR,5/25/20,red
CI,FR,5/26/20,red
CI,FR,5/27/20,red
CI,FR,5/28/20,red
CI,FR,5/29/20,red
CI,FR,5/30/20,red
CI,FR,5/31/20,red
CI,FR,6/1/20,red
DZ,FR,3/8/20,green
DZ,FR,3/9/20,green
DZ,FR,3/10/20,green
DZ,FR,3/11/20,green
DZ,FR,3/12/20,green
DZ,FR,3/13/20,green
DZ,FR,3/14/20,green
DZ,FR,3/15/20,green
DZ,FR,3/16/20,green
DZ,FR,3/17/20,green
DZ,FR,3/18/20,green
DZ,FR,3/19/20,green
DZ,FR,3/20/20,red
DZ,FR,3/21/20,red
DZ,FR,3/22/20,red
DZ,FR,3/23/20,red
DZ,FR,3/24/20,red
DZ,FR,3/25/20,red
DZ,FR,3/26/20,red
DZ,FR,3/27/20,red
DZ,FR,3/28/20,red
DZ,FR,3/29/20,red
DZ,FR,3/30/20,red
DZ,FR,3/31/20,red
DZ,FR,4/1/20,red
DZ,FR,4/2/20,red
DZ,FR,4/3/20,red
DZ,FR,4/4/20,red
DZ,FR,4/5/20,red
DZ,FR,4/6/20,red
DZ,FR,4/7/20,red
DZ,FR,4/8/20,red
DZ,FR,4/9/20,red
DZ,FR,4/10/20,red
DZ,FR,4/11/20,red
DZ,FR,4/12/20,red
DZ,FR,4/13/20,red
DZ,FR,4/14/20,red
DZ,FR,4/15/20,red
DZ,FR,4/16/20,red
DZ,FR,4/17/20,red
DZ,FR,4/18/20,red
DZ,FR,4/19/20,red
DZ,FR,4/20/20,red
DZ,FR,4/21/20,red
DZ,FR,4/22/20,red
DZ,FR,4/23/20,red
DZ,FR,4/24/20,red
DZ,FR,4/25/20,red
DZ,FR,4/26/20,red
DZ,FR,4/27/20,red
DZ,FR,4/28/20,red
DZ,FR,4/29/20,red
DZ,FR,4/30/20,red
DZ,FR,5/1/20,red
DZ,FR,5/2/20,red
DZ,FR,5/3/20,red
DZ,FR,5/4/20,red
DZ,FR,5/5/20,red
DZ,FR,5/6/20,red
DZ,FR,5/7/20,red
DZ,FR,5/8/20,red
DZ,FR,5/9/20,red
DZ,FR,5/10/20,red
DZ,FR,5/11/20,red
DZ,FR,5/12/20,red
DZ,FR,5/13/20,red
DZ,FR,5/14/20,red
DZ,FR,5/15/20,red
DZ,FR,5/16/20,red
DZ,FR,5/17/20,red
DZ,FR,5/18/20,red
DZ,FR,5/19/20,red
DZ,FR,5/20/20,red
DZ,FR,5/21/20,red
DZ,FR,5/22/20,red
DZ,FR,5/23/20,red
DZ,FR,5/24/20,red
DZ,FR,5/25/20,red
DZ,FR,5/26/20,red
DZ,FR,5/27/20,red
DZ,FR,5/28/20,red
DZ,FR,5/29/20,red
DZ,FR,5/30/20,red
DZ,FR,5/31/20,red
DZ,FR,6/1/20,red
MA,FR,3/8/20,green
MA,FR,3/9/20,green
MA,FR,3/10/20,green
MA,FR,3/11/20,green
MA,FR,3/12/20,green
MA,FR,3/13/20,green
MA,FR,3/14/20,green
MA,FR,3/15/20,green
MA,FR,3/16/20,green
MA,FR,3/17/20,green
MA,FR,3/18/20,green
MA,FR,3/19/20,green
MA,FR,3/20/20,red
MA,FR,3/21/20,red
MA,FR,3/22/20,red
MA,FR,3/23/20,red
MA,FR,3/24/20,red
MA,FR,3/25/20,red
MA,FR,3/26/20,red
MA,FR,3/27/20,red
MA,FR,3/28/20,red
MA,FR,3/29/20,red
MA,FR,3/30/20,red
MA,FR,3/31/20,red
MA,FR,4/1/20,red
MA,FR,4/2/20,red
MA,FR,4/3/20,red
MA,FR,4/4/20,red
MA,FR,4/5/20,red
MA,FR,4/6/20,red
MA,FR,4/7/20,red
MA,FR,4/8/20,red
MA,FR,4/9/20,red
MA,FR,4/10/20,red
MA,FR,4/11/20,red
MA,FR,4/12/20,red
MA,FR,4/13/20,red
MA,FR,4/14/20,red
MA,FR,4/15/20,red
MA,FR,4/16/20,red
MA,FR,4/17/20,red
MA,FR,4/18/20,red
MA,FR,4/19/20,red
MA,FR,4/20/20,red
MA,FR,4/21/20,red
MA,FR,4/22/20,red
MA,FR,4/23/20,red
MA,FR,4/24/20,red
MA,FR,4/25/20,red
MA,FR,4/26/20,red
MA,FR,4/27/20,red
MA,FR,4/28/20,red
MA,FR,4/29/20,red
MA,FR,4/30/20,red
MA,FR,5/1/20,red
MA,FR,5/2/20,red
MA,FR,5/3/20,red
MA,FR,5/4/20,red
MA,FR,5/5/20,red
MA,FR,5/6/20,red
MA,FR,5/7/20,red
MA,FR,5/8/20,red
MA,FR,5/9/20,red
MA,FR,5/10/20,red
MA,FR,5/11/20,red
MA,FR,5/12/20,red
MA,FR,5/13/20,red
MA,FR,5/14/20,red
MA,FR,5/15/20,red
MA,FR,5/16/20,red
MA,FR,5/17/20,red
MA,FR,5/18/20,red
MA,FR,5/19/20,red
MA,FR,5/20/20,red
MA,FR,5/21/20,red
MA,FR,5/22/20,red
MA,FR,5/23/20,red
MA,FR,5/24/20,red
MA,FR,5/25/20,red
MA,FR,5/26/20,red
MA,FR,5/27/20,red
MA,FR,5/28/20,red
MA,FR,5/29/20,red
MA,FR,5/30/20,red
MA,FR,5/31/20,red
MA,FR,6/1/20,red
SN,FR,3/8/20,green
SN,FR,3/9/20,green
SN,FR,3/10/20,green
SN,FR,3/11/20,green
SN,FR,3/12/20,green
SN,FR,3/13/20,green
SN,FR,3/14/20,green
SN,FR,3/15/20,green
SN,FR,3/16/20,green
SN,FR,3/17/20,green
SN,FR,3/18/20,green
SN,FR,3/19/20,green
SN,FR,3/20/20,red
SN,FR,3/21/20,red
SN,FR,3/22/20,red
SN,FR,3/23/20,red
SN,FR,3/24/20,red
SN,FR,3/25/20,red
SN,FR,3/26/20,red
SN,FR,3/27/20,red
SN,FR,3/28/20,red
SN,FR,3/29/20,red
SN,FR,3/30/20,red
SN,FR,3/31/20,red
SN,FR,4/1/20,red
SN,FR,4/2/20,red
SN,FR,4/3/20,red
SN,FR,4/4/20,red
SN,FR,4/5/20,red
SN,FR,4/6/20,red
SN,FR,4/7/20,red
SN,FR,4/8/20,red
SN,FR,4/9/20,red
SN,FR,4/10/20,red
SN,FR,4/11/20,red
SN,FR,4/12/20,red
SN,FR,4/13/20,red
SN,FR,4/14/20,red
SN,FR,4/15/20,red
SN,FR,4/16/20,red
SN,FR,4/17/20,red
SN,FR,4/18/20,red
SN,FR,4/19/20,red
SN,FR,4/20/20,red
SN,FR,4/21/20,red
SN,FR,4/22/20,red
SN,FR,4/23/20,red
SN,FR,4/24/20,red
SN,FR,4/25/20,red
SN,FR,4/26/20,red
SN,FR,4/27/20,red
SN,FR,4/28/20,red
SN,FR,4/29/20,red
SN,FR,4/30/20,red
SN,FR,5/1/20,red
SN,FR,5/2/20,red
SN,FR,5/3/20,red
SN,FR,5/4/20,red
SN,FR,5/5/20,red
SN,FR,5/6/20,red
SN,FR,5/7/20,red
SN,FR,5/8/20,red
SN,FR,5/9/20,red
SN,FR,5/10/20,red
SN,FR,5/11/20,red
SN,FR,5/12/20,red
SN,FR,5/13/20,red
SN,FR,5/14/20,red
SN,FR,5/15/20,red
SN,FR,5/16/20,red
SN,FR,5/17/20,red
SN,FR,5/18/20,red
SN,FR,5/19/20,red
SN,FR,5/20/20,red
SN,FR,5/21/20,red
SN,FR,5/22/20,red
SN,FR,5/23/20,red
SN,FR,5/24/20,red
SN,FR,5/25/20,red
SN,FR,5/26/20,red
SN,FR,5/27/20,red
SN,FR,5/28/20,red
SN,FR,5/29/20,red
SN,FR,5/30/20,red
SN,FR,5/31/20,red
SN,FR,6/1/20,red
CI,GA,3/8/20,green
CI,GA,3/9/20,green
CI,GA,3/10/20,green
CI,GA,3/11/20,green
CI,GA,3/12/20,green
CI,GA,3/13/20,green
CI,GA,3/14/20,green
CI,GA,3/15/20,green
CI,GA,3/16/20,green
CI,GA,3/17/20,green
CI,GA,3/18/20,green
CI,GA,3/19/20,green
CI,GA,3/20/20,green
CI,GA,3/21/20,green
CI,GA,3/22/20,green
CI,GA,3/23/20,green
CI,GA,3/24/20,green
CI,GA,3/25/20,green
CI,GA,3/26/20,green
CI,GA,3/27/20,green
CI,GA,3/28/20,green
CI,GA,3/29/20,green
CI,GA,3/30/20,green
CI,GA,3/31/20,green
CI,GA,4/1/20,green
CI,GA,4/2/20,green
CI,GA,4/3/20,green
CI,GA,4/4/20,green
CI,GA,4/5/20,green
CI,GA,4/6/20,green
CI,GA,4/7/20,green
CI,GA,4/8/20,green
CI,GA,4/9/20,green
CI,GA,4/10/20,green
CI,GA,4/11/20,green
CI,GA,4/12/20,green
CI,GA,4/13/20,green
CI,GA,4/14/20,green
CI,GA,4/15/20,green
CI,GA,4/16/20,green
CI,GA,4/17/20,green
CI,GA,4/18/20,green
CI,GA,4/19/20,green
CI,GA,4/20/20,green
CI,GA,4/21/20,green
CI,GA,4/22/20,green
CI,GA,4/23/20,green
CI,GA,4/24/20,green
CI,GA,4/25/20,green
CI,GA,4/26/20,green
CI,GA,4/27/20,green
CI,GA,4/28/20,green
CI,GA,4/29/20,green
CI,GA,4/30/20,green
CI,GA,5/1/20,green
CI,GA,5/2/20,green
CI,GA,5/3/20,green
CI,GA,5/4/20,green
CI,GA,5/5/20,green
CI,GA,5/6/20,green
CI,GA,5/7/20,green
CI,GA,5/8/20,green
CI,GA,5/9/20,green
CI,GA,5/10/20,green
CI,GA,5/11/20,green
CI,GA,5/12/20,green
CI,GA,5/13/20,green
CI,GA,5/14/20,green
CI,GA,5/15/20,green
CI,GA,5/16/20,green
CI,GA,5/17/20,green
CI,GA,5/18/20,green
CI,GA,5/19/20,green
CI,GA,5/20/20,green
CI,GA,5/21/20,green
CI,GA,5/22/20,green
CI,GA,5/23/20,green
CI,GA,5/24/20,green
CI,GA,5/25/20,green
CI,GA,5/26/20,green
CI,GA,5/27/20,green
CI,GA,5/28/20,green
CI,GA,5/29/20,green
CI,GA,5/30/20,green
CI,GA,5/31/20,green
CI,GA,6/1/20,green
DZ,GA,3/8/20,green
DZ,GA,3/9/20,green
DZ,GA,3/10/20,green
DZ,GA,3/11/20,green
DZ,GA,3/12/20,green
DZ,GA,3/13/20,green
DZ,GA,3/14/20,green
DZ,GA,3/15/20,green
DZ,GA,3/16/20,green
DZ,GA,3/17/20,green
DZ,GA,3/18/20,green
DZ,GA,3/19/20,green
DZ,GA,3/20/20,green
DZ,GA,3/21/20,green
DZ,GA,3/22/20,green
DZ,GA,3/23/20,green
DZ,GA,3/24/20,green
DZ,GA,3/25/20,green
DZ,GA,3/26/20,green
DZ,GA,3/27/20,green
DZ,GA,3/28/20,green
DZ,GA,3/29/20,green
DZ,GA,3/30/20,green
DZ,GA,3/31/20,green
DZ,GA,4/1/20,green
DZ,GA,4/2/20,green
DZ,GA,4/3/20,green
DZ,GA,4/4/20,green
DZ,GA,4/5/20,green
DZ,GA,4/6/20,green
DZ,GA,4/7/20,green
DZ,GA,4/8/20,green
DZ,GA,4/9/20,green
DZ,GA,4/10/20,green
DZ,GA,4/11/20,green
DZ,GA,4/12/20,green
DZ,GA,4/13/20,green
DZ,GA,4/14/20,green
DZ,GA,4/15/20,green
DZ,GA,4/16/20,green
DZ,GA,4/17/20,green
DZ,GA,4/18/20,green
DZ,GA,4/19/20,green
DZ,GA,4/20/20,green
DZ,GA,4/21/20,green
DZ,GA,4/22/20,green
DZ,GA,4/23/20,green
DZ,GA,4/24/20,green
DZ,GA,4/25/20,green
DZ,GA,4/26/20,green
DZ,GA,4/27/20,green
DZ,GA,4/28/20,green
DZ,GA,4/29/20,green
DZ,GA,4/30/20,green
DZ,GA,5/1/20,green
DZ,GA,5/2/20,green
DZ,GA,5/3/20,green
DZ,GA,5/4/20,green
DZ,GA,5/5/20,green
DZ,GA,5/6/20,green
DZ,GA,5/7/20,green
DZ,GA,5/8/20,green
DZ,GA,5/9/20,green
DZ,GA,5/10/20,green
DZ,GA,5/11/20,green
DZ,GA,5/12/20,green
DZ,GA,5/13/20,green
DZ,GA,5/14/20,green
DZ,GA,5/15/20,green
DZ,GA,5/16/20,green
DZ,GA,5/17/20,green
DZ,GA,5/18/20,green
DZ,GA,5/19/20,green
DZ,GA,5/20/20,green
DZ,GA,5/21/20,green
DZ,GA,5/22/20,green
DZ,GA,5/23/20,green
DZ,GA,5/24/20,green
DZ,GA,5/25/20,green
DZ,GA,5/26/20,green
DZ,GA,5/27/20,green
DZ,GA,5/28/20,green
DZ,GA,5/29/20,green
DZ,GA,5/30/20,green
DZ,GA,5/31/20,green
DZ,GA,6/1/20,green
MA,GA,3/8/20,green
MA,GA,3/9/20,green
MA,GA,3/10/20,green
MA,GA,3/11/20,green
MA,GA,3/12/20,green
MA,GA,3/13/20,green
MA,GA,3/14/20,green
MA,GA,3/15/20,green
MA,GA,3/16/20,green
MA,GA,3/17/20,green
MA,GA,3/18/20,green
MA,GA,3/19/20,green
MA,GA,3/20/20,green
MA,GA,3/21/20,green
MA,GA,3/22/20,green
MA,GA,3/23/20,green
MA,GA,3/24/20,green
MA,GA,3/25/20,green
MA,GA,3/26/20,green
MA,GA,3/27/20,green
MA,GA,3/28/20,green
MA,GA,3/29/20,green
MA,GA,3/30/20,green
MA,GA,3/31/20,green
MA,GA,4/1/20,green
MA,GA,4/2/20,green
MA,GA,4/3/20,green
MA,GA,4/4/20,green
MA,GA,4/5/20,green
MA,GA,4/6/20,green
MA,GA,4/7/20,green
MA,GA,4/8/20,green
MA,GA,4/9/20,green
MA,GA,4/10/20,green
MA,GA,4/11/20,green
MA,GA,4/12/20,green
MA,GA,4/13/20,green
MA,GA,4/14/20,green
MA,GA,4/15/20,green
MA,GA,4/16/20,green
MA,GA,4/17/20,green
MA,GA,4/18/20,green
MA,GA,4/19/20,green
MA,GA,4/20/20,green
MA,GA,4/21/20,green
MA,GA,4/22/20,green
MA,GA,4/23/20,green
MA,GA,4/24/20,green
MA,GA,4/25/20,green
MA,GA,4/26/20,green
MA,GA,4/27/20,green
MA,GA,4/28/20,green
MA,GA,4/29/20,green
MA,GA,4/30/20,green
MA,GA,5/1/20,green
MA,GA,5/2/20,green
MA,GA,5/3/20,green
MA,GA,5/4/20,green
MA,GA,5/5/20,green
MA,GA,5/6/20,green
MA,GA,5/7/20,green
MA,GA,5/8/20,green
MA,GA,5/9/20,green
MA,GA,5/10/20,green
MA,GA,5/11/20,green
MA,GA,5/12/20,green
MA,GA,5/13/20,green
MA,GA,5/14/20,green
MA,GA,5/15/20,green
MA,GA,5/16/20,green
MA,GA,5/17/20,green
MA,GA,5/18/20,green
MA,GA,5/19/20,green
MA,GA,5/20/20,green
MA,GA,5/21/20,green
MA,GA,5/22/20,green
MA,GA,5/23/20,green
MA,GA,5/24/20,green
MA,GA,5/25/20,green
MA,GA,5/26/20,green
MA,GA,5/27/20,green
MA,GA,5/28/20,green
MA,GA,5/29/20,green
MA,GA,5/30/20,green
MA,GA,5/31/20,green
MA,GA,6/1/20,green
SN,GA,3/8/20,green
SN,GA,3/9/20,green
SN,GA,3/10/20,green
SN,GA,3/11/20,green
SN,GA,3/12/20,green
SN,GA,3/13/20,green
SN,GA,3/14/20,green
SN,GA,3/15/20,green
SN,GA,3/16/20,green
SN,GA,3/17/20,green
SN,GA,3/18/20,green
SN,GA,3/19/20,green
SN,GA,3/20/20,green
SN,GA,3/21/20,green
SN,GA,3/22/20,green
SN,GA,3/23/20,green
SN,GA,3/24/20,green
SN,GA,3/25/20,green
SN,GA,3/26/20,green
SN,GA,3/27/20,green
SN,GA,3/28/20,green
SN,GA,3/29/20,green
SN,GA,3/30/20,green
SN,GA,3/31/20,green
SN,GA,4/1/20,green
SN,GA,4/2/20,green
SN,GA,4/3/20,green
SN,GA,4/4/20,green
SN,GA,4/5/20,green
SN,GA,4/6/20,green
SN,GA,4/7/20,green
SN,GA,4/8/20,green
SN,GA,4/9/20,green
SN,GA,4/10/20,green
SN,GA,4/11/20,green
SN,GA,4/12/20,green
SN,GA,4/13/20,green
SN,GA,4/14/20,green
SN,GA,4/15/20,green
SN,GA,4/16/20,green
SN,GA,4/17/20,green
SN,GA,4/18/20,green
SN,GA,4/19/20,green
SN,GA,4/20/20,green
SN,GA,4/21/20,green
SN,GA,4/22/20,green
SN,GA,4/23/20,green
SN,GA,4/24/20,green
SN,GA,4/25/20,green
SN,GA,4/26/20,green
SN,GA,4/27/20,green
SN,GA,4/28/20,green
SN,GA,4/29/20,green
SN,GA,4/30/20,green
SN,GA,5/1/20,green
SN,GA,5/2/20,green
SN,GA,5/3/20,green
SN,GA,5/4/20,green
SN,GA,5/5/20,green
SN,GA,5/6/20,green
SN,GA,5/7/20,green
SN,GA,5/8/20,green
SN,GA,5/9/20,green
SN,GA,5/10/20,green
SN,GA,5/11/20,green
SN,GA,5/12/20,green
SN,GA,5/13/20,green
SN,GA,5/14/20,green
SN,GA,5/15/20,green
SN,GA,5/16/20,green
SN,GA,5/17/20,green
SN,GA,5/18/20,green
SN,GA,5/19/20,green
SN,GA,5/20/20,green
SN,GA,5/21/20,green
SN,GA,5/22/20,green
SN,GA,5/23/20,green
SN,GA,5/24/20,green
SN,GA,5/25/20,green
SN,GA,5/26/20,green
SN,GA,5/27/20,green
SN,GA,5/28/20,green
SN,GA,5/29/20,green
SN,GA,5/30/20,green
SN,GA,5/31/20,green
SN,GA,6/1/20,green
CI,GB,3/8/20,green
CI,GB,3/9/20,green
CI,GB,3/10/20,green
CI,GB,3/11/20,green
CI,GB,3/12/20,green
CI,GB,3/13/20,green
CI,GB,3/14/20,green
CI,GB,3/15/20,green
CI,GB,3/16/20,green
CI,GB,3/17/20,green
CI,GB,3/18/20,green
CI,GB,3/19/20,green
CI,GB,3/20/20,green
CI,GB,3/21/20,green
CI,GB,3/22/20,green
CI,GB,3/23/20,green
CI,GB,3/24/20,green
CI,GB,3/25/20,green
CI,GB,3/26/20,green
CI,GB,3/27/20,green
CI,GB,3/28/20,green
CI,GB,3/29/20,green
CI,GB,3/30/20,green
CI,GB,3/31/20,green
CI,GB,4/1/20,green
CI,GB,4/2/20,green
CI,GB,4/3/20,green
CI,GB,4/4/20,green
CI,GB,4/5/20,green
CI,GB,4/6/20,green
CI,GB,4/7/20,green
CI,GB,4/8/20,green
CI,GB,4/9/20,green
CI,GB,4/10/20,green
CI,GB,4/11/20,green
CI,GB,4/12/20,green
CI,GB,4/13/20,green
CI,GB,4/14/20,green
CI,GB,4/15/20,green
CI,GB,4/16/20,green
CI,GB,4/17/20,green
CI,GB,4/18/20,green
CI,GB,4/19/20,green
CI,GB,4/20/20,green
CI,GB,4/21/20,green
CI,GB,4/22/20,green
CI,GB,4/23/20,green
CI,GB,4/24/20,green
CI,GB,4/25/20,green
CI,GB,4/26/20,green
CI,GB,4/27/20,green
CI,GB,4/28/20,green
CI,GB,4/29/20,green
CI,GB,4/30/20,green
CI,GB,5/1/20,green
CI,GB,5/2/20,green
CI,GB,5/3/20,green
CI,GB,5/4/20,green
CI,GB,5/5/20,green
CI,GB,5/6/20,green
CI,GB,5/7/20,green
CI,GB,5/8/20,green
CI,GB,5/9/20,green
CI,GB,5/10/20,green
CI,GB,5/11/20,green
CI,GB,5/12/20,green
CI,GB,5/13/20,green
CI,GB,5/14/20,green
CI,GB,5/15/20,green
CI,GB,5/16/20,green
CI,GB,5/17/20,green
CI,GB,5/18/20,green
CI,GB,5/19/20,green
CI,GB,5/20/20,green
CI,GB,5/21/20,green
CI,GB,5/22/20,green
CI,GB,5/23/20,green
CI,GB,5/24/20,green
CI,GB,5/25/20,green
CI,GB,5/26/20,green
CI,GB,5/27/20,green
CI,GB,5/28/20,green
CI,GB,5/29/20,green
CI,GB,5/30/20,green
CI,GB,5/31/20,green
CI,GB,6/1/20,green
DZ,GB,3/8/20,green
DZ,GB,3/9/20,green
DZ,GB,3/10/20,green
DZ,GB,3/11/20,green
DZ,GB,3/12/20,green
DZ,GB,3/13/20,green
DZ,GB,3/14/20,green
DZ,GB,3/15/20,green
DZ,GB,3/16/20,green
DZ,GB,3/17/20,green
DZ,GB,3/18/20,green
DZ,GB,3/19/20,green
DZ,GB,3/20/20,green
DZ,GB,3/21/20,green
DZ,GB,3/22/20,green
DZ,GB,3/23/20,green
DZ,GB,3/24/20,green
DZ,GB,3/25/20,green
DZ,GB,3/26/20,green
DZ,GB,3/27/20,green
DZ,GB,3/28/20,green
DZ,GB,3/29/20,green
DZ,GB,3/30/20,green
DZ,GB,3/31/20,green
DZ,GB,4/1/20,green
DZ,GB,4/2/20,green
DZ,GB,4/3/20,green
DZ,GB,4/4/20,green
DZ,GB,4/5/20,green
DZ,GB,4/6/20,green
DZ,GB,4/7/20,green
DZ,GB,4/8/20,green
DZ,GB,4/9/20,green
DZ,GB,4/10/20,green
DZ,GB,4/11/20,green
DZ,GB,4/12/20,green
DZ,GB,4/13/20,green
DZ,GB,4/14/20,green
DZ,GB,4/15/20,green
DZ,GB,4/16/20,green
DZ,GB,4/17/20,green
DZ,GB,4/18/20,green
DZ,GB,4/19/20,green
DZ,GB,4/20/20,green
DZ,GB,4/21/20,green
DZ,GB,4/22/20,green
DZ,GB,4/23/20,green
DZ,GB,4/24/20,green
DZ,GB,4/25/20,green
DZ,GB,4/26/20,green
DZ,GB,4/27/20,green
DZ,GB,4/28/20,green
DZ,GB,4/29/20,green
DZ,GB,4/30/20,green
DZ,GB,5/1/20,green
DZ,GB,5/2/20,green
DZ,GB,5/3/20,green
DZ,GB,5/4/20,green
DZ,GB,5/5/20,green
DZ,GB,5/6/20,green
DZ,GB,5/7/20,green
DZ,GB,5/8/20,green
DZ,GB,5/9/20,green
DZ,GB,5/10/20,green
DZ,GB,5/11/20,green
DZ,GB,5/12/20,green
DZ,GB,5/13/20,green
DZ,GB,5/14/20,green
DZ,GB,5/15/20,green
DZ,GB,5/16/20,green
DZ,GB,5/17/20,green
DZ,GB,5/18/20,green
DZ,GB,5/19/20,green
DZ,GB,5/20/20,green
DZ,GB,5/21/20,green
DZ,GB,5/22/20,green
DZ,GB,5/23/20,green
DZ,GB,5/24/20,green
DZ,GB,5/25/20,green
DZ,GB,5/26/20,green
DZ,GB,5/27/20,green
DZ,GB,5/28/20,green
DZ,GB,5/29/20,green
DZ,GB,5/30/20,green
DZ,GB,5/31/20,green
DZ,GB,6/1/20,green
MA,GB,3/8/20,green
MA,GB,3/9/20,green
MA,GB,3/10/20,green
MA,GB,3/11/20,green
MA,GB,3/12/20,green
MA,GB,3/13/20,green
MA,GB,3/14/20,green
MA,GB,3/15/20,green
MA,GB,3/16/20,green
MA,GB,3/17/20,green
MA,GB,3/18/20,green
MA,GB,3/19/20,green
MA,GB,3/20/20,green
MA,GB,3/21/20,green
MA,GB,3/22/20,green
MA,GB,3/23/20,green
MA,GB,3/24/20,green
MA,GB,3/25/20,green
MA,GB,3/26/20,green
MA,GB,3/27/20,green
MA,GB,3/28/20,green
MA,GB,3/29/20,green
MA,GB,3/30/20,green
MA,GB,3/31/20,green
MA,GB,4/1/20,green
MA,GB,4/2/20,green
MA,GB,4/3/20,green
MA,GB,4/4/20,green
MA,GB,4/5/20,green
MA,GB,4/6/20,green
MA,GB,4/7/20,green
MA,GB,4/8/20,green
MA,GB,4/9/20,green
MA,GB,4/10/20,green
MA,GB,4/11/20,green
MA,GB,4/12/20,green
MA,GB,4/13/20,green
MA,GB,4/14/20,green
MA,GB,4/15/20,green
MA,GB,4/16/20,green
MA,GB,4/17/20,green
MA,GB,4/18/20,green
MA,GB,4/19/20,green
MA,GB,4/20/20,green
MA,GB,4/21/20,green
MA,GB,4/22/20,green
MA,GB,4/23/20,green
MA,GB,4/24/20,green
MA,GB,4/25/20,green
MA,GB,4/26/20,green
MA,GB,4/27/20,green
MA,GB,4/28/20,green
MA,GB,4/29/20,green
MA,GB,4/30/20,green
MA,GB,5/1/20,green
MA,GB,5/2/20,green
MA,GB,5/3/20,green
MA,GB,5/4/20,green
MA,GB,5/5/20,green
MA,GB,5/6/20,green
MA,GB,5/7/20,green
MA,GB,5/8/20,green
MA,GB,5/9/20,green
MA,GB,5/10/20,green
MA,GB,5/11/20,green
MA,GB,5/12/20,green
MA,GB,5/13/20,green
MA,GB,5/14/20,green
MA,GB,5/15/20,green
MA,GB,5/16/20,green
MA,GB,5/17/20,green
MA,GB,5/18/20,green
MA,GB,5/19/20,green
MA,GB,5/20/20,green
MA,GB,5/21/20,green
MA,GB,5/22/20,green
MA,GB,5/23/20,green
MA,GB,5/24/20,green
MA,GB,5/25/20,green
MA,GB,5/26/20,green
MA,GB,5/27/20,green
MA,GB,5/28/20,green
MA,GB,5/29/20,green
MA,GB,5/30/20,green
MA,GB,5/31/20,green
MA,GB,6/1/20,green
SN,GB,3/8/20,green
SN,GB,3/9/20,green
SN,GB,3/10/20,green
SN,GB,3/11/20,green
SN,GB,3/12/20,green
SN,GB,3/13/20,green
SN,GB,3/14/20,green
SN,GB,3/15/20,green
SN,GB,3/16/20,green
SN,GB,3/17/20,green
SN,GB,3/18/20,green
SN,GB,3/19/20,green
SN,GB,3/20/20,green
SN,GB,3/21/20,green
SN,GB,3/22/20,green
SN,GB,3/23/20,green
SN,GB,3/24/20,green
SN,GB,3/25/20,green
SN,GB,3/26/20,green
SN,GB,3/27/20,green
SN,GB,3/28/20,green
SN,GB,3/29/20,green
SN,GB,3/30/20,green
SN,GB,3/31/20,green
SN,GB,4/1/20,green
SN,GB,4/2/20,green
SN,GB,4/3/20,green
SN,GB,4/4/20,green
SN,GB,4/5/20,green
SN,GB,4/6/20,green
SN,GB,4/7/20,green
SN,GB,4/8/20,green
SN,GB,4/9/20,green
SN,GB,4/10/20,green
SN,GB,4/11/20,green
SN,GB,4/12/20,green
SN,GB,4/13/20,green
SN,GB,4/14/20,green
SN,GB,4/15/20,green
SN,GB,4/16/20,green
SN,GB,4/17/20,green
SN,GB,4/18/20,green
SN,GB,4/19/20,green
SN,GB,4/20/20,green
SN,GB,4/21/20,green
SN,GB,4/22/20,green
SN,GB,4/23/20,green
SN,GB,4/24/20,green
SN,GB,4/25/20,green
SN,GB,4/26/20,green
SN,GB,4/27/20,green
SN,GB,4/28/20,green
SN,GB,4/29/20,green
SN,GB,4/30/20,green
SN,GB,5/1/20,green
SN,GB,5/2/20,green
SN,GB,5/3/20,green
SN,GB,5/4/20,green
SN,GB,5/5/20,green
SN,GB,5/6/20,green
SN,GB,5/7/20,green
SN,GB,5/8/20,green
SN,GB,5/9/20,green
SN,GB,5/10/20,green
SN,GB,5/11/20,green
SN,GB,5/12/20,green
SN,GB,5/13/20,green
SN,GB,5/14/20,green
SN,GB,5/15/20,green
SN,GB,5/16/20,green
SN,GB,5/17/20,green
SN,GB,5/18/20,green
SN,GB,5/19/20,green
SN,GB,5/20/20,green
SN,GB,5/21/20,green
SN,GB,5/22/20,green
SN,GB,5/23/20,green
SN,GB,5/24/20,green
SN,GB,5/25/20,green
SN,GB,5/26/20,green
SN,GB,5/27/20,green
SN,GB,5/28/20,green
SN,GB,5/29/20,green
SN,GB,5/30/20,green
SN,GB,5/31/20,green
SN,GB,6/1/20,green
CI,GM,3/8/20,green
CI,GM,3/9/20,green
CI,GM,3/10/20,green
CI,GM,3/11/20,green
CI,GM,3/12/20,green
CI,GM,3/13/20,green
CI,GM,3/14/20,green
CI,GM,3/15/20,green
CI,GM,3/16/20,green
CI,GM,3/17/20,green
CI,GM,3/18/20,green
CI,GM,3/19/20,green
CI,GM,3/20/20,green
CI,GM,3/21/20,green
CI,GM,3/22/20,green
CI,GM,3/23/20,green
CI,GM,3/24/20,green
CI,GM,3/25/20,green
CI,GM,3/26/20,green
CI,GM,3/27/20,green
CI,GM,3/28/20,green
CI,GM,3/29/20,green
CI,GM,3/30/20,green
CI,GM,3/31/20,green
CI,GM,4/1/20,green
CI,GM,4/2/20,green
CI,GM,4/3/20,green
CI,GM,4/4/20,green
CI,GM,4/5/20,green
CI,GM,4/6/20,green
CI,GM,4/7/20,green
CI,GM,4/8/20,green
CI,GM,4/9/20,green
CI,GM,4/10/20,green
CI,GM,4/11/20,green
CI,GM,4/12/20,green
CI,GM,4/13/20,green
CI,GM,4/14/20,green
CI,GM,4/15/20,green
CI,GM,4/16/20,green
CI,GM,4/17/20,green
CI,GM,4/18/20,green
CI,GM,4/19/20,green
CI,GM,4/20/20,green
CI,GM,4/21/20,green
CI,GM,4/22/20,red
CI,GM,4/23/20,red
CI,GM,4/24/20,red
CI,GM,4/25/20,red
CI,GM,4/26/20,red
CI,GM,4/27/20,red
CI,GM,4/28/20,red
CI,GM,4/29/20,red
CI,GM,4/30/20,red
CI,GM,5/1/20,red
CI,GM,5/2/20,red
CI,GM,5/3/20,red
CI,GM,5/4/20,red
CI,GM,5/5/20,red
CI,GM,5/6/20,red
CI,GM,5/7/20,red
CI,GM,5/8/20,red
CI,GM,5/9/20,red
CI,GM,5/10/20,red
CI,GM,5/11/20,red
CI,GM,5/12/20,red
CI,GM,5/13/20,red
CI,GM,5/14/20,red
CI,GM,5/15/20,red
CI,GM,5/16/20,red
CI,GM,5/17/20,red
CI,GM,5/18/20,red
CI,GM,5/19/20,red
CI,GM,5/20/20,red
CI,GM,5/21/20,red
CI,GM,5/22/20,red
CI,GM,5/23/20,red
CI,GM,5/24/20,red
CI,GM,5/25/20,red
CI,GM,5/26/20,red
CI,GM,5/27/20,red
CI,GM,5/28/20,red
CI,GM,5/29/20,red
CI,GM,5/30/20,red
CI,GM,5/31/20,red
CI,GM,6/1/20,red
DZ,GM,3/8/20,green
DZ,GM,3/9/20,green
DZ,GM,3/10/20,green
DZ,GM,3/11/20,green
DZ,GM,3/12/20,green
DZ,GM,3/13/20,green
DZ,GM,3/14/20,green
DZ,GM,3/15/20,green
DZ,GM,3/16/20,green
DZ,GM,3/17/20,green
DZ,GM,3/18/20,green
DZ,GM,3/19/20,green
DZ,GM,3/20/20,green
DZ,GM,3/21/20,green
DZ,GM,3/22/20,green
DZ,GM,3/23/20,green
DZ,GM,3/24/20,green
DZ,GM,3/25/20,green
DZ,GM,3/26/20,green
DZ,GM,3/27/20,green
DZ,GM,3/28/20,green
DZ,GM,3/29/20,green
DZ,GM,3/30/20,green
DZ,GM,3/31/20,green
DZ,GM,4/1/20,green
DZ,GM,4/2/20,green
DZ,GM,4/3/20,green
DZ,GM,4/4/20,green
DZ,GM,4/5/20,green
DZ,GM,4/6/20,green
DZ,GM,4/7/20,green
DZ,GM,4/8/20,green
DZ,GM,4/9/20,green
DZ,GM,4/10/20,green
DZ,GM,4/11/20,green
DZ,GM,4/12/20,green
DZ,GM,4/13/20,green
DZ,GM,4/14/20,green
DZ,GM,4/15/20,green
DZ,GM,4/16/20,green
DZ,GM,4/17/20,green
DZ,GM,4/18/20,green
DZ,GM,4/19/20,green
DZ,GM,4/20/20,green
DZ,GM,4/21/20,green
DZ,GM,4/22/20,red
DZ,GM,4/23/20,red
DZ,GM,4/24/20,red
DZ,GM,4/25/20,red
DZ,GM,4/26/20,red
DZ,GM,4/27/20,red
DZ,GM,4/28/20,red
DZ,GM,4/29/20,red
DZ,GM,4/30/20,red
DZ,GM,5/1/20,red
DZ,GM,5/2/20,red
DZ,GM,5/3/20,red
DZ,GM,5/4/20,red
DZ,GM,5/5/20,red
DZ,GM,5/6/20,red
DZ,GM,5/7/20,red
DZ,GM,5/8/20,red
DZ,GM,5/9/20,red
DZ,GM,5/10/20,red
DZ,GM,5/11/20,red
DZ,GM,5/12/20,red
DZ,GM,5/13/20,red
DZ,GM,5/14/20,red
DZ,GM,5/15/20,red
DZ,GM,5/16/20,red
DZ,GM,5/17/20,red
DZ,GM,5/18/20,red
DZ,GM,5/19/20,red
DZ,GM,5/20/20,red
DZ,GM,5/21/20,red
DZ,GM,5/22/20,red
DZ,GM,5/23/20,red
DZ,GM,5/24/20,red
DZ,GM,5/25/20,red
DZ,GM,5/26/20,red
DZ,GM,5/27/20,red
DZ,GM,5/28/20,red
DZ,GM,5/29/20,red
DZ,GM,5/30/20,red
DZ,GM,5/31/20,red
DZ,GM,6/1/20,red
MA,GM,3/8/20,green
MA,GM,3/9/20,green
MA,GM,3/10/20,green
MA,GM,3/11/20,green
MA,GM,3/12/20,green
MA,GM,3/13/20,green
MA,GM,3/14/20,green
MA,GM,3/15/20,green
MA,GM,3/16/20,green
MA,GM,3/17/20,green
MA,GM,3/18/20,green
MA,GM,3/19/20,green
MA,GM,3/20/20,green
MA,GM,3/21/20,green
MA,GM,3/22/20,green
MA,GM,3/23/20,green
MA,GM,3/24/20,green
MA,GM,3/25/20,green
MA,GM,3/26/20,green
MA,GM,3/27/20,green
MA,GM,3/28/20,green
MA,GM,3/29/20,green
MA,GM,3/30/20,green
MA,GM,3/31/20,green
MA,GM,4/1/20,green
MA,GM,4/2/20,green
MA,GM,4/3/20,green
MA,GM,4/4/20,green
MA,GM,4/5/20,green
MA,GM,4/6/20,green
MA,GM,4/7/20,green
MA,GM,4/8/20,green
MA,GM,4/9/20,green
MA,GM,4/10/20,green
MA,GM,4/11/20,green
MA,GM,4/12/20,green
MA,GM,4/13/20,green
MA,GM,4/14/20,green
MA,GM,4/15/20,green
MA,GM,4/16/20,green
MA,GM,4/17/20,green
MA,GM,4/18/20,green
MA,GM,4/19/20,green
MA,GM,4/20/20,green
MA,GM,4/21/20,green
MA,GM,4/22/20,red
MA,GM,4/23/20,red
MA,GM,4/24/20,red
MA,GM,4/25/20,red
MA,GM,4/26/20,red
MA,GM,4/27/20,red
MA,GM,4/28/20,red
MA,GM,4/29/20,red
MA,GM,4/30/20,red
MA,GM,5/1/20,red
MA,GM,5/2/20,red
MA,GM,5/3/20,red
MA,GM,5/4/20,red
MA,GM,5/5/20,red
MA,GM,5/6/20,red
MA,GM,5/7/20,red
MA,GM,5/8/20,red
MA,GM,5/9/20,red
MA,GM,5/10/20,red
MA,GM,5/11/20,red
MA,GM,5/12/20,red
MA,GM,5/13/20,red
MA,GM,5/14/20,red
MA,GM,5/15/20,red
MA,GM,5/16/20,red
MA,GM,5/17/20,red
MA,GM,5/18/20,red
MA,GM,5/19/20,red
MA,GM,5/20/20,red
MA,GM,5/21/20,red
MA,GM,5/22/20,red
MA,GM,5/23/20,red
MA,GM,5/24/20,red
MA,GM,5/25/20,red
MA,GM,5/26/20,red
MA,GM,5/27/20,red
MA,GM,5/28/20,red
MA,GM,5/29/20,red
MA,GM,5/30/20,red
MA,GM,5/31/20,red
MA,GM,6/1/20,red
SN,GM,3/8/20,green
SN,GM,3/9/20,green
SN,GM,3/10/20,green
SN,GM,3/11/20,green
SN,GM,3/12/20,green
SN,GM,3/13/20,green
SN,GM,3/14/20,green
SN,GM,3/15/20,green
SN,GM,3/16/20,green
SN,GM,3/17/20,green
SN,GM,3/18/20,green
SN,GM,3/19/20,green
SN,GM,3/20/20,green
SN,GM,3/21/20,green
SN,GM,3/22/20,green
SN,GM,3/23/20,green
SN,GM,3/24/20,green
SN,GM,3/25/20,green
SN,GM,3/26/20,green
SN,GM,3/27/20,green
SN,GM,3/28/20,green
SN,GM,3/29/20,green
SN,GM,3/30/20,green
SN,GM,3/31/20,green
SN,GM,4/1/20,green
SN,GM,4/2/20,green
SN,GM,4/3/20,green
SN,GM,4/4/20,green
SN,GM,4/5/20,green
SN,GM,4/6/20,green
SN,GM,4/7/20,green
SN,GM,4/8/20,green
SN,GM,4/9/20,green
SN,GM,4/10/20,green
SN,GM,4/11/20,green
SN,GM,4/12/20,green
SN,GM,4/13/20,green
SN,GM,4/14/20,green
SN,GM,4/15/20,green
SN,GM,4/16/20,green
SN,GM,4/17/20,green
SN,GM,4/18/20,green
SN,GM,4/19/20,green
SN,GM,4/20/20,green
SN,GM,4/21/20,green
SN,GM,4/22/20,red
SN,GM,4/23/20,red
SN,GM,4/24/20,red
SN,GM,4/25/20,red
SN,GM,4/26/20,red
SN,GM,4/27/20,red
SN,GM,4/28/20,red
SN,GM,4/29/20,red
SN,GM,4/30/20,red
SN,GM,5/1/20,red
SN,GM,5/2/20,red
SN,GM,5/3/20,red
SN,GM,5/4/20,red
SN,GM,5/5/20,red
SN,GM,5/6/20,red
SN,GM,5/7/20,red
SN,GM,5/8/20,red
SN,GM,5/9/20,red
SN,GM,5/10/20,red
SN,GM,5/11/20,red
SN,GM,5/12/20,red
SN,GM,5/13/20,red
SN,GM,5/14/20,red
SN,GM,5/15/20,red
SN,GM,5/16/20,red
SN,GM,5/17/20,red
SN,GM,5/18/20,red
SN,GM,5/19/20,red
SN,GM,5/20/20,red
SN,GM,5/21/20,red
SN,GM,5/22/20,red
SN,GM,5/23/20,red
SN,GM,5/24/20,red
SN,GM,5/25/20,red
SN,GM,5/26/20,red
SN,GM,5/27/20,red
SN,GM,5/28/20,red
SN,GM,5/29/20,red
SN,GM,5/30/20,red
SN,GM,5/31/20,red
SN,GM,6/1/20,red
CI,GN,3/8/20,green
CI,GN,3/9/20,green
CI,GN,3/10/20,green
CI,GN,3/11/20,green
CI,GN,3/12/20,green
CI,GN,3/13/20,green
CI,GN,3/14/20,green
CI,GN,3/15/20,green
CI,GN,3/16/20,green
CI,GN,3/17/20,green
CI,GN,3/18/20,green
CI,GN,3/19/20,green
CI,GN,3/20/20,green
CI,GN,3/21/20,green
CI,GN,3/22/20,green
CI,GN,3/23/20,red
CI,GN,3/24/20,red
CI,GN,3/25/20,red
CI,GN,3/26/20,red
CI,GN,3/27/20,red
CI,GN,3/28/20,red
CI,GN,3/29/20,red
CI,GN,3/30/20,red
CI,GN,3/31/20,red
CI,GN,4/1/20,red
CI,GN,4/2/20,red
CI,GN,4/3/20,red
CI,GN,4/4/20,red
CI,GN,4/5/20,red
CI,GN,4/6/20,red
CI,GN,4/7/20,red
CI,GN,4/8/20,red
CI,GN,4/9/20,red
CI,GN,4/10/20,red
CI,GN,4/11/20,red
CI,GN,4/12/20,red
CI,GN,4/13/20,red
CI,GN,4/14/20,red
CI,GN,4/15/20,red
CI,GN,4/16/20,red
CI,GN,4/17/20,red
CI,GN,4/18/20,red
CI,GN,4/19/20,red
CI,GN,4/20/20,red
CI,GN,4/21/20,red
CI,GN,4/22/20,red
CI,GN,4/23/20,red
CI,GN,4/24/20,red
CI,GN,4/25/20,red
CI,GN,4/26/20,red
CI,GN,4/27/20,red
CI,GN,4/28/20,red
CI,GN,4/29/20,red
CI,GN,4/30/20,red
CI,GN,5/1/20,red
CI,GN,5/2/20,red
CI,GN,5/3/20,red
CI,GN,5/4/20,red
CI,GN,5/5/20,red
CI,GN,5/6/20,red
CI,GN,5/7/20,red
CI,GN,5/8/20,red
CI,GN,5/9/20,red
CI,GN,5/10/20,red
CI,GN,5/11/20,red
CI,GN,5/12/20,red
CI,GN,5/13/20,red
CI,GN,5/14/20,red
CI,GN,5/15/20,red
CI,GN,5/16/20,red
CI,GN,5/17/20,red
CI,GN,5/18/20,red
CI,GN,5/19/20,red
CI,GN,5/20/20,red
CI,GN,5/21/20,red
CI,GN,5/22/20,red
CI,GN,5/23/20,red
CI,GN,5/24/20,red
CI,GN,5/25/20,red
CI,GN,5/26/20,red
CI,GN,5/27/20,red
CI,GN,5/28/20,red
CI,GN,5/29/20,red
CI,GN,5/30/20,red
CI,GN,5/31/20,red
CI,GN,6/1/20,red
DZ,GN,3/8/20,green
DZ,GN,3/9/20,green
DZ,GN,3/10/20,green
DZ,GN,3/11/20,green
DZ,GN,3/12/20,green
DZ,GN,3/13/20,green
DZ,GN,3/14/20,green
DZ,GN,3/15/20,green
DZ,GN,3/16/20,green
DZ,GN,3/17/20,green
DZ,GN,3/18/20,green
DZ,GN,3/19/20,green
DZ,GN,3/20/20,green
DZ,GN,3/21/20,green
DZ,GN,3/22/20,green
DZ,GN,3/23/20,red
DZ,GN,3/24/20,red
DZ,GN,3/25/20,red
DZ,GN,3/26/20,red
DZ,GN,3/27/20,red
DZ,GN,3/28/20,red
DZ,GN,3/29/20,red
DZ,GN,3/30/20,red
DZ,GN,3/31/20,red
DZ,GN,4/1/20,red
DZ,GN,4/2/20,red
DZ,GN,4/3/20,red
DZ,GN,4/4/20,red
DZ,GN,4/5/20,red
DZ,GN,4/6/20,red
DZ,GN,4/7/20,red
DZ,GN,4/8/20,red
DZ,GN,4/9/20,red
DZ,GN,4/10/20,red
DZ,GN,4/11/20,red
DZ,GN,4/12/20,red
DZ,GN,4/13/20,red
DZ,GN,4/14/20,red
DZ,GN,4/15/20,red
DZ,GN,4/16/20,red
DZ,GN,4/17/20,red
DZ,GN,4/18/20,red
DZ,GN,4/19/20,red
DZ,GN,4/20/20,red
DZ,GN,4/21/20,red
DZ,GN,4/22/20,red
DZ,GN,4/23/20,red
DZ,GN,4/24/20,red
DZ,GN,4/25/20,red
DZ,GN,4/26/20,red
DZ,GN,4/27/20,red
DZ,GN,4/28/20,red
DZ,GN,4/29/20,red
DZ,GN,4/30/20,red
DZ,GN,5/1/20,red
DZ,GN,5/2/20,red
DZ,GN,5/3/20,red
DZ,GN,5/4/20,red
DZ,GN,5/5/20,red
DZ,GN,5/6/20,red
DZ,GN,5/7/20,red
DZ,GN,5/8/20,red
DZ,GN,5/9/20,red
DZ,GN,5/10/20,red
DZ,GN,5/11/20,red
DZ,GN,5/12/20,red
DZ,GN,5/13/20,red
DZ,GN,5/14/20,red
DZ,GN,5/15/20,red
DZ,GN,5/16/20,red
DZ,GN,5/17/20,red
DZ,GN,5/18/20,red
DZ,GN,5/19/20,red
DZ,GN,5/20/20,red
DZ,GN,5/21/20,red
DZ,GN,5/22/20,red
DZ,GN,5/23/20,red
DZ,GN,5/24/20,red
DZ,GN,5/25/20,red
DZ,GN,5/26/20,red
DZ,GN,5/27/20,red
DZ,GN,5/28/20,red
DZ,GN,5/29/20,red
DZ,GN,5/30/20,red
DZ,GN,5/31/20,red
DZ,GN,6/1/20,red
MA,GN,3/8/20,green
MA,GN,3/9/20,green
MA,GN,3/10/20,green
MA,GN,3/11/20,green
MA,GN,3/12/20,green
MA,GN,3/13/20,green
MA,GN,3/14/20,green
MA,GN,3/15/20,green
MA,GN,3/16/20,green
MA,GN,3/17/20,green
MA,GN,3/18/20,green
MA,GN,3/19/20,green
MA,GN,3/20/20,green
MA,GN,3/21/20,green
MA,GN,3/22/20,green
MA,GN,3/23/20,red
MA,GN,3/24/20,red
MA,GN,3/25/20,red
MA,GN,3/26/20,red
MA,GN,3/27/20,red
MA,GN,3/28/20,red
MA,GN,3/29/20,red
MA,GN,3/30/20,red
MA,GN,3/31/20,red
MA,GN,4/1/20,red
MA,GN,4/2/20,red
MA,GN,4/3/20,red
MA,GN,4/4/20,red
MA,GN,4/5/20,red
MA,GN,4/6/20,red
MA,GN,4/7/20,red
MA,GN,4/8/20,red
MA,GN,4/9/20,red
MA,GN,4/10/20,red
MA,GN,4/11/20,red
MA,GN,4/12/20,red
MA,GN,4/13/20,red
MA,GN,4/14/20,red
MA,GN,4/15/20,red
MA,GN,4/16/20,red
MA,GN,4/17/20,red
MA,GN,4/18/20,red
MA,GN,4/19/20,red
MA,GN,4/20/20,red
MA,GN,4/21/20,red
MA,GN,4/22/20,red
MA,GN,4/23/20,red
MA,GN,4/24/20,red
MA,GN,4/25/20,red
MA,GN,4/26/20,red
MA,GN,4/27/20,red
MA,GN,4/28/20,red
MA,GN,4/29/20,red
MA,GN,4/30/20,red
MA,GN,5/1/20,red
MA,GN,5/2/20,red
MA,GN,5/3/20,red
MA,GN,5/4/20,red
MA,GN,5/5/20,red
MA,GN,5/6/20,red
MA,GN,5/7/20,red
MA,GN,5/8/20,red
MA,GN,5/9/20,red
MA,GN,5/10/20,red
MA,GN,5/11/20,red
MA,GN,5/12/20,red
MA,GN,5/13/20,red
MA,GN,5/14/20,red
MA,GN,5/15/20,red
MA,GN,5/16/20,red
MA,GN,5/17/20,red
MA,GN,5/18/20,red
MA,GN,5/19/20,red
MA,GN,5/20/20,red
MA,GN,5/21/20,red
MA,GN,5/22/20,red
MA,GN,5/23/20,red
MA,GN,5/24/20,red
MA,GN,5/25/20,red
MA,GN,5/26/20,red
MA,GN,5/27/20,red
MA,GN,5/28/20,red
MA,GN,5/29/20,red
MA,GN,5/30/20,red
MA,GN,5/31/20,red
MA,GN,6/1/20,red
SN,GN,3/8/20,green
SN,GN,3/9/20,green
SN,GN,3/10/20,green
SN,GN,3/11/20,green
SN,GN,3/12/20,green
SN,GN,3/13/20,green
SN,GN,3/14/20,green
SN,GN,3/15/20,green
SN,GN,3/16/20,green
SN,GN,3/17/20,green
SN,GN,3/18/20,green
SN,GN,3/19/20,green
SN,GN,3/20/20,green
SN,GN,3/21/20,green
SN,GN,3/22/20,green
SN,GN,3/23/20,red
SN,GN,3/24/20,red
SN,GN,3/25/20,red
SN,GN,3/26/20,red
SN,GN,3/27/20,red
SN,GN,3/28/20,red
SN,GN,3/29/20,red
SN,GN,3/30/20,red
SN,GN,3/31/20,red
SN,GN,4/1/20,red
SN,GN,4/2/20,red
SN,GN,4/3/20,red
SN,GN,4/4/20,red
SN,GN,4/5/20,red
SN,GN,4/6/20,red
SN,GN,4/7/20,red
SN,GN,4/8/20,red
SN,GN,4/9/20,red
SN,GN,4/10/20,red
SN,GN,4/11/20,red
SN,GN,4/12/20,red
SN,GN,4/13/20,red
SN,GN,4/14/20,red
SN,GN,4/15/20,red
SN,GN,4/16/20,red
SN,GN,4/17/20,red
SN,GN,4/18/20,red
SN,GN,4/19/20,red
SN,GN,4/20/20,red
SN,GN,4/21/20,red
SN,GN,4/22/20,red
SN,GN,4/23/20,red
SN,GN,4/24/20,red
SN,GN,4/25/20,red
SN,GN,4/26/20,red
SN,GN,4/27/20,red
SN,GN,4/28/20,red
SN,GN,4/29/20,red
SN,GN,4/30/20,red
SN,GN,5/1/20,red
SN,GN,5/2/20,red
SN,GN,5/3/20,red
SN,GN,5/4/20,red
SN,GN,5/5/20,red
SN,GN,5/6/20,red
SN,GN,5/7/20,red
SN,GN,5/8/20,red
SN,GN,5/9/20,red
SN,GN,5/10/20,red
SN,GN,5/11/20,red
SN,GN,5/12/20,red
SN,GN,5/13/20,red
SN,GN,5/14/20,red
SN,GN,5/15/20,red
SN,GN,5/16/20,red
SN,GN,5/17/20,red
SN,GN,5/18/20,red
SN,GN,5/19/20,red
SN,GN,5/20/20,red
SN,GN,5/21/20,red
SN,GN,5/22/20,red
SN,GN,5/23/20,red
SN,GN,5/24/20,red
SN,GN,5/25/20,red
SN,GN,5/26/20,red
SN,GN,5/27/20,red
SN,GN,5/28/20,red
SN,GN,5/29/20,red
SN,GN,5/30/20,red
SN,GN,5/31/20,red
SN,GN,6/1/20,red
CI,GW,3/8/20,green
CI,GW,3/9/20,green
CI,GW,3/10/20,green
CI,GW,3/11/20,green
CI,GW,3/12/20,green
CI,GW,3/13/20,green
CI,GW,3/14/20,green
CI,GW,3/15/20,green
CI,GW,3/16/20,green
CI,GW,3/17/20,green
CI,GW,3/18/20,green
CI,GW,3/19/20,green
CI,GW,3/20/20,green
CI,GW,3/21/20,green
CI,GW,3/22/20,green
CI,GW,3/23/20,green
CI,GW,3/24/20,green
CI,GW,3/25/20,green
CI,GW,3/26/20,green
CI,GW,3/27/20,green
CI,GW,3/28/20,green
CI,GW,3/29/20,green
CI,GW,3/30/20,green
CI,GW,3/31/20,green
CI,GW,4/1/20,green
CI,GW,4/2/20,green
CI,GW,4/3/20,green
CI,GW,4/4/20,green
CI,GW,4/5/20,green
CI,GW,4/6/20,green
CI,GW,4/7/20,green
CI,GW,4/8/20,green
CI,GW,4/9/20,green
CI,GW,4/10/20,green
CI,GW,4/11/20,green
CI,GW,4/12/20,green
CI,GW,4/13/20,green
CI,GW,4/14/20,green
CI,GW,4/15/20,green
CI,GW,4/16/20,green
CI,GW,4/17/20,green
CI,GW,4/18/20,green
CI,GW,4/19/20,green
CI,GW,4/20/20,green
CI,GW,4/21/20,green
CI,GW,4/22/20,green
CI,GW,4/23/20,green
CI,GW,4/24/20,green
CI,GW,4/25/20,green
CI,GW,4/26/20,green
CI,GW,4/27/20,red
CI,GW,4/28/20,red
CI,GW,4/29/20,red
CI,GW,4/30/20,red
CI,GW,5/1/20,red
CI,GW,5/2/20,red
CI,GW,5/3/20,red
CI,GW,5/4/20,red
CI,GW,5/5/20,red
CI,GW,5/6/20,red
CI,GW,5/7/20,red
CI,GW,5/8/20,red
CI,GW,5/9/20,red
CI,GW,5/10/20,red
CI,GW,5/11/20,red
CI,GW,5/12/20,red
CI,GW,5/13/20,red
CI,GW,5/14/20,red
CI,GW,5/15/20,red
CI,GW,5/16/20,red
CI,GW,5/17/20,red
CI,GW,5/18/20,red
CI,GW,5/19/20,red
CI,GW,5/20/20,red
CI,GW,5/21/20,red
CI,GW,5/22/20,red
CI,GW,5/23/20,red
CI,GW,5/24/20,red
CI,GW,5/25/20,red
CI,GW,5/26/20,red
CI,GW,5/27/20,red
CI,GW,5/28/20,red
CI,GW,5/29/20,red
CI,GW,5/30/20,red
CI,GW,5/31/20,red
CI,GW,6/1/20,red
DZ,GW,3/8/20,green
DZ,GW,3/9/20,green
DZ,GW,3/10/20,green
DZ,GW,3/11/20,green
DZ,GW,3/12/20,green
DZ,GW,3/13/20,green
DZ,GW,3/14/20,green
DZ,GW,3/15/20,green
DZ,GW,3/16/20,green
DZ,GW,3/17/20,green
DZ,GW,3/18/20,green
DZ,GW,3/19/20,green
DZ,GW,3/20/20,green
DZ,GW,3/21/20,green
DZ,GW,3/22/20,green
DZ,GW,3/23/20,green
DZ,GW,3/24/20,green
DZ,GW,3/25/20,green
DZ,GW,3/26/20,green
DZ,GW,3/27/20,green
DZ,GW,3/28/20,green
DZ,GW,3/29/20,green
DZ,GW,3/30/20,green
DZ,GW,3/31/20,green
DZ,GW,4/1/20,green
DZ,GW,4/2/20,green
DZ,GW,4/3/20,green
DZ,GW,4/4/20,green
DZ,GW,4/5/20,green
DZ,GW,4/6/20,green
DZ,GW,4/7/20,green
DZ,GW,4/8/20,green
DZ,GW,4/9/20,green
DZ,GW,4/10/20,green
DZ,GW,4/11/20,green
DZ,GW,4/12/20,green
DZ,GW,4/13/20,green
DZ,GW,4/14/20,green
DZ,GW,4/15/20,green
DZ,GW,4/16/20,green
DZ,GW,4/17/20,green
DZ,GW,4/18/20,green
DZ,GW,4/19/20,green
DZ,GW,4/20/20,green
DZ,GW,4/21/20,green
DZ,GW,4/22/20,green
DZ,GW,4/23/20,green
DZ,GW,4/24/20,green
DZ,GW,4/25/20,green
DZ,GW,4/26/20,green
DZ,GW,4/27/20,red
DZ,GW,4/28/20,red
DZ,GW,4/29/20,red
DZ,GW,4/30/20,red
DZ,GW,5/1/20,red
DZ,GW,5/2/20,red
DZ,GW,5/3/20,red
DZ,GW,5/4/20,red
DZ,GW,5/5/20,red
DZ,GW,5/6/20,red
DZ,GW,5/7/20,red
DZ,GW,5/8/20,red
DZ,GW,5/9/20,red
DZ,GW,5/10/20,red
DZ,GW,5/11/20,red
DZ,GW,5/12/20,red
DZ,GW,5/13/20,red
DZ,GW,5/14/20,red
DZ,GW,5/15/20,red
DZ,GW,5/16/20,red
DZ,GW,5/17/20,red
DZ,GW,5/18/20,red
DZ,GW,5/19/20,red
DZ,GW,5/20/20,red
DZ,GW,5/21/20,red
DZ,GW,5/22/20,red
DZ,GW,5/23/20,red
DZ,GW,5/24/20,red
DZ,GW,5/25/20,red
DZ,GW,5/26/20,red
DZ,GW,5/27/20,red
DZ,GW,5/28/20,red
DZ,GW,5/29/20,red
DZ,GW,5/30/20,red
DZ,GW,5/31/20,red
DZ,GW,6/1/20,red
MA,GW,3/8/20,green
MA,GW,3/9/20,green
MA,GW,3/10/20,green
MA,GW,3/11/20,green
MA,GW,3/12/20,green
MA,GW,3/13/20,green
MA,GW,3/14/20,green
MA,GW,3/15/20,green
MA,GW,3/16/20,green
MA,GW,3/17/20,green
MA,GW,3/18/20,green
MA,GW,3/19/20,green
MA,GW,3/20/20,green
MA,GW,3/21/20,green
MA,GW,3/22/20,green
MA,GW,3/23/20,green
MA,GW,3/24/20,green
MA,GW,3/25/20,green
MA,GW,3/26/20,green
MA,GW,3/27/20,green
MA,GW,3/28/20,green
MA,GW,3/29/20,green
MA,GW,3/30/20,green
MA,GW,3/31/20,green
MA,GW,4/1/20,green
MA,GW,4/2/20,green
MA,GW,4/3/20,green
MA,GW,4/4/20,green
MA,GW,4/5/20,green
MA,GW,4/6/20,green
MA,GW,4/7/20,green
MA,GW,4/8/20,green
MA,GW,4/9/20,green
MA,GW,4/10/20,green
MA,GW,4/11/20,green
MA,GW,4/12/20,green
MA,GW,4/13/20,green
MA,GW,4/14/20,green
MA,GW,4/15/20,green
MA,GW,4/16/20,green
MA,GW,4/17/20,green
MA,GW,4/18/20,green
MA,GW,4/19/20,green
MA,GW,4/20/20,green
MA,GW,4/21/20,green
MA,GW,4/22/20,green
MA,GW,4/23/20,green
MA,GW,4/24/20,green
MA,GW,4/25/20,green
MA,GW,4/26/20,green
MA,GW,4/27/20,red
MA,GW,4/28/20,red
MA,GW,4/29/20,red
MA,GW,4/30/20,red
MA,GW,5/1/20,red
MA,GW,5/2/20,red
MA,GW,5/3/20,red
MA,GW,5/4/20,red
MA,GW,5/5/20,red
MA,GW,5/6/20,red
MA,GW,5/7/20,red
MA,GW,5/8/20,red
MA,GW,5/9/20,red
MA,GW,5/10/20,red
MA,GW,5/11/20,red
MA,GW,5/12/20,red
MA,GW,5/13/20,red
MA,GW,5/14/20,red
MA,GW,5/15/20,red
MA,GW,5/16/20,red
MA,GW,5/17/20,red
MA,GW,5/18/20,red
MA,GW,5/19/20,red
MA,GW,5/20/20,red
MA,GW,5/21/20,red
MA,GW,5/22/20,red
MA,GW,5/23/20,red
MA,GW,5/24/20,red
MA,GW,5/25/20,red
MA,GW,5/26/20,red
MA,GW,5/27/20,red
MA,GW,5/28/20,red
MA,GW,5/29/20,red
MA,GW,5/30/20,red
MA,GW,5/31/20,red
MA,GW,6/1/20,red
SN,GW,3/8/20,green
SN,GW,3/9/20,green
SN,GW,3/10/20,green
SN,GW,3/11/20,green
SN,GW,3/12/20,green
SN,GW,3/13/20,green
SN,GW,3/14/20,green
SN,GW,3/15/20,green
SN,GW,3/16/20,green
SN,GW,3/17/20,green
SN,GW,3/18/20,green
SN,GW,3/19/20,green
SN,GW,3/20/20,green
SN,GW,3/21/20,green
SN,GW,3/22/20,green
SN,GW,3/23/20,green
SN,GW,3/24/20,green
SN,GW,3/25/20,green
SN,GW,3/26/20,green
SN,GW,3/27/20,green
SN,GW,3/28/20,green
SN,GW,3/29/20,green
SN,GW,3/30/20,green
SN,GW,3/31/20,green
SN,GW,4/1/20,green
SN,GW,4/2/20,green
SN,GW,4/3/20,green
SN,GW,4/4/20,green
SN,GW,4/5/20,green
SN,GW,4/6/20,green
SN,GW,4/7/20,green
SN,GW,4/8/20,green
SN,GW,4/9/20,green
SN,GW,4/10/20,green
SN,GW,4/11/20,green
SN,GW,4/12/20,green
SN,GW,4/13/20,green
SN,GW,4/14/20,green
SN,GW,4/15/20,green
SN,GW,4/16/20,green
SN,GW,4/17/20,green
SN,GW,4/18/20,green
SN,GW,4/19/20,green
SN,GW,4/20/20,green
SN,GW,4/21/20,green
SN,GW,4/22/20,green
SN,GW,4/23/20,green
SN,GW,4/24/20,green
SN,GW,4/25/20,green
SN,GW,4/26/20,green
SN,GW,4/27/20,red
SN,GW,4/28/20,red
SN,GW,4/29/20,red
SN,GW,4/30/20,red
SN,GW,5/1/20,red
SN,GW,5/2/20,red
SN,GW,5/3/20,red
SN,GW,5/4/20,red
SN,GW,5/5/20,red
SN,GW,5/6/20,red
SN,GW,5/7/20,red
SN,GW,5/8/20,red
SN,GW,5/9/20,red
SN,GW,5/10/20,red
SN,GW,5/11/20,red
SN,GW,5/12/20,red
SN,GW,5/13/20,red
SN,GW,5/14/20,red
SN,GW,5/15/20,red
SN,GW,5/16/20,red
SN,GW,5/17/20,red
SN,GW,5/18/20,red
SN,GW,5/19/20,red
SN,GW,5/20/20,red
SN,GW,5/21/20,red
SN,GW,5/22/20,red
SN,GW,5/23/20,red
SN,GW,5/24/20,red
SN,GW,5/25/20,red
SN,GW,5/26/20,red
SN,GW,5/27/20,red
SN,GW,5/28/20,red
SN,GW,5/29/20,red
SN,GW,5/30/20,red
SN,GW,5/31/20,red
SN,GW,6/1/20,red
CI,IT,3/8/20,green
CI,IT,3/9/20,green
CI,IT,3/10/20,red
CI,IT,3/11/20,red
CI,IT,3/12/20,red
CI,IT,3/13/20,red
CI,IT,3/14/20,red
CI,IT,3/15/20,red
CI,IT,3/16/20,red
CI,IT,3/17/20,red
CI,IT,3/18/20,red
CI,IT,3/19/20,red
CI,IT,3/20/20,red
CI,IT,3/21/20,red
CI,IT,3/22/20,red
CI,IT,3/23/20,red
CI,IT,3/24/20,red
CI,IT,3/25/20,red
CI,IT,3/26/20,red
CI,IT,3/27/20,red
CI,IT,3/28/20,red
CI,IT,3/29/20,red
CI,IT,3/30/20,red
CI,IT,3/31/20,red
CI,IT,4/1/20,red
CI,IT,4/2/20,red
CI,IT,4/3/20,red
CI,IT,4/4/20,red
CI,IT,4/5/20,red
CI,IT,4/6/20,red
CI,IT,4/7/20,red
CI,IT,4/8/20,red
CI,IT,4/9/20,red
CI,IT,4/10/20,red
CI,IT,4/11/20,red
CI,IT,4/12/20,red
CI,IT,4/13/20,red
CI,IT,4/14/20,red
CI,IT,4/15/20,red
CI,IT,4/16/20,red
CI,IT,4/17/20,red
CI,IT,4/18/20,red
CI,IT,4/19/20,red
CI,IT,4/20/20,red
CI,IT,4/21/20,red
CI,IT,4/22/20,red
CI,IT,4/23/20,red
CI,IT,4/24/20,red
CI,IT,4/25/20,red
CI,IT,4/26/20,red
CI,IT,4/27/20,red
CI,IT,4/28/20,red
CI,IT,4/29/20,red
CI,IT,4/30/20,red
CI,IT,5/1/20,red
CI,IT,5/2/20,red
CI,IT,5/3/20,red
CI,IT,5/4/20,red
CI,IT,5/5/20,red
CI,IT,5/6/20,red
CI,IT,5/7/20,red
CI,IT,5/8/20,red
CI,IT,5/9/20,red
CI,IT,5/10/20,red
CI,IT,5/11/20,red
CI,IT,5/12/20,red
CI,IT,5/13/20,red
CI,IT,5/14/20,red
CI,IT,5/15/20,red
CI,IT,5/16/20,red
CI,IT,5/17/20,red
CI,IT,5/18/20,red
CI,IT,5/19/20,red
CI,IT,5/20/20,red
CI,IT,5/21/20,red
CI,IT,5/22/20,red
CI,IT,5/23/20,red
CI,IT,5/24/20,red
CI,IT,5/25/20,red
CI,IT,5/26/20,red
CI,IT,5/27/20,red
CI,IT,5/28/20,red
CI,IT,5/29/20,red
CI,IT,5/30/20,red
CI,IT,5/31/20,red
CI,IT,6/1/20,red
DZ,IT,3/8/20,green
DZ,IT,3/9/20,green
DZ,IT,3/10/20,red
DZ,IT,3/11/20,red
DZ,IT,3/12/20,red
DZ,IT,3/13/20,red
DZ,IT,3/14/20,red
DZ,IT,3/15/20,red
DZ,IT,3/16/20,red
DZ,IT,3/17/20,red
DZ,IT,3/18/20,red
DZ,IT,3/19/20,red
DZ,IT,3/20/20,red
DZ,IT,3/21/20,red
DZ,IT,3/22/20,red
DZ,IT,3/23/20,red
DZ,IT,3/24/20,red
DZ,IT,3/25/20,red
DZ,IT,3/26/20,red
DZ,IT,3/27/20,red
DZ,IT,3/28/20,red
DZ,IT,3/29/20,red
DZ,IT,3/30/20,red
DZ,IT,3/31/20,red
DZ,IT,4/1/20,red
DZ,IT,4/2/20,red
DZ,IT,4/3/20,red
DZ,IT,4/4/20,red
DZ,IT,4/5/20,red
DZ,IT,4/6/20,red
DZ,IT,4/7/20,red
DZ,IT,4/8/20,red
DZ,IT,4/9/20,red
DZ,IT,4/10/20,red
DZ,IT,4/11/20,red
DZ,IT,4/12/20,red
DZ,IT,4/13/20,red
DZ,IT,4/14/20,red
DZ,IT,4/15/20,red
DZ,IT,4/16/20,red
DZ,IT,4/17/20,red
DZ,IT,4/18/20,red
DZ,IT,4/19/20,red
DZ,IT,4/20/20,red
DZ,IT,4/21/20,red
DZ,IT,4/22/20,red
DZ,IT,4/23/20,red
DZ,IT,4/24/20,red
DZ,IT,4/25/20,red
DZ,IT,4/26/20,red
DZ,IT,4/27/20,red
DZ,IT,4/28/20,red
DZ,IT,4/29/20,red
DZ,IT,4/30/20,red
DZ,IT,5/1/20,red
DZ,IT,5/2/20,red
DZ,IT,5/3/20,red
DZ,IT,5/4/20,red
DZ,IT,5/5/20,red
DZ,IT,5/6/20,red
DZ,IT,5/7/20,red
DZ,IT,5/8/20,red
DZ,IT,5/9/20,red
DZ,IT,5/10/20,red
DZ,IT,5/11/20,red
DZ,IT,5/12/20,red
DZ,IT,5/13/20,red
DZ,IT,5/14/20,red
DZ,IT,5/15/20,red
DZ,IT,5/16/20,red
DZ,IT,5/17/20,red
DZ,IT,5/18/20,red
DZ,IT,5/19/20,red
DZ,IT,5/20/20,red
DZ,IT,5/21/20,red
DZ,IT,5/22/20,red
DZ,IT,5/23/20,red
DZ,IT,5/24/20,red
DZ,IT,5/25/20,red
DZ,IT,5/26/20,red
DZ,IT,5/27/20,red
DZ,IT,5/28/20,red
DZ,IT,5/29/20,red
DZ,IT,5/30/20,red
DZ,IT,5/31/20,red
DZ,IT,6/1/20,red
MA,IT,3/8/20,green
MA,IT,3/9/20,green
MA,IT,3/10/20,red
MA,IT,3/11/20,red
MA,IT,3/12/20,red
MA,IT,3/13/20,red
MA,IT,3/14/20,red
MA,IT,3/15/20,red
MA,IT,3/16/20,red
MA,IT,3/17/20,red
MA,IT,3/18/20,red
MA,IT,3/19/20,red
MA,IT,3/20/20,red
MA,IT,3/21/20,red
MA,IT,3/22/20,red
MA,IT,3/23/20,red
MA,IT,3/24/20,red
MA,IT,3/25/20,red
MA,IT,3/26/20,red
MA,IT,3/27/20,red
MA,IT,3/28/20,red
MA,IT,3/29/20,red
MA,IT,3/30/20,red
MA,IT,3/31/20,red
MA,IT,4/1/20,red
MA,IT,4/2/20,red
MA,IT,4/3/20,red
MA,IT,4/4/20,red
MA,IT,4/5/20,red
MA,IT,4/6/20,red
MA,IT,4/7/20,red
MA,IT,4/8/20,red
MA,IT,4/9/20,red
MA,IT,4/10/20,red
MA,IT,4/11/20,red
MA,IT,4/12/20,red
MA,IT,4/13/20,red
MA,IT,4/14/20,red
MA,IT,4/15/20,red
MA,IT,4/16/20,red
MA,IT,4/17/20,red
MA,IT,4/18/20,red
MA,IT,4/19/20,red
MA,IT,4/20/20,red
MA,IT,4/21/20,red
MA,IT,4/22/20,red
MA,IT,4/23/20,red
MA,IT,4/24/20,red
MA,IT,4/25/20,red
MA,IT,4/26/20,red
MA,IT,4/27/20,red
MA,IT,4/28/20,red
MA,IT,4/29/20,red
MA,IT,4/30/20,red
MA,IT,5/1/20,red
MA,IT,5/2/20,red
MA,IT,5/3/20,red
MA,IT,5/4/20,red
MA,IT,5/5/20,red
MA,IT,5/6/20,red
MA,IT,5/7/20,red
MA,IT,5/8/20,red
MA,IT,5/9/20,red
MA,IT,5/10/20,red
MA,IT,5/11/20,red
MA,IT,5/12/20,red
MA,IT,5/13/20,red
MA,IT,5/14/20,red
MA,IT,5/15/20,red
MA,IT,5/16/20,red
MA,IT,5/17/20,red
MA,IT,5/18/20,red
MA,IT,5/19/20,red
MA,IT,5/20/20,red
MA,IT,5/21/20,red
MA,IT,5/22/20,red
MA,IT,5/23/20,red
MA,IT,5/24/20,red
MA,IT,5/25/20,red
MA,IT,5/26/20,red
MA,IT,5/27/20,red
MA,IT,5/28/20,red
MA,IT,5/29/20,red
MA,IT,5/30/20,red
MA,IT,5/31/20,red
MA,IT,6/1/20,red
SN,IT,3/8/20,green
SN,IT,3/9/20,green
SN,IT,3/10/20,red
SN,IT,3/11/20,red
SN,IT,3/12/20,red
SN,IT,3/13/20,red
SN,IT,3/14/20,red
SN,IT,3/15/20,red
SN,IT,3/16/20,red
SN,IT,3/17/20,red
SN,IT,3/18/20,red
SN,IT,3/19/20,red
SN,IT,3/20/20,red
SN,IT,3/21/20,red
SN,IT,3/22/20,red
SN,IT,3/23/20,red
SN,IT,3/24/20,red
SN,IT,3/25/20,red
SN,IT,3/26/20,red
SN,IT,3/27/20,red
SN,IT,3/28/20,red
SN,IT,3/29/20,red
SN,IT,3/30/20,red
SN,IT,3/31/20,red
SN,IT,4/1/20,red
SN,IT,4/2/20,red
SN,IT,4/3/20,red
SN,IT,4/4/20,red
SN,IT,4/5/20,red
SN,IT,4/6/20,red
SN,IT,4/7/20,red
SN,IT,4/8/20,red
SN,IT,4/9/20,red
SN,IT,4/10/20,red
SN,IT,4/11/20,red
SN,IT,4/12/20,red
SN,IT,4/13/20,red
SN,IT,4/14/20,red
SN,IT,4/15/20,red
SN,IT,4/16/20,red
SN,IT,4/17/20,red
SN,IT,4/18/20,red
SN,IT,4/19/20,red
SN,IT,4/20/20,red
SN,IT,4/21/20,red
SN,IT,4/22/20,red
SN,IT,4/23/20,red
SN,IT,4/24/20,red
SN,IT,4/25/20,red
SN,IT,4/26/20,red
SN,IT,4/27/20,red
SN,IT,4/28/20,red
SN,IT,4/29/20,red
SN,IT,4/30/20,red
SN,IT,5/1/20,red
SN,IT,5/2/20,red
SN,IT,5/3/20,red
SN,IT,5/4/20,red
SN,IT,5/5/20,red
SN,IT,5/6/20,red
SN,IT,5/7/20,red
SN,IT,5/8/20,red
SN,IT,5/9/20,red
SN,IT,5/10/20,red
SN,IT,5/11/20,red
SN,IT,5/12/20,red
SN,IT,5/13/20,red
SN,IT,5/14/20,red
SN,IT,5/15/20,red
SN,IT,5/16/20,red
SN,IT,5/17/20,red
SN,IT,5/18/20,red
SN,IT,5/19/20,red
SN,IT,5/20/20,red
SN,IT,5/21/20,red
SN,IT,5/22/20,red
SN,IT,5/23/20,red
SN,IT,5/24/20,red
SN,IT,5/25/20,red
SN,IT,5/26/20,red
SN,IT,5/27/20,red
SN,IT,5/28/20,red
SN,IT,5/29/20,red
SN,IT,5/30/20,red
SN,IT,5/31/20,red
SN,IT,6/1/20,red
CI,MA,3/8/20,green
CI,MA,3/9/20,green
CI,MA,3/10/20,green
CI,MA,3/11/20,green
CI,MA,3/12/20,green
CI,MA,3/13/20,green
CI,MA,3/14/20,green
CI,MA,3/15/20,green
CI,MA,3/16/20,green
CI,MA,3/17/20,green
CI,MA,3/18/20,green
CI,MA,3/19/20,green
CI,MA,3/20/20,green
CI,MA,3/21/20,green
CI,MA,3/22/20,green
CI,MA,3/23/20,green
CI,MA,3/24/20,green
CI,MA,3/25/20,green
CI,MA,3/26/20,green
CI,MA,3/27/20,green
CI,MA,3/28/20,green
CI,MA,3/29/20,green
CI,MA,3/30/20,green
CI,MA,3/31/20,red
CI,MA,4/1/20,red
CI,MA,4/2/20,red
CI,MA,4/3/20,red
CI,MA,4/4/20,red
CI,MA,4/5/20,red
CI,MA,4/6/20,red
CI,MA,4/7/20,red
CI,MA,4/8/20,red
CI,MA,4/9/20,red
CI,MA,4/10/20,red
CI,MA,4/11/20,red
CI,MA,4/12/20,red
CI,MA,4/13/20,red
CI,MA,4/14/20,red
CI,MA,4/15/20,red
CI,MA,4/16/20,red
CI,MA,4/17/20,red
CI,MA,4/18/20,red
CI,MA,4/19/20,red
CI,MA,4/20/20,red
CI,MA,4/21/20,red
CI,MA,4/22/20,red
CI,MA,4/23/20,red
CI,MA,4/24/20,red
CI,MA,4/25/20,red
CI,MA,4/26/20,red
CI,MA,4/27/20,red
CI,MA,4/28/20,red
CI,MA,4/29/20,red
CI,MA,4/30/20,red
CI,MA,5/1/20,red
CI,MA,5/2/20,red
CI,MA,5/3/20,red
CI,MA,5/4/20,red
CI,MA,5/5/20,red
CI,MA,5/6/20,red
CI,MA,5/7/20,red
CI,MA,5/8/20,red
CI,MA,5/9/20,red
CI,MA,5/10/20,red
CI,MA,5/11/20,red
CI,MA,5/12/20,red
CI,MA,5/13/20,red
CI,MA,5/14/20,red
CI,MA,5/15/20,red
CI,MA,5/16/20,red
CI,MA,5/17/20,red
CI,MA,5/18/20,red
CI,MA,5/19/20,red
CI,MA,5/20/20,red
CI,MA,5/21/20,red
CI,MA,5/22/20,red
CI,MA,5/23/20,red
CI,MA,5/24/20,red
CI,MA,5/25/20,red
CI,MA,5/26/20,red
CI,MA,5/27/20,red
CI,MA,5/28/20,red
CI,MA,5/29/20,red
CI,MA,5/30/20,red
CI,MA,5/31/20,red
CI,MA,6/1/20,red
DZ,MA,3/8/20,green
DZ,MA,3/9/20,green
DZ,MA,3/10/20,green
DZ,MA,3/11/20,green
DZ,MA,3/12/20,green
DZ,MA,3/13/20,green
DZ,MA,3/14/20,green
DZ,MA,3/15/20,green
DZ,MA,3/16/20,green
DZ,MA,3/17/20,green
DZ,MA,3/18/20,green
DZ,MA,3/19/20,green
DZ,MA,3/20/20,green
DZ,MA,3/21/20,green
DZ,MA,3/22/20,green
DZ,MA,3/23/20,green
DZ,MA,3/24/20,green
DZ,MA,3/25/20,green
DZ,MA,3/26/20,green
DZ,MA,3/27/20,green
DZ,MA,3/28/20,green
DZ,MA,3/29/20,green
DZ,MA,3/30/20,green
DZ,MA,3/31/20,red
DZ,MA,4/1/20,red
DZ,MA,4/2/20,red
DZ,MA,4/3/20,red
DZ,MA,4/4/20,red
DZ,MA,4/5/20,red
DZ,MA,4/6/20,red
DZ,MA,4/7/20,red
DZ,MA,4/8/20,red
DZ,MA,4/9/20,red
DZ,MA,4/10/20,red
DZ,MA,4/11/20,red
DZ,MA,4/12/20,red
DZ,MA,4/13/20,red
DZ,MA,4/14/20,red
DZ,MA,4/15/20,red
DZ,MA,4/16/20,red
DZ,MA,4/17/20,red
DZ,MA,4/18/20,red
DZ,MA,4/19/20,red
DZ,MA,4/20/20,red
DZ,MA,4/21/20,red
DZ,MA,4/22/20,red
DZ,MA,4/23/20,red
DZ,MA,4/24/20,red
DZ,MA,4/25/20,red
DZ,MA,4/26/20,red
DZ,MA,4/27/20,red
DZ,MA,4/28/20,red
DZ,MA,4/29/20,red
DZ,MA,4/30/20,red
DZ,MA,5/1/20,red
DZ,MA,5/2/20,red
DZ,MA,5/3/20,red
DZ,MA,5/4/20,red
DZ,MA,5/5/20,red
DZ,MA,5/6/20,red
DZ,MA,5/7/20,red
DZ,MA,5/8/20,red
DZ,MA,5/9/20,red
DZ,MA,5/10/20,red
DZ,MA,5/11/20,red
DZ,MA,5/12/20,red
DZ,MA,5/13/20,red
DZ,MA,5/14/20,red
DZ,MA,5/15/20,red
DZ,MA,5/16/20,red
DZ,MA,5/17/20,red
DZ,MA,5/18/20,red
DZ,MA,5/19/20,red
DZ,MA,5/20/20,red
DZ,MA,5/21/20,red
DZ,MA,5/22/20,red
DZ,MA,5/23/20,red
DZ,MA,5/24/20,red
DZ,MA,5/25/20,red
DZ,MA,5/26/20,red
DZ,MA,5/27/20,red
DZ,MA,5/28/20,red
DZ,MA,5/29/20,red
DZ,MA,5/30/20,red
DZ,MA,5/31/20,red
DZ,MA,6/1/20,red
SN,MA,3/8/20,green
SN,MA,3/9/20,green
SN,MA,3/10/20,green
SN,MA,3/11/20,green
SN,MA,3/12/20,green
SN,MA,3/13/20,green
SN,MA,3/14/20,green
SN,MA,3/15/20,green
SN,MA,3/16/20,green
SN,MA,3/17/20,green
SN,MA,3/18/20,green
SN,MA,3/19/20,green
SN,MA,3/20/20,green
SN,MA,3/21/20,green
SN,MA,3/22/20,green
SN,MA,3/23/20,green
SN,MA,3/24/20,green
SN,MA,3/25/20,green
SN,MA,3/26/20,green
SN,MA,3/27/20,green
SN,MA,3/28/20,green
SN,MA,3/29/20,green
SN,MA,3/30/20,green
SN,MA,3/31/20,red
SN,MA,4/1/20,red
SN,MA,4/2/20,red
SN,MA,4/3/20,red
SN,MA,4/4/20,red
SN,MA,4/5/20,red
SN,MA,4/6/20,red
SN,MA,4/7/20,red
SN,MA,4/8/20,red
SN,MA,4/9/20,red
SN,MA,4/10/20,red
SN,MA,4/11/20,red
SN,MA,4/12/20,red
SN,MA,4/13/20,red
SN,MA,4/14/20,red
SN,MA,4/15/20,red
SN,MA,4/16/20,red
SN,MA,4/17/20,red
SN,MA,4/18/20,red
SN,MA,4/19/20,red
SN,MA,4/20/20,red
SN,MA,4/21/20,red
SN,MA,4/22/20,red
SN,MA,4/23/20,red
SN,MA,4/24/20,red
SN,MA,4/25/20,red
SN,MA,4/26/20,red
SN,MA,4/27/20,red
SN,MA,4/28/20,red
SN,MA,4/29/20,red
SN,MA,4/30/20,red
SN,MA,5/1/20,red
SN,MA,5/2/20,red
SN,MA,5/3/20,red
SN,MA,5/4/20,red
SN,MA,5/5/20,red
SN,MA,5/6/20,red
SN,MA,5/7/20,red
SN,MA,5/8/20,red
SN,MA,5/9/20,red
SN,MA,5/10/20,red
SN,MA,5/11/20,red
SN,MA,5/12/20,red
SN,MA,5/13/20,red
SN,MA,5/14/20,red
SN,MA,5/15/20,red
SN,MA,5/16/20,red
SN,MA,5/17/20,red
SN,MA,5/18/20,red
SN,MA,5/19/20,red
SN,MA,5/20/20,red
SN,MA,5/21/20,red
SN,MA,5/22/20,red
SN,MA,5/23/20,red
SN,MA,5/24/20,red
SN,MA,5/25/20,red
SN,MA,5/26/20,red
SN,MA,5/27/20,red
SN,MA,5/28/20,red
SN,MA,5/29/20,red
SN,MA,5/30/20,red
SN,MA,5/31/20,red
SN,MA,6/1/20,red
CI,ML,3/8/20,green
CI,ML,3/9/20,green
CI,ML,3/10/20,green
CI,ML,3/11/20,green
CI,ML,3/12/20,green
CI,ML,3/13/20,green
CI,ML,3/14/20,green
CI,ML,3/15/20,green
CI,ML,3/16/20,green
CI,ML,3/17/20,green
CI,ML,3/18/20,green
CI,ML,3/19/20,green
CI,ML,3/20/20,green
CI,ML,3/21/20,green
CI,ML,3/22/20,green
CI,ML,3/23/20,green
CI,ML,3/24/20,green
CI,ML,3/25/20,green
CI,ML,3/26/20,green
CI,ML,3/27/20,green
CI,ML,3/28/20,green
CI,ML,3/29/20,green
CI,ML,3/30/20,green
CI,ML,3/31/20,green
CI,ML,4/1/20,green
CI,ML,4/2/20,green
CI,ML,4/3/20,green
CI,ML,4/4/20,green
CI,ML,4/5/20,green
CI,ML,4/6/20,green
CI,ML,4/7/20,green
CI,ML,4/8/20,green
CI,ML,4/9/20,green
CI,ML,4/10/20,green
CI,ML,4/11/20,green
CI,ML,4/12/20,green
CI,ML,4/13/20,green
CI,ML,4/14/20,green
CI,ML,4/15/20,green
CI,ML,4/16/20,green
CI,ML,4/17/20,green
CI,ML,4/18/20,green
CI,ML,4/19/20,green
CI,ML,4/20/20,green
CI,ML,4/21/20,green
CI,ML,4/22/20,green
CI,ML,4/23/20,red
CI,ML,4/24/20,red
CI,ML,4/25/20,red
CI,ML,4/26/20,red
CI,ML,4/27/20,red
CI,ML,4/28/20,red
CI,ML,4/29/20,red
CI,ML,4/30/20,red
CI,ML,5/1/20,red
CI,ML,5/2/20,red
CI,ML,5/3/20,red
CI,ML,5/4/20,red
CI,ML,5/5/20,red
CI,ML,5/6/20,red
CI,ML,5/7/20,red
CI,ML,5/8/20,red
CI,ML,5/9/20,red
CI,ML,5/10/20,red
CI,ML,5/11/20,red
CI,ML,5/12/20,red
CI,ML,5/13/20,red
CI,ML,5/14/20,red
CI,ML,5/15/20,red
CI,ML,5/16/20,red
CI,ML,5/17/20,red
CI,ML,5/18/20,red
CI,ML,5/19/20,red
CI,ML,5/20/20,red
CI,ML,5/21/20,red
CI,ML,5/22/20,red
CI,ML,5/23/20,red
CI,ML,5/24/20,red
CI,ML,5/25/20,red
CI,ML,5/26/20,red
CI,ML,5/27/20,red
CI,ML,5/28/20,red
CI,ML,5/29/20,red
CI,ML,5/30/20,red
CI,ML,5/31/20,red
CI,ML,6/1/20,red
DZ,ML,3/8/20,green
DZ,ML,3/9/20,green
DZ,ML,3/10/20,green
DZ,ML,3/11/20,green
DZ,ML,3/12/20,green
DZ,ML,3/13/20,green
DZ,ML,3/14/20,green
DZ,ML,3/15/20,green
DZ,ML,3/16/20,green
DZ,ML,3/17/20,green
DZ,ML,3/18/20,green
DZ,ML,3/19/20,green
DZ,ML,3/20/20,green
DZ,ML,3/21/20,green
DZ,ML,3/22/20,green
DZ,ML,3/23/20,green
DZ,ML,3/24/20,green
DZ,ML,3/25/20,green
DZ,ML,3/26/20,green
DZ,ML,3/27/20,green
DZ,ML,3/28/20,green
DZ,ML,3/29/20,green
DZ,ML,3/30/20,green
DZ,ML,3/31/20,green
DZ,ML,4/1/20,green
DZ,ML,4/2/20,green
DZ,ML,4/3/20,green
DZ,ML,4/4/20,green
DZ,ML,4/5/20,green
DZ,ML,4/6/20,green
DZ,ML,4/7/20,green
DZ,ML,4/8/20,green
DZ,ML,4/9/20,green
DZ,ML,4/10/20,green
DZ,ML,4/11/20,green
DZ,ML,4/12/20,green
DZ,ML,4/13/20,green
DZ,ML,4/14/20,green
DZ,ML,4/15/20,green
DZ,ML,4/16/20,green
DZ,ML,4/17/20,green
DZ,ML,4/18/20,green
DZ,ML,4/19/20,green
DZ,ML,4/20/20,green
DZ,ML,4/21/20,green
DZ,ML,4/22/20,green
DZ,ML,4/23/20,red
DZ,ML,4/24/20,red
DZ,ML,4/25/20,red
DZ,ML,4/26/20,red
DZ,ML,4/27/20,red
DZ,ML,4/28/20,red
DZ,ML,4/29/20,red
DZ,ML,4/30/20,red
DZ,ML,5/1/20,red
DZ,ML,5/2/20,red
DZ,ML,5/3/20,red
DZ,ML,5/4/20,red
DZ,ML,5/5/20,red
DZ,ML,5/6/20,red
DZ,ML,5/7/20,red
DZ,ML,5/8/20,red
DZ,ML,5/9/20,red
DZ,ML,5/10/20,red
DZ,ML,5/11/20,red
DZ,ML,5/12/20,red
DZ,ML,5/13/20,red
DZ,ML,5/14/20,red
DZ,ML,5/15/20,red
DZ,ML,5/16/20,red
DZ,ML,5/17/20,red
DZ,ML,5/18/20,red
DZ,ML,5/19/20,red
DZ,ML,5/20/20,red
DZ,ML,5/21/20,red
DZ,ML,5/22/20,red
DZ,ML,5/23/20,red
DZ,ML,5/24/20,red
DZ,ML,5/25/20,red
DZ,ML,5/26/20,red
DZ,ML,5/27/20,red
DZ,ML,5/28/20,red
DZ,ML,5/29/20,red
DZ,ML,5/30/20,red
DZ,ML,5/31/20,red
DZ,ML,6/1/20,red
MA,ML,3/8/20,green
MA,ML,3/9/20,green
MA,ML,3/10/20,green
MA,ML,3/11/20,green
MA,ML,3/12/20,green
MA,ML,3/13/20,green
MA,ML,3/14/20,green
MA,ML,3/15/20,green
MA,ML,3/16/20,green
MA,ML,3/17/20,green
MA,ML,3/18/20,green
MA,ML,3/19/20,green
MA,ML,3/20/20,green
MA,ML,3/21/20,green
MA,ML,3/22/20,green
MA,ML,3/23/20,green
MA,ML,3/24/20,green
MA,ML,3/25/20,green
MA,ML,3/26/20,green
MA,ML,3/27/20,green
MA,ML,3/28/20,green
MA,ML,3/29/20,green
MA,ML,3/30/20,green
MA,ML,3/31/20,green
MA,ML,4/1/20,green
MA,ML,4/2/20,green
MA,ML,4/3/20,green
MA,ML,4/4/20,green
MA,ML,4/5/20,green
MA,ML,4/6/20,green
MA,ML,4/7/20,green
MA,ML,4/8/20,green
MA,ML,4/9/20,green
MA,ML,4/10/20,green
MA,ML,4/11/20,green
MA,ML,4/12/20,green
MA,ML,4/13/20,green
MA,ML,4/14/20,green
MA,ML,4/15/20,green
MA,ML,4/16/20,green
MA,ML,4/17/20,green
MA,ML,4/18/20,green
MA,ML,4/19/20,green
MA,ML,4/20/20,green
MA,ML,4/21/20,green
MA,ML,4/22/20,green
MA,ML,4/23/20,red
MA,ML,4/24/20,red
MA,ML,4/25/20,red
MA,ML,4/26/20,red
MA,ML,4/27/20,red
MA,ML,4/28/20,red
MA,ML,4/29/20,red
MA,ML,4/30/20,red
MA,ML,5/1/20,red
MA,ML,5/2/20,red
MA,ML,5/3/20,red
MA,ML,5/4/20,red
MA,ML,5/5/20,red
MA,ML,5/6/20,red
MA,ML,5/7/20,red
MA,ML,5/8/20,red
MA,ML,5/9/20,red
MA,ML,5/10/20,red
MA,ML,5/11/20,red
MA,ML,5/12/20,red
MA,ML,5/13/20,red
MA,ML,5/14/20,red
MA,ML,5/15/20,red
MA,ML,5/16/20,red
MA,ML,5/17/20,red
MA,ML,5/18/20,red
MA,ML,5/19/20,red
MA,ML,5/20/20,red
MA,ML,5/21/20,red
MA,ML,5/22/20,red
MA,ML,5/23/20,red
MA,ML,5/24/20,red
MA,ML,5/25/20,red
MA,ML,5/26/20,red
MA,ML,5/27/20,red
MA,ML,5/28/20,red
MA,ML,5/29/20,red
MA,ML,5/30/20,red
MA,ML,5/31/20,red
MA,ML,6/1/20,red
SN,ML,3/8/20,green
SN,ML,3/9/20,green
SN,ML,3/10/20,green
SN,ML,3/11/20,green
SN,ML,3/12/20,green
SN,ML,3/13/20,green
SN,ML,3/14/20,green
SN,ML,3/15/20,green
SN,ML,3/16/20,green
SN,ML,3/17/20,green
SN,ML,3/18/20,green
SN,ML,3/19/20,green
SN,ML,3/20/20,green
SN,ML,3/21/20,green
SN,ML,3/22/20,green
SN,ML,3/23/20,green
SN,ML,3/24/20,green
SN,ML,3/25/20,green
SN,ML,3/26/20,green
SN,ML,3/27/20,green
SN,ML,3/28/20,green
SN,ML,3/29/20,green
SN,ML,3/30/20,green
SN,ML,3/31/20,green
SN,ML,4/1/20,green
SN,ML,4/2/20,green
SN,ML,4/3/20,green
SN,ML,4/4/20,green
SN,ML,4/5/20,green
SN,ML,4/6/20,green
SN,ML,4/7/20,green
SN,ML,4/8/20,green
SN,ML,4/9/20,green
SN,ML,4/10/20,green
SN,ML,4/11/20,green
SN,ML,4/12/20,green
SN,ML,4/13/20,green
SN,ML,4/14/20,green
SN,ML,4/15/20,green
SN,ML,4/16/20,green
SN,ML,4/17/20,green
SN,ML,4/18/20,green
SN,ML,4/19/20,green
SN,ML,4/20/20,green
SN,ML,4/21/20,green
SN,ML,4/22/20,green
SN,ML,4/23/20,red
SN,ML,4/24/20,red
SN,ML,4/25/20,red
SN,ML,4/26/20,red
SN,ML,4/27/20,red
SN,ML,4/28/20,red
SN,ML,4/29/20,red
SN,ML,4/30/20,red
SN,ML,5/1/20,red
SN,ML,5/2/20,red
SN,ML,5/3/20,red
SN,ML,5/4/20,red
SN,ML,5/5/20,red
SN,ML,5/6/20,red
SN,ML,5/7/20,red
SN,ML,5/8/20,red
SN,ML,5/9/20,red
SN,ML,5/10/20,red
SN,ML,5/11/20,red
SN,ML,5/12/20,red
SN,ML,5/13/20,red
SN,ML,5/14/20,red
SN,ML,5/15/20,red
SN,ML,5/16/20,red
SN,ML,5/17/20,red
SN,ML,5/18/20,red
SN,ML,5/19/20,red
SN,ML,5/20/20,red
SN,ML,5/21/20,red
SN,ML,5/22/20,red
SN,ML,5/23/20,red
SN,ML,5/24/20,red
SN,ML,5/25/20,red
SN,ML,5/26/20,red
SN,ML,5/27/20,red
SN,ML,5/28/20,red
SN,ML,5/29/20,red
SN,ML,5/30/20,red
SN,ML,5/31/20,red
SN,ML,6/1/20,red
CI,MR,3/8/20,green
CI,MR,3/9/20,green
CI,MR,3/10/20,green
CI,MR,3/11/20,green
CI,MR,3/12/20,green
CI,MR,3/13/20,green
CI,MR,3/14/20,green
CI,MR,3/15/20,green
CI,MR,3/16/20,green
CI,MR,3/17/20,green
CI,MR,3/18/20,green
CI,MR,3/19/20,green
CI,MR,3/20/20,green
CI,MR,3/21/20,green
CI,MR,3/22/20,green
CI,MR,3/23/20,green
CI,MR,3/24/20,green
CI,MR,3/25/20,green
CI,MR,3/26/20,red
CI,MR,3/27/20,red
CI,MR,3/28/20,red
CI,MR,3/29/20,red
CI,MR,3/30/20,red
CI,MR,3/31/20,red
CI,MR,4/1/20,red
CI,MR,4/2/20,red
CI,MR,4/3/20,red
CI,MR,4/4/20,red
CI,MR,4/5/20,red
CI,MR,4/6/20,red
CI,MR,4/7/20,red
CI,MR,4/8/20,red
CI,MR,4/9/20,red
CI,MR,4/10/20,red
CI,MR,4/11/20,red
CI,MR,4/12/20,red
CI,MR,4/13/20,red
CI,MR,4/14/20,red
CI,MR,4/15/20,red
CI,MR,4/16/20,red
CI,MR,4/17/20,red
CI,MR,4/18/20,red
CI,MR,4/19/20,red
CI,MR,4/20/20,red
CI,MR,4/21/20,red
CI,MR,4/22/20,red
CI,MR,4/23/20,red
CI,MR,4/24/20,red
CI,MR,4/25/20,red
CI,MR,4/26/20,red
CI,MR,4/27/20,red
CI,MR,4/28/20,red
CI,MR,4/29/20,red
CI,MR,4/30/20,red
CI,MR,5/1/20,red
CI,MR,5/2/20,red
CI,MR,5/3/20,red
CI,MR,5/4/20,red
CI,MR,5/5/20,red
CI,MR,5/6/20,red
CI,MR,5/7/20,red
CI,MR,5/8/20,red
CI,MR,5/9/20,red
CI,MR,5/10/20,red
CI,MR,5/11/20,red
CI,MR,5/12/20,red
CI,MR,5/13/20,red
CI,MR,5/14/20,red
CI,MR,5/15/20,red
CI,MR,5/16/20,red
CI,MR,5/17/20,red
CI,MR,5/18/20,red
CI,MR,5/19/20,red
CI,MR,5/20/20,red
CI,MR,5/21/20,red
CI,MR,5/22/20,red
CI,MR,5/23/20,red
CI,MR,5/24/20,red
CI,MR,5/25/20,red
CI,MR,5/26/20,red
CI,MR,5/27/20,red
CI,MR,5/28/20,red
CI,MR,5/29/20,red
CI,MR,5/30/20,red
CI,MR,5/31/20,red
CI,MR,6/1/20,red
DZ,MR,3/8/20,green
DZ,MR,3/9/20,green
DZ,MR,3/10/20,green
DZ,MR,3/11/20,green
DZ,MR,3/12/20,green
DZ,MR,3/13/20,green
DZ,MR,3/14/20,green
DZ,MR,3/15/20,green
DZ,MR,3/16/20,green
DZ,MR,3/17/20,green
DZ,MR,3/18/20,green
DZ,MR,3/19/20,green
DZ,MR,3/20/20,green
DZ,MR,3/21/20,green
DZ,MR,3/22/20,green
DZ,MR,3/23/20,green
DZ,MR,3/24/20,green
DZ,MR,3/25/20,green
DZ,MR,3/26/20,red
DZ,MR,3/27/20,red
DZ,MR,3/28/20,red
DZ,MR,3/29/20,red
DZ,MR,3/30/20,red
DZ,MR,3/31/20,red
DZ,MR,4/1/20,red
DZ,MR,4/2/20,red
DZ,MR,4/3/20,red
DZ,MR,4/4/20,red
DZ,MR,4/5/20,red
DZ,MR,4/6/20,red
DZ,MR,4/7/20,red
DZ,MR,4/8/20,red
DZ,MR,4/9/20,red
DZ,MR,4/10/20,red
DZ,MR,4/11/20,red
DZ,MR,4/12/20,red
DZ,MR,4/13/20,red
DZ,MR,4/14/20,red
DZ,MR,4/15/20,red
DZ,MR,4/16/20,red
DZ,MR,4/17/20,red
DZ,MR,4/18/20,red
DZ,MR,4/19/20,red
DZ,MR,4/20/20,red
DZ,MR,4/21/20,red
DZ,MR,4/22/20,red
DZ,MR,4/23/20,red
DZ,MR,4/24/20,red
DZ,MR,4/25/20,red
DZ,MR,4/26/20,red
DZ,MR,4/27/20,red
DZ,MR,4/28/20,red
DZ,MR,4/29/20,red
DZ,MR,4/30/20,red
DZ,MR,5/1/20,red
DZ,MR,5/2/20,red
DZ,MR,5/3/20,red
DZ,MR,5/4/20,red
DZ,MR,5/5/20,red
DZ,MR,5/6/20,red
DZ,MR,5/7/20,red
DZ,MR,5/8/20,red
DZ,MR,5/9/20,red
DZ,MR,5/10/20,red
DZ,MR,5/11/20,red
DZ,MR,5/12/20,red
DZ,MR,5/13/20,red
DZ,MR,5/14/20,red
DZ,MR,5/15/20,red
DZ,MR,5/16/20,red
DZ,MR,5/17/20,red
DZ,MR,5/18/20,red
DZ,MR,5/19/20,red
DZ,MR,5/20/20,red
DZ,MR,5/21/20,red
DZ,MR,5/22/20,red
DZ,MR,5/23/20,red
DZ,MR,5/24/20,red
DZ,MR,5/25/20,red
DZ,MR,5/26/20,red
DZ,MR,5/27/20,red
DZ,MR,5/28/20,red
DZ,MR,5/29/20,red
DZ,MR,5/30/20,red
DZ,MR,5/31/20,red
DZ,MR,6/1/20,red
MA,MR,3/8/20,green
MA,MR,3/9/20,green
MA,MR,3/10/20,green
MA,MR,3/11/20,green
MA,MR,3/12/20,green
MA,MR,3/13/20,green
MA,MR,3/14/20,green
MA,MR,3/15/20,green
MA,MR,3/16/20,green
MA,MR,3/17/20,green
MA,MR,3/18/20,green
MA,MR,3/19/20,green
MA,MR,3/20/20,green
MA,MR,3/21/20,green
MA,MR,3/22/20,green
MA,MR,3/23/20,green
MA,MR,3/24/20,green
MA,MR,3/25/20,green
MA,MR,3/26/20,red
MA,MR,3/27/20,red
MA,MR,3/28/20,red
MA,MR,3/29/20,red
MA,MR,3/30/20,red
MA,MR,3/31/20,red
MA,MR,4/1/20,red
MA,MR,4/2/20,red
MA,MR,4/3/20,red
MA,MR,4/4/20,red
MA,MR,4/5/20,red
MA,MR,4/6/20,red
MA,MR,4/7/20,red
MA,MR,4/8/20,red
MA,MR,4/9/20,red
MA,MR,4/10/20,red
MA,MR,4/11/20,red
MA,MR,4/12/20,red
MA,MR,4/13/20,red
MA,MR,4/14/20,red
MA,MR,4/15/20,red
MA,MR,4/16/20,red
MA,MR,4/17/20,red
MA,MR,4/18/20,red
MA,MR,4/19/20,red
MA,MR,4/20/20,red
MA,MR,4/21/20,red
MA,MR,4/22/20,red
MA,MR,4/23/20,red
MA,MR,4/24/20,red
MA,MR,4/25/20,red
MA,MR,4/26/20,red
MA,MR,4/27/20,red
MA,MR,4/28/20,red
MA,MR,4/29/20,red
MA,MR,4/30/20,red
MA,MR,5/1/20,red
MA,MR,5/2/20,red
MA,MR,5/3/20,red
MA,MR,5/4/20,red
MA,MR,5/5/20,red
MA,MR,5/6/20,red
MA,MR,5/7/20,red
MA,MR,5/8/20,red
MA,MR,5/9/20,red
MA,MR,5/10/20,red
MA,MR,5/11/20,red
MA,MR,5/12/20,red
MA,MR,5/13/20,red
MA,MR,5/14/20,red
MA,MR,5/15/20,red
MA,MR,5/16/20,red
MA,MR,5/17/20,red
MA,MR,5/18/20,red
MA,MR,5/19/20,red
MA,MR,5/20/20,red
MA,MR,5/21/20,red
MA,MR,5/22/20,red
MA,MR,5/23/20,red
MA,MR,5/24/20,red
MA,MR,5/25/20,red
MA,MR,5/26/20,red
MA,MR,5/27/20,red
MA,MR,5/28/20,red
MA,MR,5/29/20,red
MA,MR,5/30/20,red
MA,MR,5/31/20,red
MA,MR,6/1/20,red
SN,MR,3/8/20,green
SN,MR,3/9/20,green
SN,MR,3/10/20,green
SN,MR,3/11/20,green
SN,MR,3/12/20,green
SN,MR,3/13/20,green
SN,MR,3/14/20,green
SN,MR,3/15/20,green
SN,MR,3/16/20,green
SN,MR,3/17/20,green
SN,MR,3/18/20,green
SN,MR,3/19/20,green
SN,MR,3/20/20,green
SN,MR,3/21/20,green
SN,MR,3/22/20,green
SN,MR,3/23/20,green
SN,MR,3/24/20,green
SN,MR,3/25/20,green
SN,MR,3/26/20,red
SN,MR,3/27/20,red
SN,MR,3/28/20,red
SN,MR,3/29/20,red
SN,MR,3/30/20,red
SN,MR,3/31/20,red
SN,MR,4/1/20,red
SN,MR,4/2/20,red
SN,MR,4/3/20,red
SN,MR,4/4/20,red
SN,MR,4/5/20,red
SN,MR,4/6/20,red
SN,MR,4/7/20,red
SN,MR,4/8/20,red
SN,MR,4/9/20,red
SN,MR,4/10/20,red
SN,MR,4/11/20,red
SN,MR,4/12/20,red
SN,MR,4/13/20,red
SN,MR,4/14/20,red
SN,MR,4/15/20,red
SN,MR,4/16/20,red
SN,MR,4/17/20,red
SN,MR,4/18/20,red
SN,MR,4/19/20,red
SN,MR,4/20/20,red
SN,MR,4/21/20,red
SN,MR,4/22/20,red
SN,MR,4/23/20,red
SN,MR,4/24/20,red
SN,MR,4/25/20,red
SN,MR,4/26/20,red
SN,MR,4/27/20,red
SN,MR,4/28/20,red
SN,MR,4/29/20,red
SN,MR,4/30/20,red
SN,MR,5/1/20,red
SN,MR,5/2/20,red
SN,MR,5/3/20,red
SN,MR,5/4/20,red
SN,MR,5/5/20,red
SN,MR,5/6/20,red
SN,MR,5/7/20,red
SN,MR,5/8/20,red
SN,MR,5/9/20,red
SN,MR,5/10/20,red
SN,MR,5/11/20,red
SN,MR,5/12/20,red
SN,MR,5/13/20,red
SN,MR,5/14/20,red
SN,MR,5/15/20,red
SN,MR,5/16/20,red
SN,MR,5/17/20,red
SN,MR,5/18/20,red
SN,MR,5/19/20,red
SN,MR,5/20/20,red
SN,MR,5/21/20,red
SN,MR,5/22/20,red
SN,MR,5/23/20,red
SN,MR,5/24/20,red
SN,MR,5/25/20,red
SN,MR,5/26/20,red
SN,MR,5/27/20,red
SN,MR,5/28/20,red
SN,MR,5/29/20,red
SN,MR,5/30/20,red
SN,MR,5/31/20,red
SN,MR,6/1/20,red
CI,NL,3/8/20,green
CI,NL,3/9/20,green
CI,NL,3/10/20,green
CI,NL,3/11/20,green
CI,NL,3/12/20,green
CI,NL,3/13/20,green
CI,NL,3/14/20,green
CI,NL,3/15/20,green
CI,NL,3/16/20,green
CI,NL,3/17/20,green
CI,NL,3/18/20,green
CI,NL,3/19/20,green
CI,NL,3/20/20,red
CI,NL,3/21/20,red
CI,NL,3/22/20,red
CI,NL,3/23/20,red
CI,NL,3/24/20,red
CI,NL,3/25/20,red
CI,NL,3/26/20,red
CI,NL,3/27/20,red
CI,NL,3/28/20,red
CI,NL,3/29/20,red
CI,NL,3/30/20,red
CI,NL,3/31/20,red
CI,NL,4/1/20,red
CI,NL,4/2/20,red
CI,NL,4/3/20,red
CI,NL,4/4/20,red
CI,NL,4/5/20,red
CI,NL,4/6/20,red
CI,NL,4/7/20,red
CI,NL,4/8/20,red
CI,NL,4/9/20,red
CI,NL,4/10/20,red
CI,NL,4/11/20,red
CI,NL,4/12/20,red
CI,NL,4/13/20,red
CI,NL,4/14/20,red
CI,NL,4/15/20,red
CI,NL,4/16/20,red
CI,NL,4/17/20,red
CI,NL,4/18/20,red
CI,NL,4/19/20,red
CI,NL,4/20/20,red
CI,NL,4/21/20,red
CI,NL,4/22/20,red
CI,NL,4/23/20,red
CI,NL,4/24/20,red
CI,NL,4/25/20,red
CI,NL,4/26/20,red
CI,NL,4/27/20,red
CI,NL,4/28/20,red
CI,NL,4/29/20,red
CI,NL,4/30/20,red
CI,NL,5/1/20,red
CI,NL,5/2/20,red
CI,NL,5/3/20,red
CI,NL,5/4/20,red
CI,NL,5/5/20,red
CI,NL,5/6/20,red
CI,NL,5/7/20,red
CI,NL,5/8/20,red
CI,NL,5/9/20,red
CI,NL,5/10/20,red
CI,NL,5/11/20,red
CI,NL,5/12/20,red
CI,NL,5/13/20,red
CI,NL,5/14/20,red
CI,NL,5/15/20,red
CI,NL,5/16/20,red
CI,NL,5/17/20,red
CI,NL,5/18/20,red
CI,NL,5/19/20,red
CI,NL,5/20/20,red
CI,NL,5/21/20,red
CI,NL,5/22/20,red
CI,NL,5/23/20,red
CI,NL,5/24/20,red
CI,NL,5/25/20,red
CI,NL,5/26/20,red
CI,NL,5/27/20,red
CI,NL,5/28/20,red
CI,NL,5/29/20,red
CI,NL,5/30/20,red
CI,NL,5/31/20,red
CI,NL,6/1/20,red
DZ,NL,3/8/20,green
DZ,NL,3/9/20,green
DZ,NL,3/10/20,green
DZ,NL,3/11/20,green
DZ,NL,3/12/20,green
DZ,NL,3/13/20,green
DZ,NL,3/14/20,green
DZ,NL,3/15/20,green
DZ,NL,3/16/20,green
DZ,NL,3/17/20,green
DZ,NL,3/18/20,green
DZ,NL,3/19/20,green
DZ,NL,3/20/20,red
DZ,NL,3/21/20,red
DZ,NL,3/22/20,red
DZ,NL,3/23/20,red
DZ,NL,3/24/20,red
DZ,NL,3/25/20,red
DZ,NL,3/26/20,red
DZ,NL,3/27/20,red
DZ,NL,3/28/20,red
DZ,NL,3/29/20,red
DZ,NL,3/30/20,red
DZ,NL,3/31/20,red
DZ,NL,4/1/20,red
DZ,NL,4/2/20,red
DZ,NL,4/3/20,red
DZ,NL,4/4/20,red
DZ,NL,4/5/20,red
DZ,NL,4/6/20,red
DZ,NL,4/7/20,red
DZ,NL,4/8/20,red
DZ,NL,4/9/20,red
DZ,NL,4/10/20,red
DZ,NL,4/11/20,red
DZ,NL,4/12/20,red
DZ,NL,4/13/20,red
DZ,NL,4/14/20,red
DZ,NL,4/15/20,red
DZ,NL,4/16/20,red
DZ,NL,4/17/20,red
DZ,NL,4/18/20,red
DZ,NL,4/19/20,red
DZ,NL,4/20/20,red
DZ,NL,4/21/20,red
DZ,NL,4/22/20,red
DZ,NL,4/23/20,red
DZ,NL,4/24/20,red
DZ,NL,4/25/20,red
DZ,NL,4/26/20,red
DZ,NL,4/27/20,red
DZ,NL,4/28/20,red
DZ,NL,4/29/20,red
DZ,NL,4/30/20,red
DZ,NL,5/1/20,red
DZ,NL,5/2/20,red
DZ,NL,5/3/20,red
DZ,NL,5/4/20,red
DZ,NL,5/5/20,red
DZ,NL,5/6/20,red
DZ,NL,5/7/20,red
DZ,NL,5/8/20,red
DZ,NL,5/9/20,red
DZ,NL,5/10/20,red
DZ,NL,5/11/20,red
DZ,NL,5/12/20,red
DZ,NL,5/13/20,red
DZ,NL,5/14/20,red
DZ,NL,5/15/20,red
DZ,NL,5/16/20,red
DZ,NL,5/17/20,red
DZ,NL,5/18/20,red
DZ,NL,5/19/20,red
DZ,NL,5/20/20,red
DZ,NL,5/21/20,red
DZ,NL,5/22/20,red
DZ,NL,5/23/20,red
DZ,NL,5/24/20,red
DZ,NL,5/25/20,red
DZ,NL,5/26/20,red
DZ,NL,5/27/20,red
DZ,NL,5/28/20,red
DZ,NL,5/29/20,red
DZ,NL,5/30/20,red
DZ,NL,5/31/20,red
DZ,NL,6/1/20,red
MA,NL,3/8/20,green
MA,NL,3/9/20,green
MA,NL,3/10/20,green
MA,NL,3/11/20,green
MA,NL,3/12/20,green
MA,NL,3/13/20,green
MA,NL,3/14/20,green
MA,NL,3/15/20,green
MA,NL,3/16/20,green
MA,NL,3/17/20,green
MA,NL,3/18/20,green
MA,NL,3/19/20,green
MA,NL,3/20/20,red
MA,NL,3/21/20,red
MA,NL,3/22/20,red
MA,NL,3/23/20,red
MA,NL,3/24/20,red
MA,NL,3/25/20,red
MA,NL,3/26/20,red
MA,NL,3/27/20,red
MA,NL,3/28/20,red
MA,NL,3/29/20,red
MA,NL,3/30/20,red
MA,NL,3/31/20,red
MA,NL,4/1/20,red
MA,NL,4/2/20,red
MA,NL,4/3/20,red
MA,NL,4/4/20,red
MA,NL,4/5/20,red
MA,NL,4/6/20,red
MA,NL,4/7/20,red
MA,NL,4/8/20,red
MA,NL,4/9/20,red
MA,NL,4/10/20,red
MA,NL,4/11/20,red
MA,NL,4/12/20,red
MA,NL,4/13/20,red
MA,NL,4/14/20,red
MA,NL,4/15/20,red
MA,NL,4/16/20,red
MA,NL,4/17/20,red
MA,NL,4/18/20,red
MA,NL,4/19/20,red
MA,NL,4/20/20,red
MA,NL,4/21/20,red
MA,NL,4/22/20,red
MA,NL,4/23/20,red
MA,NL,4/24/20,red
MA,NL,4/25/20,red
MA,NL,4/26/20,red
MA,NL,4/27/20,red
MA,NL,4/28/20,red
MA,NL,4/29/20,red
MA,NL,4/30/20,red
MA,NL,5/1/20,red
MA,NL,5/2/20,red
MA,NL,5/3/20,red
MA,NL,5/4/20,red
MA,NL,5/5/20,red
MA,NL,5/6/20,red
MA,NL,5/7/20,red
MA,NL,5/8/20,red
MA,NL,5/9/20,red
MA,NL,5/10/20,red
MA,NL,5/11/20,red
MA,NL,5/12/20,red
MA,NL,5/13/20,red
MA,NL,5/14/20,red
MA,NL,5/15/20,red
MA,NL,5/16/20,red
MA,NL,5/17/20,red
MA,NL,5/18/20,red
MA,NL,5/19/20,red
MA,NL,5/20/20,red
MA,NL,5/21/20,red
MA,NL,5/22/20,red
MA,NL,5/23/20,red
MA,NL,5/24/20,red
MA,NL,5/25/20,red
MA,NL,5/26/20,red
MA,NL,5/27/20,red
MA,NL,5/28/20,red
MA,NL,5/29/20,red
MA,NL,5/30/20,red
MA,NL,5/31/20,red
MA,NL,6/1/20,red
SN,NL,3/8/20,green
SN,NL,3/9/20,green
SN,NL,3/10/20,green
SN,NL,3/11/20,green
SN,NL,3/12/20,green
SN,NL,3/13/20,green
SN,NL,3/14/20,green
SN,NL,3/15/20,green
SN,NL,3/16/20,green
SN,NL,3/17/20,green
SN,NL,3/18/20,green
SN,NL,3/19/20,green
SN,NL,3/20/20,red
SN,NL,3/21/20,red
SN,NL,3/22/20,red
SN,NL,3/23/20,red
SN,NL,3/24/20,red
SN,NL,3/25/20,red
SN,NL,3/26/20,red
SN,NL,3/27/20,red
SN,NL,3/28/20,red
SN,NL,3/29/20,red
SN,NL,3/30/20,red
SN,NL,3/31/20,red
SN,NL,4/1/20,red
SN,NL,4/2/20,red
SN,NL,4/3/20,red
SN,NL,4/4/20,red
SN,NL,4/5/20,red
SN,NL,4/6/20,red
SN,NL,4/7/20,red
SN,NL,4/8/20,red
SN,NL,4/9/20,red
SN,NL,4/10/20,red
SN,NL,4/11/20,red
SN,NL,4/12/20,red
SN,NL,4/13/20,red
SN,NL,4/14/20,red
SN,NL,4/15/20,red
SN,NL,4/16/20,red
SN,NL,4/17/20,red
SN,NL,4/18/20,red
SN,NL,4/19/20,red
SN,NL,4/20/20,red
SN,NL,4/21/20,red
SN,NL,4/22/20,red
SN,NL,4/23/20,red
SN,NL,4/24/20,red
SN,NL,4/25/20,red
SN,NL,4/26/20,red
SN,NL,4/27/20,red
SN,NL,4/28/20,red
SN,NL,4/29/20,red
SN,NL,4/30/20,red
SN,NL,5/1/20,red
SN,NL,5/2/20,red
SN,NL,5/3/20,red
SN,NL,5/4/20,red
SN,NL,5/5/20,red
SN,NL,5/6/20,red
SN,NL,5/7/20,red
SN,NL,5/8/20,red
SN,NL,5/9/20,red
SN,NL,5/10/20,red
SN,NL,5/11/20,red
SN,NL,5/12/20,red
SN,NL,5/13/20,red
SN,NL,5/14/20,red
SN,NL,5/15/20,red
SN,NL,5/16/20,red
SN,NL,5/17/20,red
SN,NL,5/18/20,red
SN,NL,5/19/20,red
SN,NL,5/20/20,red
SN,NL,5/21/20,red
SN,NL,5/22/20,red
SN,NL,5/23/20,red
SN,NL,5/24/20,red
SN,NL,5/25/20,red
SN,NL,5/26/20,red
SN,NL,5/27/20,red
SN,NL,5/28/20,red
SN,NL,5/29/20,red
SN,NL,5/30/20,red
SN,NL,5/31/20,red
SN,NL,6/1/20,red
CI,SN,3/8/20,green
CI,SN,3/9/20,green
CI,SN,3/10/20,green
CI,SN,3/11/20,green
CI,SN,3/12/20,green
CI,SN,3/13/20,green
CI,SN,3/14/20,green
CI,SN,3/15/20,green
CI,SN,3/16/20,green
CI,SN,3/17/20,green
CI,SN,3/18/20,green
CI,SN,3/19/20,green
CI,SN,3/20/20,green
CI,SN,3/21/20,green
CI,SN,3/22/20,green
CI,SN,3/23/20,green
CI,SN,3/24/20,green
CI,SN,3/25/20,green
CI,SN,3/26/20,green
CI,SN,3/27/20,green
CI,SN,3/28/20,green
CI,SN,3/29/20,green
CI,SN,3/30/20,red
CI,SN,3/31/20,red
CI,SN,4/1/20,red
CI,SN,4/2/20,red
CI,SN,4/3/20,red
CI,SN,4/4/20,red
CI,SN,4/5/20,red
CI,SN,4/6/20,red
CI,SN,4/7/20,red
CI,SN,4/8/20,red
CI,SN,4/9/20,red
CI,SN,4/10/20,red
CI,SN,4/11/20,red
CI,SN,4/12/20,red
CI,SN,4/13/20,red
CI,SN,4/14/20,red
CI,SN,4/15/20,red
CI,SN,4/16/20,red
CI,SN,4/17/20,red
CI,SN,4/18/20,red
CI,SN,4/19/20,red
CI,SN,4/20/20,red
CI,SN,4/21/20,red
CI,SN,4/22/20,red
CI,SN,4/23/20,red
CI,SN,4/24/20,red
CI,SN,4/25/20,red
CI,SN,4/26/20,red
CI,SN,4/27/20,red
CI,SN,4/28/20,red
CI,SN,4/29/20,red
CI,SN,4/30/20,red
CI,SN,5/1/20,red
CI,SN,5/2/20,red
CI,SN,5/3/20,red
CI,SN,5/4/20,red
CI,SN,5/5/20,red
CI,SN,5/6/20,red
CI,SN,5/7/20,red
CI,SN,5/8/20,red
CI,SN,5/9/20,red
CI,SN,5/10/20,red
CI,SN,5/11/20,red
CI,SN,5/12/20,red
CI,SN,5/13/20,red
CI,SN,5/14/20,red
CI,SN,5/15/20,red
CI,SN,5/16/20,red
CI,SN,5/17/20,red
CI,SN,5/18/20,red
CI,SN,5/19/20,red
CI,SN,5/20/20,red
CI,SN,5/21/20,red
CI,SN,5/22/20,red
CI,SN,5/23/20,red
CI,SN,5/24/20,red
CI,SN,5/25/20,red
CI,SN,5/26/20,red
CI,SN,5/27/20,red
CI,SN,5/28/20,red
CI,SN,5/29/20,red
CI,SN,5/30/20,red
CI,SN,5/31/20,red
CI,SN,6/1/20,red
DZ,SN,3/8/20,green
DZ,SN,3/9/20,green
DZ,SN,3/10/20,green
DZ,SN,3/11/20,green
DZ,SN,3/12/20,green
DZ,SN,3/13/20,green
DZ,SN,3/14/20,green
DZ,SN,3/15/20,green
DZ,SN,3/16/20,green
DZ,SN,3/17/20,green
DZ,SN,3/18/20,green
DZ,SN,3/19/20,green
DZ,SN,3/20/20,green
DZ,SN,3/21/20,green
DZ,SN,3/22/20,green
DZ,SN,3/23/20,green
DZ,SN,3/24/20,green
DZ,SN,3/25/20,green
DZ,SN,3/26/20,green
DZ,SN,3/27/20,green
DZ,SN,3/28/20,green
DZ,SN,3/29/20,green
DZ,SN,3/30/20,red
DZ,SN,3/31/20,red
DZ,SN,4/1/20,red
DZ,SN,4/2/20,red
DZ,SN,4/3/20,red
DZ,SN,4/4/20,red
DZ,SN,4/5/20,red
DZ,SN,4/6/20,red
DZ,SN,4/7/20,red
DZ,SN,4/8/20,red
DZ,SN,4/9/20,red
DZ,SN,4/10/20,red
DZ,SN,4/11/20,red
DZ,SN,4/12/20,red
DZ,SN,4/13/20,red
DZ,SN,4/14/20,red
DZ,SN,4/15/20,red
DZ,SN,4/16/20,red
DZ,SN,4/17/20,red
DZ,SN,4/18/20,red
DZ,SN,4/19/20,red
DZ,SN,4/20/20,red
DZ,SN,4/21/20,red
DZ,SN,4/22/20,red
DZ,SN,4/23/20,red
DZ,SN,4/24/20,red
DZ,SN,4/25/20,red
DZ,SN,4/26/20,red
DZ,SN,4/27/20,red
DZ,SN,4/28/20,red
DZ,SN,4/29/20,red
DZ,SN,4/30/20,red
DZ,SN,5/1/20,red
DZ,SN,5/2/20,red
DZ,SN,5/3/20,red
DZ,SN,5/4/20,red
DZ,SN,5/5/20,red
DZ,SN,5/6/20,red
DZ,SN,5/7/20,red
DZ,SN,5/8/20,red
DZ,SN,5/9/20,red
DZ,SN,5/10/20,red
DZ,SN,5/11/20,red
DZ,SN,5/12/20,red
DZ,SN,5/13/20,red
DZ,SN,5/14/20,red
DZ,SN,5/15/20,red
DZ,SN,5/16/20,red
DZ,SN,5/17/20,red
DZ,SN,5/18/20,red
DZ,SN,5/19/20,red
DZ,SN,5/20/20,red
DZ,SN,5/21/20,red
DZ,SN,5/22/20,red
DZ,SN,5/23/20,red
DZ,SN,5/24/20,red
DZ,SN,5/25/20,red
DZ,SN,5/26/20,red
DZ,SN,5/27/20,red
DZ,SN,5/28/20,red
DZ,SN,5/29/20,red
DZ,SN,5/30/20,red
DZ,SN,5/31/20,red
DZ,SN,6/1/20,red
MA,SN,3/8/20,green
MA,SN,3/9/20,green
MA,SN,3/10/20,green
MA,SN,3/11/20,green
MA,SN,3/12/20,green
MA,SN,3/13/20,green
MA,SN,3/14/20,green
MA,SN,3/15/20,green
MA,SN,3/16/20,green
MA,SN,3/17/20,green
MA,SN,3/18/20,green
MA,SN,3/19/20,green
MA,SN,3/20/20,green
MA,SN,3/21/20,green
MA,SN,3/22/20,green
MA,SN,3/23/20,green
MA,SN,3/24/20,green
MA,SN,3/25/20,green
MA,SN,3/26/20,green
MA,SN,3/27/20,green
MA,SN,3/28/20,green
MA,SN,3/29/20,green
MA,SN,3/30/20,red
MA,SN,3/31/20,red
MA,SN,4/1/20,red
MA,SN,4/2/20,red
MA,SN,4/3/20,red
MA,SN,4/4/20,red
MA,SN,4/5/20,red
MA,SN,4/6/20,red
MA,SN,4/7/20,red
MA,SN,4/8/20,red
MA,SN,4/9/20,red
MA,SN,4/10/20,red
MA,SN,4/11/20,red
MA,SN,4/12/20,red
MA,SN,4/13/20,red
MA,SN,4/14/20,red
MA,SN,4/15/20,red
MA,SN,4/16/20,red
MA,SN,4/17/20,red
MA,SN,4/18/20,red
MA,SN,4/19/20,red
MA,SN,4/20/20,red
MA,SN,4/21/20,red
MA,SN,4/22/20,red
MA,SN,4/23/20,red
MA,SN,4/24/20,red
MA,SN,4/25/20,red
MA,SN,4/26/20,red
MA,SN,4/27/20,red
MA,SN,4/28/20,red
MA,SN,4/29/20,red
MA,SN,4/30/20,red
MA,SN,5/1/20,red
MA,SN,5/2/20,red
MA,SN,5/3/20,red
MA,SN,5/4/20,red
MA,SN,5/5/20,red
MA,SN,5/6/20,red
MA,SN,5/7/20,red
MA,SN,5/8/20,red
MA,SN,5/9/20,red
MA,SN,5/10/20,red
MA,SN,5/11/20,red
MA,SN,5/12/20,red
MA,SN,5/13/20,red
MA,SN,5/14/20,red
MA,SN,5/15/20,red
MA,SN,5/16/20,red
MA,SN,5/17/20,red
MA,SN,5/18/20,red
MA,SN,5/19/20,red
MA,SN,5/20/20,red
MA,SN,5/21/20,red
MA,SN,5/22/20,red
MA,SN,5/23/20,red
MA,SN,5/24/20,red
MA,SN,5/25/20,red
MA,SN,5/26/20,red
MA,SN,5/27/20,red
MA,SN,5/28/20,red
MA,SN,5/29/20,red
MA,SN,5/30/20,red
MA,SN,5/31/20,red
MA,SN,6/1/20,red
CI,TN,3/8/20,green
CI,TN,3/9/20,green
CI,TN,3/10/20,green
CI,TN,3/11/20,green
CI,TN,3/12/20,green
CI,TN,3/13/20,green
CI,TN,3/14/20,green
CI,TN,3/15/20,green
CI,TN,3/16/20,green
CI,TN,3/17/20,green
CI,TN,3/18/20,green
CI,TN,3/19/20,green
CI,TN,3/20/20,green
CI,TN,3/21/20,green
CI,TN,3/22/20,green
CI,TN,3/23/20,green
CI,TN,3/24/20,green
CI,TN,3/25/20,green
CI,TN,3/26/20,green
CI,TN,3/27/20,red
CI,TN,3/28/20,red
CI,TN,3/29/20,red
CI,TN,3/30/20,red
CI,TN,3/31/20,red
CI,TN,4/1/20,red
CI,TN,4/2/20,red
CI,TN,4/3/20,red
CI,TN,4/4/20,red
CI,TN,4/5/20,red
CI,TN,4/6/20,red
CI,TN,4/7/20,red
CI,TN,4/8/20,red
CI,TN,4/9/20,red
CI,TN,4/10/20,red
CI,TN,4/11/20,red
CI,TN,4/12/20,red
CI,TN,4/13/20,red
CI,TN,4/14/20,red
CI,TN,4/15/20,red
CI,TN,4/16/20,red
CI,TN,4/17/20,red
CI,TN,4/18/20,red
CI,TN,4/19/20,red
CI,TN,4/20/20,red
CI,TN,4/21/20,red
CI,TN,4/22/20,red
CI,TN,4/23/20,red
CI,TN,4/24/20,red
CI,TN,4/25/20,red
CI,TN,4/26/20,red
CI,TN,4/27/20,red
CI,TN,4/28/20,red
CI,TN,4/29/20,red
CI,TN,4/30/20,red
CI,TN,5/1/20,red
CI,TN,5/2/20,red
CI,TN,5/3/20,red
CI,TN,5/4/20,red
CI,TN,5/5/20,red
CI,TN,5/6/20,red
CI,TN,5/7/20,red
CI,TN,5/8/20,red
CI,TN,5/9/20,red
CI,TN,5/10/20,red
CI,TN,5/11/20,red
CI,TN,5/12/20,red
CI,TN,5/13/20,red
CI,TN,5/14/20,red
CI,TN,5/15/20,red
CI,TN,5/16/20,red
CI,TN,5/17/20,red
CI,TN,5/18/20,red
CI,TN,5/19/20,red
CI,TN,5/20/20,red
CI,TN,5/21/20,red
CI,TN,5/22/20,red
CI,TN,5/23/20,red
CI,TN,5/24/20,red
CI,TN,5/25/20,red
CI,TN,5/26/20,red
CI,TN,5/27/20,red
CI,TN,5/28/20,red
CI,TN,5/29/20,red
CI,TN,5/30/20,red
CI,TN,5/31/20,red
CI,TN,6/1/20,red
DZ,TN,3/8/20,green
DZ,TN,3/9/20,green
DZ,TN,3/10/20,green
DZ,TN,3/11/20,green
DZ,TN,3/12/20,green
DZ,TN,3/13/20,green
DZ,TN,3/14/20,green
DZ,TN,3/15/20,green
DZ,TN,3/16/20,green
DZ,TN,3/17/20,green
DZ,TN,3/18/20,green
DZ,TN,3/19/20,green
DZ,TN,3/20/20,green
DZ,TN,3/21/20,green
DZ,TN,3/22/20,green
DZ,TN,3/23/20,green
DZ,TN,3/24/20,green
DZ,TN,3/25/20,green
DZ,TN,3/26/20,green
DZ,TN,3/27/20,red
DZ,TN,3/28/20,red
DZ,TN,3/29/20,red
DZ,TN,3/30/20,red
DZ,TN,3/31/20,red
DZ,TN,4/1/20,red
DZ,TN,4/2/20,red
DZ,TN,4/3/20,red
DZ,TN,4/4/20,red
DZ,TN,4/5/20,red
DZ,TN,4/6/20,red
DZ,TN,4/7/20,red
DZ,TN,4/8/20,red
DZ,TN,4/9/20,red
DZ,TN,4/10/20,red
DZ,TN,4/11/20,red
DZ,TN,4/12/20,red
DZ,TN,4/13/20,red
DZ,TN,4/14/20,red
DZ,TN,4/15/20,red
DZ,TN,4/16/20,red
DZ,TN,4/17/20,red
DZ,TN,4/18/20,red
DZ,TN,4/19/20,red
DZ,TN,4/20/20,red
DZ,TN,4/21/20,red
DZ,TN,4/22/20,red
DZ,TN,4/23/20,red
DZ,TN,4/24/20,red
DZ,TN,4/25/20,red
DZ,TN,4/26/20,red
DZ,TN,4/27/20,red
DZ,TN,4/28/20,red
DZ,TN,4/29/20,red
DZ,TN,4/30/20,red
DZ,TN,5/1/20,red
DZ,TN,5/2/20,red
DZ,TN,5/3/20,red
DZ,TN,5/4/20,red
DZ,TN,5/5/20,red
DZ,TN,5/6/20,red
DZ,TN,5/7/20,red
DZ,TN,5/8/20,red
DZ,TN,5/9/20,red
DZ,TN,5/10/20,red
DZ,TN,5/11/20,red
DZ,TN,5/12/20,red
DZ,TN,5/13/20,red
DZ,TN,5/14/20,red
DZ,TN,5/15/20,red
DZ,TN,5/16/20,red
DZ,TN,5/17/20,red
DZ,TN,5/18/20,red
DZ,TN,5/19/20,red
DZ,TN,5/20/20,red
DZ,TN,5/21/20,red
DZ,TN,5/22/20,red
DZ,TN,5/23/20,red
DZ,TN,5/24/20,red
DZ,TN,5/25/20,red
DZ,TN,5/26/20,red
DZ,TN,5/27/20,red
DZ,TN,5/28/20,red
DZ,TN,5/29/20,red
DZ,TN,5/30/20,red
DZ,TN,5/31/20,red
DZ,TN,6/1/20,red
MA,TN,3/8/20,green
MA,TN,3/9/20,green
MA,TN,3/10/20,green
MA,TN,3/11/20,green
MA,TN,3/12/20,green
MA,TN,3/13/20,green
MA,TN,3/14/20,green
MA,TN,3/15/20,green
MA,TN,3/16/20,green
MA,TN,3/17/20,green
MA,TN,3/18/20,green
MA,TN,3/19/20,green
MA,TN,3/20/20,green
MA,TN,3/21/20,green
MA,TN,3/22/20,green
MA,TN,3/23/20,green
MA,TN,3/24/20,green
MA,TN,3/25/20,green
MA,TN,3/26/20,green
MA,TN,3/27/20,red
MA,TN,3/28/20,red
MA,TN,3/29/20,red
MA,TN,3/30/20,red
MA,TN,3/31/20,red
MA,TN,4/1/20,red
MA,TN,4/2/20,red
MA,TN,4/3/20,red
MA,TN,4/4/20,red
MA,TN,4/5/20,red
MA,TN,4/6/20,red
MA,TN,4/7/20,red
MA,TN,4/8/20,red
MA,TN,4/9/20,red
MA,TN,4/10/20,red
MA,TN,4/11/20,red
MA,TN,4/12/20,red
MA,TN,4/13/20,red
MA,TN,4/14/20,red
MA,TN,4/15/20,red
MA,TN,4/16/20,red
MA,TN,4/17/20,red
MA,TN,4/18/20,red
MA,TN,4/19/20,red
MA,TN,4/20/20,red
MA,TN,4/21/20,red
MA,TN,4/22/20,red
MA,TN,4/23/20,red
MA,TN,4/24/20,red
MA,TN,4/25/20,red
MA,TN,4/26/20,red
MA,TN,4/27/20,red
MA,TN,4/28/20,red
MA,TN,4/29/20,red
MA,TN,4/30/20,red
MA,TN,5/1/20,red
MA,TN,5/2/20,red
MA,TN,5/3/20,red
MA,TN,5/4/20,red
MA,TN,5/5/20,red
MA,TN,5/6/20,red
MA,TN,5/7/20,red
MA,TN,5/8/20,red
MA,TN,5/9/20,red
MA,TN,5/10/20,red
MA,TN,5/11/20,red
MA,TN,5/12/20,red
MA,TN,5/13/20,red
MA,TN,5/14/20,red
MA,TN,5/15/20,red
MA,TN,5/16/20,red
MA,TN,5/17/20,red
MA,TN,5/18/20,red
MA,TN,5/19/20,red
MA,TN,5/20/20,red
MA,TN,5/21/20,red
MA,TN,5/22/20,red
MA,TN,5/23/20,red
MA,TN,5/24/20,red
MA,TN,5/25/20,red
MA,TN,5/26/20,red
MA,TN,5/27/20,red
MA,TN,5/28/20,red
MA,TN,5/29/20,red
MA,TN,5/30/20,red
MA,TN,5/31/20,red
MA,TN,6/1/20,red
SN,TN,3/8/20,green
SN,TN,3/9/20,green
SN,TN,3/10/20,green
SN,TN,3/11/20,green
SN,TN,3/12/20,green
SN,TN,3/13/20,green
SN,TN,3/14/20,green
SN,TN,3/15/20,green
SN,TN,3/16/20,green
SN,TN,3/17/20,green
SN,TN,3/18/20,green
SN,TN,3/19/20,green
SN,TN,3/20/20,green
SN,TN,3/21/20,green
SN,TN,3/22/20,green
SN,TN,3/23/20,green
SN,TN,3/24/20,green
SN,TN,3/25/20,green
SN,TN,3/26/20,green
SN,TN,3/27/20,red
SN,TN,3/28/20,red
SN,TN,3/29/20,red
SN,TN,3/30/20,red
SN,TN,3/31/20,red
SN,TN,4/1/20,red
SN,TN,4/2/20,red
SN,TN,4/3/20,red
SN,TN,4/4/20,red
SN,TN,4/5/20,red
SN,TN,4/6/20,red
SN,TN,4/7/20,red
SN,TN,4/8/20,red
SN,TN,4/9/20,red
SN,TN,4/10/20,red
SN,TN,4/11/20,red
SN,TN,4/12/20,red
SN,TN,4/13/20,red
SN,TN,4/14/20,red
SN,TN,4/15/20,red
SN,TN,4/16/20,red
SN,TN,4/17/20,red
SN,TN,4/18/20,red
SN,TN,4/19/20,red
SN,TN,4/20/20,red
SN,TN,4/21/20,red
SN,TN,4/22/20,red
SN,TN,4/23/20,red
SN,TN,4/24/20,red
SN,TN,4/25/20,red
SN,TN,4/26/20,red
SN,TN,4/27/20,red
SN,TN,4/28/20,red
SN,TN,4/29/20,red
SN,TN,4/30/20,red
SN,TN,5/1/20,red
SN,TN,5/2/20,red
SN,TN,5/3/20,red
SN,TN,5/4/20,red
SN,TN,5/5/20,red
SN,TN,5/6/20,red
SN,TN,5/7/20,red
SN,TN,5/8/20,red
SN,TN,5/9/20,red
SN,TN,5/10/20,red
SN,TN,5/11/20,red
SN,TN,5/12/20,red
SN,TN,5/13/20,red
SN,TN,5/14/20,red
SN,TN,5/15/20,red
SN,TN,5/16/20,red
SN,TN,5/17/20,red
SN,TN,5/18/20,red
SN,TN,5/19/20,red
SN,TN,5/20/20,red
SN,TN,5/21/20,red
SN,TN,5/22/20,red
SN,TN,5/23/20,red
SN,TN,5/24/20,red
SN,TN,5/25/20,red
SN,TN,5/26/20,red
SN,TN,5/27/20,red
SN,TN,5/28/20,red
SN,TN,5/29/20,red
SN,TN,5/30/20,red
SN,TN,5/31/20,red
SN,TN,6/1/20,red
CI,TR,3/8/20,green
CI,TR,3/9/20,green
CI,TR,3/10/20,green
CI,TR,3/11/20,green
CI,TR,3/12/20,green
CI,TR,3/13/20,green
CI,TR,3/14/20,green
CI,TR,3/15/20,green
CI,TR,3/16/20,green
CI,TR,3/17/20,green
CI,TR,3/18/20,green
CI,TR,3/19/20,green
CI,TR,3/20/20,green
CI,TR,3/21/20,green
CI,TR,3/22/20,green
CI,TR,3/23/20,red
CI,TR,3/24/20,red
CI,TR,3/25/20,red
CI,TR,3/26/20,red
CI,TR,3/27/20,red
CI,TR,3/28/20,red
CI,TR,3/29/20,red
CI,TR,3/30/20,red
CI,TR,3/31/20,red
CI,TR,4/1/20,red
CI,TR,4/2/20,red
CI,TR,4/3/20,red
CI,TR,4/4/20,red
CI,TR,4/5/20,red
CI,TR,4/6/20,red
CI,TR,4/7/20,red
CI,TR,4/8/20,red
CI,TR,4/9/20,red
CI,TR,4/10/20,red
CI,TR,4/11/20,red
CI,TR,4/12/20,red
CI,TR,4/13/20,red
CI,TR,4/14/20,red
CI,TR,4/15/20,red
CI,TR,4/16/20,red
CI,TR,4/17/20,red
CI,TR,4/18/20,red
CI,TR,4/19/20,red
CI,TR,4/20/20,red
CI,TR,4/21/20,red
CI,TR,4/22/20,red
CI,TR,4/23/20,red
CI,TR,4/24/20,red
CI,TR,4/25/20,red
CI,TR,4/26/20,red
CI,TR,4/27/20,red
CI,TR,4/28/20,red
CI,TR,4/29/20,red
CI,TR,4/30/20,red
CI,TR,5/1/20,red
CI,TR,5/2/20,red
CI,TR,5/3/20,red
CI,TR,5/4/20,red
CI,TR,5/5/20,red
CI,TR,5/6/20,red
CI,TR,5/7/20,red
CI,TR,5/8/20,red
CI,TR,5/9/20,red
CI,TR,5/10/20,red
CI,TR,5/11/20,red
CI,TR,5/12/20,red
CI,TR,5/13/20,red
CI,TR,5/14/20,red
CI,TR,5/15/20,red
CI,TR,5/16/20,red
CI,TR,5/17/20,red
CI,TR,5/18/20,red
CI,TR,5/19/20,red
CI,TR,5/20/20,red
CI,TR,5/21/20,red
CI,TR,5/22/20,red
CI,TR,5/23/20,red
CI,TR,5/24/20,red
CI,TR,5/25/20,red
CI,TR,5/26/20,red
CI,TR,5/27/20,red
CI,TR,5/28/20,red
CI,TR,5/29/20,red
CI,TR,5/30/20,red
CI,TR,5/31/20,red
CI,TR,6/1/20,red
DZ,TR,3/8/20,green
DZ,TR,3/9/20,green
DZ,TR,3/10/20,green
DZ,TR,3/11/20,green
DZ,TR,3/12/20,green
DZ,TR,3/13/20,green
DZ,TR,3/14/20,green
DZ,TR,3/15/20,green
DZ,TR,3/16/20,green
DZ,TR,3/17/20,green
DZ,TR,3/18/20,green
DZ,TR,3/19/20,green
DZ,TR,3/20/20,green
DZ,TR,3/21/20,green
DZ,TR,3/22/20,green
DZ,TR,3/23/20,red
DZ,TR,3/24/20,red
DZ,TR,3/25/20,red
DZ,TR,3/26/20,red
DZ,TR,3/27/20,red
DZ,TR,3/28/20,red
DZ,TR,3/29/20,red
DZ,TR,3/30/20,red
DZ,TR,3/31/20,red
DZ,TR,4/1/20,red
DZ,TR,4/2/20,red
DZ,TR,4/3/20,red
DZ,TR,4/4/20,red
DZ,TR,4/5/20,red
DZ,TR,4/6/20,red
DZ,TR,4/7/20,red
DZ,TR,4/8/20,red
DZ,TR,4/9/20,red
DZ,TR,4/10/20,red
DZ,TR,4/11/20,red
DZ,TR,4/12/20,red
DZ,TR,4/13/20,red
DZ,TR,4/14/20,red
DZ,TR,4/15/20,red
DZ,TR,4/16/20,red
DZ,TR,4/17/20,red
DZ,TR,4/18/20,red
DZ,TR,4/19/20,red
DZ,TR,4/20/20,red
DZ,TR,4/21/20,red
DZ,TR,4/22/20,red
DZ,TR,4/23/20,red
DZ,TR,4/24/20,red
DZ,TR,4/25/20,red
DZ,TR,4/26/20,red
DZ,TR,4/27/20,red
DZ,TR,4/28/20,red
DZ,TR,4/29/20,red
DZ,TR,4/30/20,red
DZ,TR,5/1/20,red
DZ,TR,5/2/20,red
DZ,TR,5/3/20,red
DZ,TR,5/4/20,red
DZ,TR,5/5/20,red
DZ,TR,5/6/20,red
DZ,TR,5/7/20,red
DZ,TR,5/8/20,red
DZ,TR,5/9/20,red
DZ,TR,5/10/20,red
DZ,TR,5/11/20,red
DZ,TR,5/12/20,red
DZ,TR,5/13/20,red
DZ,TR,5/14/20,red
DZ,TR,5/15/20,red
DZ,TR,5/16/20,red
DZ,TR,5/17/20,red
DZ,TR,5/18/20,red
DZ,TR,5/19/20,red
DZ,TR,5/20/20,red
DZ,TR,5/21/20,red
DZ,TR,5/22/20,red
DZ,TR,5/23/20,red
DZ,TR,5/24/20,red
DZ,TR,5/25/20,red
DZ,TR,5/26/20,red
DZ,TR,5/27/20,red
DZ,TR,5/28/20,red
DZ,TR,5/29/20,red
DZ,TR,5/30/20,red
DZ,TR,5/31/20,red
DZ,TR,6/1/20,red
MA,TR,3/8/20,green
MA,TR,3/9/20,green
MA,TR,3/10/20,green
MA,TR,3/11/20,green
MA,TR,3/12/20,green
MA,TR,3/13/20,green
MA,TR,3/14/20,green
MA,TR,3/15/20,green
MA,TR,3/16/20,green
MA,TR,3/17/20,green
MA,TR,3/18/20,green
MA,TR,3/19/20,green
MA,TR,3/20/20,green
MA,TR,3/21/20,green
MA,TR,3/22/20,green
MA,TR,3/23/20,red
MA,TR,3/24/20,red
MA,TR,3/25/20,red
MA,TR,3/26/20,red
MA,TR,3/27/20,red
MA,TR,3/28/20,red
MA,TR,3/29/20,red
MA,TR,3/30/20,red
MA,TR,3/31/20,red
MA,TR,4/1/20,red
MA,TR,4/2/20,red
MA,TR,4/3/20,red
MA,TR,4/4/20,red
MA,TR,4/5/20,red
MA,TR,4/6/20,red
MA,TR,4/7/20,red
MA,TR,4/8/20,red
MA,TR,4/9/20,red
MA,TR,4/10/20,red
MA,TR,4/11/20,red
MA,TR,4/12/20,red
MA,TR,4/13/20,red
MA,TR,4/14/20,red
MA,TR,4/15/20,red
MA,TR,4/16/20,red
MA,TR,4/17/20,red
MA,TR,4/18/20,red
MA,TR,4/19/20,red
MA,TR,4/20/20,red
MA,TR,4/21/20,red
MA,TR,4/22/20,red
MA,TR,4/23/20,red
MA,TR,4/24/20,red
MA,TR,4/25/20,red
MA,TR,4/26/20,red
MA,TR,4/27/20,red
MA,TR,4/28/20,red
MA,TR,4/29/20,red
MA,TR,4/30/20,red
MA,TR,5/1/20,red
MA,TR,5/2/20,red
MA,TR,5/3/20,red
MA,TR,5/4/20,red
MA,TR,5/5/20,red
MA,TR,5/6/20,red
MA,TR,5/7/20,red
MA,TR,5/8/20,red
MA,TR,5/9/20,red
MA,TR,5/10/20,red
MA,TR,5/11/20,red
MA,TR,5/12/20,red
MA,TR,5/13/20,red
MA,TR,5/14/20,red
MA,TR,5/15/20,red
MA,TR,5/16/20,red
MA,TR,5/17/20,red
MA,TR,5/18/20,red
MA,TR,5/19/20,red
MA,TR,5/20/20,red
MA,TR,5/21/20,red
MA,TR,5/22/20,red
MA,TR,5/23/20,red
MA,TR,5/24/20,red
MA,TR,5/25/20,red
MA,TR,5/26/20,red
MA,TR,5/27/20,red
MA,TR,5/28/20,red
MA,TR,5/29/20,red
MA,TR,5/30/20,red
MA,TR,5/31/20,red
MA,TR,6/1/20,red
SN,TR,3/8/20,green
SN,TR,3/9/20,green
SN,TR,3/10/20,green
SN,TR,3/11/20,green
SN,TR,3/12/20,green
SN,TR,3/13/20,green
SN,TR,3/14/20,green
SN,TR,3/15/20,green
SN,TR,3/16/20,green
SN,TR,3/17/20,green
SN,TR,3/18/20,green
SN,TR,3/19/20,green
SN,TR,3/20/20,green
SN,TR,3/21/20,green
SN,TR,3/22/20,green
SN,TR,3/23/20,yellow
SN,TR,3/24/20,yellow
SN,TR,3/25/20,yellow
SN,TR,3/26/20,yellow
SN,TR,3/27/20,yellow
SN,TR,3/28/20,yellow
SN,TR,3/29/20,yellow
SN,TR,3/30/20,yellow
SN,TR,3/31/20,yellow
SN,TR,4/1/20,yellow
SN,TR,4/2/20,yellow
SN,TR,4/3/20,yellow
SN,TR,4/4/20,yellow
SN,TR,4/5/20,yellow
SN,TR,4/6/20,yellow
SN,TR,4/7/20,yellow
SN,TR,4/8/20,yellow
SN,TR,4/9/20,yellow
SN,TR,4/10/20,yellow
SN,TR,4/11/20,yellow
SN,TR,4/12/20,yellow
SN,TR,4/13/20,yellow
SN,TR,4/14/20,yellow
SN,TR,4/15/20,yellow
SN,TR,4/16/20,yellow
SN,TR,4/17/20,yellow
SN,TR,4/18/20,yellow
SN,TR,4/19/20,yellow
SN,TR,4/20/20,yellow
SN,TR,4/21/20,yellow
SN,TR,4/22/20,yellow
SN,TR,4/23/20,yellow
SN,TR,4/24/20,yellow
SN,TR,4/25/20,yellow
SN,TR,4/26/20,yellow
SN,TR,4/27/20,yellow
SN,TR,4/28/20,yellow
SN,TR,4/29/20,yellow
SN,TR,4/30/20,yellow
SN,TR,5/1/20,yellow
SN,TR,5/2/20,yellow
SN,TR,5/3/20,yellow
SN,TR,5/4/20,yellow
SN,TR,5/5/20,yellow
SN,TR,5/6/20,yellow
SN,TR,5/7/20,yellow
SN,TR,5/8/20,yellow
SN,TR,5/9/20,yellow
SN,TR,5/10/20,yellow
SN,TR,5/11/20,yellow
SN,TR,5/12/20,yellow
SN,TR,5/13/20,yellow
SN,TR,5/14/20,yellow
SN,TR,5/15/20,yellow
SN,TR,5/16/20,yellow
SN,TR,5/17/20,yellow
SN,TR,5/18/20,yellow
SN,TR,5/19/20,yellow
SN,TR,5/20/20,yellow
SN,TR,5/21/20,yellow
SN,TR,5/22/20,yellow
SN,TR,5/23/20,yellow
SN,TR,5/24/20,yellow
SN,TR,5/25/20,yellow
SN,TR,5/26/20,yellow
SN,TR,5/27/20,yellow
SN,TR,5/28/20,yellow
SN,TR,5/29/20,yellow
SN,TR,5/30/20,yellow
SN,TR,5/31/20,yellow
SN,TR,6/1/20,yellow
CI,US,3/8/20,green
CI,US,3/9/20,green
CI,US,3/10/20,green
CI,US,3/11/20,green
CI,US,3/12/20,green
CI,US,3/13/20,green
CI,US,3/14/20,green
CI,US,3/15/20,green
CI,US,3/16/20,green
CI,US,3/17/20,green
CI,US,3/18/20,green
CI,US,3/19/20,green
CI,US,3/20/20,green
CI,US,3/21/20,green
CI,US,3/22/20,green
CI,US,3/23/20,green
CI,US,3/24/20,green
CI,US,3/25/20,green
CI,US,3/26/20,green
CI,US,3/27/20,green
CI,US,3/28/20,green
CI,US,3/29/20,green
CI,US,3/30/20,green
CI,US,3/31/20,green
CI,US,4/1/20,green
CI,US,4/2/20,green
CI,US,4/3/20,green
CI,US,4/4/20,green
CI,US,4/5/20,green
CI,US,4/6/20,green
CI,US,4/7/20,green
CI,US,4/8/20,green
CI,US,4/9/20,green
CI,US,4/10/20,green
CI,US,4/11/20,green
CI,US,4/12/20,green
CI,US,4/13/20,green
CI,US,4/14/20,green
CI,US,4/15/20,green
CI,US,4/16/20,green
CI,US,4/17/20,green
CI,US,4/18/20,green
CI,US,4/19/20,green
CI,US,4/20/20,green
CI,US,4/21/20,green
CI,US,4/22/20,green
CI,US,4/23/20,green
CI,US,4/24/20,green
CI,US,4/25/20,green
CI,US,4/26/20,green
CI,US,4/27/20,green
CI,US,4/28/20,green
CI,US,4/29/20,green
CI,US,4/30/20,green
CI,US,5/1/20,green
CI,US,5/2/20,green
CI,US,5/3/20,green
CI,US,5/4/20,green
CI,US,5/5/20,green
CI,US,5/6/20,green
CI,US,5/7/20,green
CI,US,5/8/20,green
CI,US,5/9/20,green
CI,US,5/10/20,green
CI,US,5/11/20,green
CI,US,5/12/20,green
CI,US,5/13/20,green
CI,US,5/14/20,green
CI,US,5/15/20,green
CI,US,5/16/20,green
CI,US,5/17/20,green
CI,US,5/18/20,green
CI,US,5/19/20,green
CI,US,5/20/20,green
CI,US,5/21/20,green
CI,US,5/22/20,green
CI,US,5/23/20,green
CI,US,5/24/20,green
CI,US,5/25/20,green
CI,US,5/26/20,green
CI,US,5/27/20,green
CI,US,5/28/20,green
CI,US,5/29/20,green
CI,US,5/30/20,green
CI,US,5/31/20,green
CI,US,6/1/20,green
DZ,US,3/8/20,green
DZ,US,3/9/20,green
DZ,US,3/10/20,green
DZ,US,3/11/20,green
DZ,US,3/12/20,green
DZ,US,3/13/20,green
DZ,US,3/14/20,green
DZ,US,3/15/20,green
DZ,US,3/16/20,green
DZ,US,3/17/20,green
DZ,US,3/18/20,green
DZ,US,3/19/20,green
DZ,US,3/20/20,green
DZ,US,3/21/20,green
DZ,US,3/22/20,green
DZ,US,3/23/20,green
DZ,US,3/24/20,green
DZ,US,3/25/20,green
DZ,US,3/26/20,green
DZ,US,3/27/20,green
DZ,US,3/28/20,green
DZ,US,3/29/20,green
DZ,US,3/30/20,green
DZ,US,3/31/20,green
DZ,US,4/1/20,green
DZ,US,4/2/20,green
DZ,US,4/3/20,green
DZ,US,4/4/20,green
DZ,US,4/5/20,green
DZ,US,4/6/20,green
DZ,US,4/7/20,green
DZ,US,4/8/20,green
DZ,US,4/9/20,green
DZ,US,4/10/20,green
DZ,US,4/11/20,green
DZ,US,4/12/20,green
DZ,US,4/13/20,green
DZ,US,4/14/20,green
DZ,US,4/15/20,green
DZ,US,4/16/20,green
DZ,US,4/17/20,green
DZ,US,4/18/20,green
DZ,US,4/19/20,green
DZ,US,4/20/20,green
DZ,US,4/21/20,green
DZ,US,4/22/20,green
DZ,US,4/23/20,green
DZ,US,4/24/20,green
DZ,US,4/25/20,green
DZ,US,4/26/20,green
DZ,US,4/27/20,green
DZ,US,4/28/20,green
DZ,US,4/29/20,green
DZ,US,4/30/20,green
DZ,US,5/1/20,green
DZ,US,5/2/20,green
DZ,US,5/3/20,green
DZ,US,5/4/20,green
DZ,US,5/5/20,green
DZ,US,5/6/20,green
DZ,US,5/7/20,green
DZ,US,5/8/20,green
DZ,US,5/9/20,green
DZ,US,5/10/20,green
DZ,US,5/11/20,green
DZ,US,5/12/20,green
DZ,US,5/13/20,green
DZ,US,5/14/20,green
DZ,US,5/15/20,green
DZ,US,5/16/20,green
DZ,US,5/17/20,green
DZ,US,5/18/20,green
DZ,US,5/19/20,green
DZ,US,5/20/20,green
DZ,US,5/21/20,green
DZ,US,5/22/20,green
DZ,US,5/23/20,green
DZ,US,5/24/20,green
DZ,US,5/25/20,green
DZ,US,5/26/20,green
DZ,US,5/27/20,green
DZ,US,5/28/20,green
DZ,US,5/29/20,green
DZ,US,5/30/20,green
DZ,US,5/31/20,green
DZ,US,6/1/20,green
MA,US,3/8/20,green
MA,US,3/9/20,green
MA,US,3/10/20,green
MA,US,3/11/20,green
MA,US,3/12/20,green
MA,US,3/13/20,green
MA,US,3/14/20,green
MA,US,3/15/20,green
MA,US,3/16/20,green
MA,US,3/17/20,green
MA,US,3/18/20,green
MA,US,3/19/20,green
MA,US,3/20/20,green
MA,US,3/21/20,green
MA,US,3/22/20,green
MA,US,3/23/20,green
MA,US,3/24/20,green
MA,US,3/25/20,green
MA,US,3/26/20,green
MA,US,3/27/20,green
MA,US,3/28/20,green
MA,US,3/29/20,green
MA,US,3/30/20,green
MA,US,3/31/20,green
MA,US,4/1/20,green
MA,US,4/2/20,green
MA,US,4/3/20,green
MA,US,4/4/20,green
MA,US,4/5/20,green
MA,US,4/6/20,green
MA,US,4/7/20,green
MA,US,4/8/20,green
MA,US,4/9/20,green
MA,US,4/10/20,green
MA,US,4/11/20,green
MA,US,4/12/20,green
MA,US,4/13/20,green
MA,US,4/14/20,green
MA,US,4/15/20,green
MA,US,4/16/20,green
MA,US,4/17/20,green
MA,US,4/18/20,green
MA,US,4/19/20,green
MA,US,4/20/20,green
MA,US,4/21/20,green
MA,US,4/22/20,green
MA,US,4/23/20,green
MA,US,4/24/20,green
MA,US,4/25/20,green
MA,US,4/26/20,green
MA,US,4/27/20,green
MA,US,4/28/20,green
MA,US,4/29/20,green
MA,US,4/30/20,green
MA,US,5/1/20,green
MA,US,5/2/20,green
MA,US,5/3/20,green
MA,US,5/4/20,green
MA,US,5/5/20,green
MA,US,5/6/20,green
MA,US,5/7/20,green
MA,US,5/8/20,green
MA,US,5/9/20,green
MA,US,5/10/20,green
MA,US,5/11/20,green
MA,US,5/12/20,green
MA,US,5/13/20,green
MA,US,5/14/20,green
MA,US,5/15/20,green
MA,US,5/16/20,green
MA,US,5/17/20,green
MA,US,5/18/20,green
MA,US,5/19/20,green
MA,US,5/20/20,green
MA,US,5/21/20,green
MA,US,5/22/20,green
MA,US,5/23/20,green
MA,US,5/24/20,green
MA,US,5/25/20,green
MA,US,5/26/20,green
MA,US,5/27/20,green
MA,US,5/28/20,green
MA,US,5/29/20,green
MA,US,5/30/20,green
MA,US,5/31/20,green
MA,US,6/1/20,green
SN,US,3/8/20,green
SN,US,3/9/20,green
SN,US,3/10/20,green
SN,US,3/11/20,green
SN,US,3/12/20,green
SN,US,3/13/20,green
SN,US,3/14/20,green
SN,US,3/15/20,green
SN,US,3/16/20,green
SN,US,3/17/20,green
SN,US,3/18/20,green
SN,US,3/19/20,green
SN,US,3/20/20,green
SN,US,3/21/20,green
SN,US,3/22/20,green
SN,US,3/23/20,green
SN,US,3/24/20,green
SN,US,3/25/20,green
SN,US,3/26/20,green
SN,US,3/27/20,green
SN,US,3/28/20,green
SN,US,3/29/20,green
SN,US,3/30/20,green
SN,US,3/31/20,green
SN,US,4/1/20,green
SN,US,4/2/20,green
SN,US,4/3/20,green
SN,US,4/4/20,green
SN,US,4/5/20,green
SN,US,4/6/20,green
SN,US,4/7/20,green
SN,US,4/8/20,green
SN,US,4/9/20,green
SN,US,4/10/20,green
SN,US,4/11/20,green
SN,US,4/12/20,green
SN,US,4/13/20,green
SN,US,4/14/20,green
SN,US,4/15/20,green
SN,US,4/16/20,green
SN,US,4/17/20,green
SN,US,4/18/20,green
SN,US,4/19/20,green
SN,US,4/20/20,green
SN,US,4/21/20,green
SN,US,4/22/20,green
SN,US,4/23/20,green
SN,US,4/24/20,green
SN,US,4/25/20,green
SN,US,4/26/20,green
SN,US,4/27/20,green
SN,US,4/28/20,green
SN,US,4/29/20,green
SN,US,4/30/20,green
SN,US,5/1/20,green
SN,US,5/2/20,green
SN,US,5/3/20,green
SN,US,5/4/20,green
SN,US,5/5/20,green
SN,US,5/6/20,green
SN,US,5/7/20,green
SN,US,5/8/20,green
SN,US,5/9/20,green
SN,US,5/10/20,green
SN,US,5/11/20,green
SN,US,5/12/20,green
SN,US,5/13/20,green
SN,US,5/14/20,green
SN,US,5/15/20,green
SN,US,5/16/20,green
SN,US,5/17/20,green
SN,US,5/18/20,green
SN,US,5/19/20,green
SN,US,5/20/20,green
SN,US,5/21/20,green
SN,US,5/22/20,green
SN,US,5/23/20,green
SN,US,5/24/20,green
SN,US,5/25/20,green
SN,US,5/26/20,green
SN,US,5/27/20,green
SN,US,5/28/20,green
SN,US,5/29/20,green
SN,US,5/30/20,green
SN,US,5/31/20,green
SN,US,6/1/20,green